ce_id,canonical_literal,level,variant_kind,image_url,glyph_name,match_basis,revision,sha256,local_svg_name,confirm
CE-000044,閼,1級,親字,https://www.kanjipedia.jp/common/images/kanji/180/std_95BC.png,u95bc-ue0100,ivs_exact,6,e914952ed56d9f340a8b6644c5f08641e48650cbfcc90169409546f440a3cc7a,u95bc-ue0100.svg,
CE-000044,閼,1級,親字,https://www.kanjipedia.jp/common/images/kanji/180/std_95BC.png,u95bc-ue0101,ivs_exact,4,98daf40b413628b7ee0508c95144e596a800d7f68e10b46bb793a517bb488e4a,u95bc-ue0101.svg,
CE-000044,閼,1級,親字,https://www.kanjipedia.jp/common/images/kanji/180/std_95BC.png,u95bc-ue0102,ivs_exact,4,e914952ed56d9f340a8b6644c5f08641e48650cbfcc90169409546f440a3cc7a,u95bc-ue0102.svg,
CE-000044,閼,1級,親字,https://www.kanjipedia.jp/common/images/kanji/180/std_95BC.png,u95bc-ue0103,ivs_exact,4,98daf40b413628b7ee0508c95144e596a800d7f68e10b46bb793a517bb488e4a,u95bc-ue0103.svg,
CE-000044,閼,1級,親字,https://www.kanjipedia.jp/common/images/kanji/180/std_95BC.png,u95bc-k,collection_id_exact,4,98daf40b413628b7ee0508c95144e596a800d7f68e10b46bb793a517bb488e4a,u95bc-k.svg,
CE-000044,閼,1級,親字,https://www.kanjipedia.jp/common/images/kanji/180/std_95BC.png,u95bc,unicode_exact,6,e914952ed56d9f340a8b6644c5f08641e48650cbfcc90169409546f440a3cc7a,u95bc.svg,
CE-000047,扱,1/準1級,旧字,https://www.kanjipedia.jp/common/images/kanji/60/pr_6271.png,u6271-ue0100,ivs_exact,9,2169c0dc180621f768be633b640ed23860076572f43ac4b283a1f07cdf8ef55b,u6271-ue0100.svg,
CE-000047,扱,1/準1級,旧字,https://www.kanjipedia.jp/common/images/kanji/60/pr_6271.png,u6271-ue0101,ivs_exact,5,a1ad01621229ddc5810ecd06ef58d3219890dcf0e70a49f0f1029bd10b2e56f3,u6271-ue0101.svg,
CE-000047,扱,1/準1級,旧字,https://www.kanjipedia.jp/common/images/kanji/60/pr_6271.png,u6271-ue0102,ivs_exact,4,2169c0dc180621f768be633b640ed23860076572f43ac4b283a1f07cdf8ef55b,u6271-ue0102.svg,
CE-000047,扱,1/準1級,旧字,https://www.kanjipedia.jp/common/images/kanji/60/pr_6271.png,u6271-ue0103,ivs_exact,2,a1ad01621229ddc5810ecd06ef58d3219890dcf0e70a49f0f1029bd10b2e56f3,u6271-ue0103.svg,
CE-000047,扱,1/準1級,旧字,https://www.kanjipedia.jp/common/images/kanji/60/pr_6271.png,u6271-k,collection_id_exact,7,a1ad01621229ddc5810ecd06ef58d3219890dcf0e70a49f0f1029bd10b2e56f3,u6271-k.svg,
CE-000047,扱,1/準1級,旧字,https://www.kanjipedia.jp/common/images/kanji/60/pr_6271.png,u6271-t,collection_id_exact,2,5f769d0c935d4c5d0734c95d341967552674edc88fa7b5f8417bb1f526bd4955,u6271-t.svg,
CE-000047,扱,1/準1級,旧字,https://www.kanjipedia.jp/common/images/kanji/60/pr_6271.png,u6271-j,collection_id_exact,3,2169c0dc180621f768be633b640ed23860076572f43ac4b283a1f07cdf8ef55b,u6271-j.svg,
CE-000047,扱,1/準1級,旧字,https://www.kanjipedia.jp/common/images/kanji/60/pr_6271.png,u6271,unicode_exact,9,2169c0dc180621f768be633b640ed23860076572f43ac4b283a1f07cdf8ef55b,u6271.svg,
CE-000096,異,1/準1級,旧字,https://www.kanjipedia.jp/common/images/kanji/60/skj_8001.png,u7570-ue0100,ivs_exact,6,ea664a4fac17d6cb3b654bc17c207579e28d905b9d14dc3c180ed85ed9c22f4c,u7570-ue0100.svg,
CE-000096,異,1/準1級,旧字,https://www.kanjipedia.jp/common/images/kanji/60/skj_8001.png,u7570-ue0101,ivs_exact,7,ea664a4fac17d6cb3b654bc17c207579e28d905b9d14dc3c180ed85ed9c22f4c,u7570-ue0101.svg,
CE-000096,異,1/準1級,旧字,https://www.kanjipedia.jp/common/images/kanji/60/skj_8001.png,u7570-ue0102,ivs_exact,6,a5ca627dbca1ec7dd1b5f071ca8a49bec459a4b26ee3dbac3558b509a95f28c3,u7570-ue0102.svg,
CE-000096,異,1/準1級,旧字,https://www.kanjipedia.jp/common/images/kanji/60/skj_8001.png,u7570-ue0103,ivs_exact,3,9e2d9899b203aa7466a0f0dd62ba17c15ebeb97193b178d959a5c2e68be0f085,u7570-ue0103.svg,
CE-000096,異,1/準1級,旧字,https://www.kanjipedia.jp/common/images/kanji/60/skj_8001.png,u7570-k,collection_id_exact,6,ea664a4fac17d6cb3b654bc17c207579e28d905b9d14dc3c180ed85ed9c22f4c,u7570-k.svg,
CE-000096,異,1/準1級,旧字,https://www.kanjipedia.jp/common/images/kanji/60/skj_8001.png,u7570-t,collection_id_exact,3,ea664a4fac17d6cb3b654bc17c207579e28d905b9d14dc3c180ed85ed9c22f4c,u7570-t.svg,
CE-000096,異,1/準1級,旧字,https://www.kanjipedia.jp/common/images/kanji/60/skj_8001.png,u7570-j,collection_id_exact,3,ea664a4fac17d6cb3b654bc17c207579e28d905b9d14dc3c180ed85ed9c22f4c,u7570-j.svg,
CE-000096,異,1/準1級,旧字,https://www.kanjipedia.jp/common/images/kanji/60/skj_8001.png,u7570,unicode_exact,7,ea664a4fac17d6cb3b654bc17c207579e28d905b9d14dc3c180ed85ed9c22f4c,u7570.svg,
CE-000101,偉,1/準1級,旧字,https://www.kanjipedia.jp/common/images/kanji/60/skj_8002.png,u5049-ue0100,ivs_exact,12,4fd4ec99634ea4cca446cfcbbd7ded047a6d88ebb06240fd1e0937005810bb29,u5049-ue0100.svg,
CE-000101,偉,1/準1級,旧字,https://www.kanjipedia.jp/common/images/kanji/60/skj_8002.png,u5049-ue0101,ivs_exact,9,590bbc5c32909c868d0ec9b0e46124feb0178c673b04a8f838957332a0444bc1,u5049-ue0101.svg,
CE-000101,偉,1/準1級,旧字,https://www.kanjipedia.jp/common/images/kanji/60/skj_8002.png,u5049-ue0102,ivs_exact,8,4fd4ec99634ea4cca446cfcbbd7ded047a6d88ebb06240fd1e0937005810bb29,u5049-ue0102.svg,
CE-000101,偉,1/準1級,旧字,https://www.kanjipedia.jp/common/images/kanji/60/skj_8002.png,u5049-ue0103,ivs_exact,7,b3c292f65920e3139f3cd1bbe92f599498561f89c61826409534963edebb755c,u5049-ue0103.svg,
CE-000101,偉,1/準1級,旧字,https://www.kanjipedia.jp/common/images/kanji/60/skj_8002.png,u5049-k,collection_id_exact,5,025996eb7302d24e9110d1a0de44cbd9e2d269002de8401e9a1b5c98ed1b01b1,u5049-k.svg,
CE-000101,偉,1/準1級,旧字,https://www.kanjipedia.jp/common/images/kanji/60/skj_8002.png,u5049-t,collection_id_exact,4,3ae08f2c048c037a21d0969444fffbb10fb7383771d339ee0a25a5b94f00e10c,u5049-t.svg,
CE-000101,偉,1/準1級,旧字,https://www.kanjipedia.jp/common/images/kanji/60/skj_8002.png,u5049-j,collection_id_exact,3,025996eb7302d24e9110d1a0de44cbd9e2d269002de8401e9a1b5c98ed1b01b1,u5049-j.svg,
CE-000101,偉,1/準1級,旧字,https://www.kanjipedia.jp/common/images/kanji/60/skj_8002.png,u5049,unicode_exact,13,4fd4ec99634ea4cca446cfcbbd7ded047a6d88ebb06240fd1e0937005810bb29,u5049.svg,
CE-000114,違,1/準1級,旧字,https://www.kanjipedia.jp/common/images/kanji/60/pr_9055.png,u9055-ue0100,ivs_exact,24,213f7ebc2318915bf54db908056b0853423c6618bf140312e92fc6f6448113e6,u9055-ue0100.svg,
CE-000114,違,1/準1級,旧字,https://www.kanjipedia.jp/common/images/kanji/60/pr_9055.png,u9055-ue0101,ivs_exact,13,7a899f69ad710eb410906d903d1c418b4feffb53c3d81c8707fe7b330dda8360,u9055-ue0101.svg,
CE-000114,違,1/準1級,旧字,https://www.kanjipedia.jp/common/images/kanji/60/pr_9055.png,u9055-ue0102,ivs_exact,11,a018f560b577187d3a872927a6147da4c9b0cd046dfd6c5d474ed9db3dc4526c,u9055-ue0102.svg,
CE-000114,違,1/準1級,旧字,https://www.kanjipedia.jp/common/images/kanji/60/pr_9055.png,u9055-ue0103,ivs_exact,9,26c0950e2d63bbcc7680024a29acae0917c2044833cc98319c2d0e407bd99f02,u9055-ue0103.svg,
CE-000114,違,1/準1級,旧字,https://www.kanjipedia.jp/common/images/kanji/60/pr_9055.png,u9055-k,collection_id_exact,13,f47290830f775c319c64002e97430b38bff01778e0d1372ed37bffad186f638e,u9055-k.svg,
CE-000114,違,1/準1級,旧字,https://www.kanjipedia.jp/common/images/kanji/60/pr_9055.png,u9055-t,collection_id_exact,4,9ed6143867b29c51de812bb943b35e4b6bb807a69e28401ab1d5bca40c560541,u9055-t.svg,
CE-000114,違,1/準1級,旧字,https://www.kanjipedia.jp/common/images/kanji/60/pr_9055.png,u9055-j,collection_id_exact,7,213f7ebc2318915bf54db908056b0853423c6618bf140312e92fc6f6448113e6,u9055-j.svg,
CE-000114,違,1/準1級,旧字,https://www.kanjipedia.jp/common/images/kanji/60/pr_9055.png,u9055,unicode_exact,26,213f7ebc2318915bf54db908056b0853423c6618bf140312e92fc6f6448113e6,u9055.svg,
CE-000122,遺,1/準1級,旧字,https://www.kanjipedia.jp/common/images/kanji/60/pr_907A.png,u907a-ue0100,ivs_exact,16,416f383375b3bc8bac1a45d9d65af739e125380c50aea517924aad69455eea94,u907a-ue0100.svg,
CE-000122,遺,1/準1級,旧字,https://www.kanjipedia.jp/common/images/kanji/60/pr_907A.png,u907a-ue0101,ivs_exact,17,c295c4b27418b4fb49b0428f5088270e07afc5a4e204e5764bce089f7b34883d,u907a-ue0101.svg,
CE-000122,遺,1/準1級,旧字,https://www.kanjipedia.jp/common/images/kanji/60/pr_907A.png,u907a-ue0102,ivs_exact,13,416f383375b3bc8bac1a45d9d65af739e125380c50aea517924aad69455eea94,u907a-ue0102.svg,
CE-000122,遺,1/準1級,旧字,https://www.kanjipedia.jp/common/images/kanji/60/pr_907A.png,u907a-ue0103,ivs_exact,13,c295c4b27418b4fb49b0428f5088270e07afc5a4e204e5764bce089f7b34883d,u907a-ue0103.svg,
CE-000122,遺,1/準1級,旧字,https://www.kanjipedia.jp/common/images/kanji/60/pr_907A.png,u907a-k,collection_id_exact,17,c295c4b27418b4fb49b0428f5088270e07afc5a4e204e5764bce089f7b34883d,u907a-k.svg,
CE-000122,遺,1/準1級,旧字,https://www.kanjipedia.jp/common/images/kanji/60/pr_907A.png,u907a-t,collection_id_exact,6,e9449326378c8e793b7e3a8f1896739eaf6d05a166707349156bc566641a242a,u907a-t.svg,
CE-000122,遺,1/準1級,旧字,https://www.kanjipedia.jp/common/images/kanji/60/pr_907A.png,u907a-j,collection_id_exact,5,416f383375b3bc8bac1a45d9d65af739e125380c50aea517924aad69455eea94,u907a-j.svg,
CE-000122,遺,1/準1級,旧字,https://www.kanjipedia.jp/common/images/kanji/60/pr_907A.png,u907a,unicode_exact,16,416f383375b3bc8bac1a45d9d65af739e125380c50aea517924aad69455eea94,u907a.svg,
CE-000126,緯,1/準1級,旧字,https://www.kanjipedia.jp/common/images/kanji/60/skj_8004.png,u7def-ue0100,ivs_exact,14,41e7a03f3220e33c650bb489e1f1643276450a0da2b3ca864542035664e98ddf,u7def-ue0100.svg,
CE-000126,緯,1/準1級,旧字,https://www.kanjipedia.jp/common/images/kanji/60/skj_8004.png,u7def-ue0101,ivs_exact,12,7494459521802e2c01083afde0433facc0428d6b250e502b036f4be51c245562,u7def-ue0101.svg,
CE-000126,緯,1/準1級,旧字,https://www.kanjipedia.jp/common/images/kanji/60/skj_8004.png,u7def-ue0102,ivs_exact,7,41e7a03f3220e33c650bb489e1f1643276450a0da2b3ca864542035664e98ddf,u7def-ue0102.svg,
CE-000126,緯,1/準1級,旧字,https://www.kanjipedia.jp/common/images/kanji/60/skj_8004.png,u7def-ue0103,ivs_exact,11,b013c2c3421de2ed0ba52e4fc19ee5e609886f4350baada759954af064b02a9d,u7def-ue0103.svg,
CE-000126,緯,1/準1級,旧字,https://www.kanjipedia.jp/common/images/kanji/60/skj_8004.png,u7def-k,collection_id_exact,9,41e7a03f3220e33c650bb489e1f1643276450a0da2b3ca864542035664e98ddf,u7def-k.svg,
CE-000126,緯,1/準1級,旧字,https://www.kanjipedia.jp/common/images/kanji/60/skj_8004.png,u7def-t,collection_id_exact,2,4fb1397547b55bf5798e8b738a52a40c4c50b18126c7abef282e0019ed6b7ac6,u7def-t.svg,
CE-000126,緯,1/準1級,旧字,https://www.kanjipedia.jp/common/images/kanji/60/skj_8004.png,u7def-j,collection_id_exact,2,41e7a03f3220e33c650bb489e1f1643276450a0da2b3ca864542035664e98ddf,u7def-j.svg,
CE-000126,緯,1/準1級,旧字,https://www.kanjipedia.jp/common/images/kanji/60/skj_8004.png,u7def,unicode_exact,16,41e7a03f3220e33c650bb489e1f1643276450a0da2b3ca864542035664e98ddf,u7def.svg,
CE-000139,育,1/準1級,旧字,https://www.kanjipedia.jp/common/images/kanji/60/skj_8005.png,u80b2-ue0100,ivs_exact,3,8024ef8521f5cf9469f564794b031a356e39a26303484610c019eb34b86e5753,u80b2-ue0100.svg,
CE-000139,育,1/準1級,旧字,https://www.kanjipedia.jp/common/images/kanji/60/skj_8005.png,u80b2-ue0101,ivs_exact,2,8024ef8521f5cf9469f564794b031a356e39a26303484610c019eb34b86e5753,u80b2-ue0101.svg,
CE-000139,育,1/準1級,旧字,https://www.kanjipedia.jp/common/images/kanji/60/skj_8005.png,u80b2-ue0102,ivs_exact,3,f38e63781d6c3f3165ef226948d4874ed8dac84cd2120c7fcd4f872d0628ca31,u80b2-ue0102.svg,
CE-000139,育,1/準1級,旧字,https://www.kanjipedia.jp/common/images/kanji/60/skj_8005.png,u80b2-k,collection_id_exact,3,8024ef8521f5cf9469f564794b031a356e39a26303484610c019eb34b86e5753,u80b2-k.svg,
CE-000139,育,1/準1級,旧字,https://www.kanjipedia.jp/common/images/kanji/60/skj_8005.png,u80b2-t,collection_id_exact,7,b2feb732a76518557e21c5b20f6f9fdac49fd4b567bb337c7153c915aa68a0f7,u80b2-t.svg,
CE-000139,育,1/準1級,旧字,https://www.kanjipedia.jp/common/images/kanji/60/skj_8005.png,u80b2-j,collection_id_exact,2,8024ef8521f5cf9469f564794b031a356e39a26303484610c019eb34b86e5753,u80b2-j.svg,
CE-000139,育,1/準1級,旧字,https://www.kanjipedia.jp/common/images/kanji/60/skj_8005.png,u80b2,unicode_exact,3,8024ef8521f5cf9469f564794b031a356e39a26303484610c019eb34b86e5753,u80b2.svg,
CE-000157,鴪,1級,親字,https://www.kanjipedia.jp/common/images/kanji/180/std_9D2A.png,u9d2a-ue0100,ivs_exact,15,3bb153cc0cbb5965b83c53ce9381fe35fda41f3a090be30a502d98adc9356d36,u9d2a-ue0100.svg,
CE-000157,鴪,1級,親字,https://www.kanjipedia.jp/common/images/kanji/180/std_9D2A.png,u9d2a-ue0101,ivs_exact,8,3bb153cc0cbb5965b83c53ce9381fe35fda41f3a090be30a502d98adc9356d36,u9d2a-ue0101.svg,
CE-000157,鴪,1級,親字,https://www.kanjipedia.jp/common/images/kanji/180/std_9D2A.png,u9d2a-ue0102,ivs_exact,2,ca8a76651df8a490456dc334baff407aa37ef396e31ffe2cc0cf3f7badb683ee,u9d2a-ue0102.svg,
CE-000157,鴪,1級,親字,https://www.kanjipedia.jp/common/images/kanji/180/std_9D2A.png,u9d2a,unicode_exact,18,3bb153cc0cbb5965b83c53ce9381fe35fda41f3a090be30a502d98adc9356d36,u9d2a.svg,
CE-000186,堙,1級,親字,https://www.kanjipedia.jp/common/images/kanji/180/std_5819.png,u5819-ue0100,ivs_exact,12,c88d09bb5fc5f7f1092847d46d13596d74c7605c2284bb0a1bc80088f47f3694,u5819-ue0100.svg,
CE-000186,堙,1級,親字,https://www.kanjipedia.jp/common/images/kanji/180/std_5819.png,u5819-ue0101,ivs_exact,11,3783d270064d0af96c1919a80e755a230a0c0ef322e8f958a572ce9a173c46b3,u5819-ue0101.svg,
CE-000186,堙,1級,親字,https://www.kanjipedia.jp/common/images/kanji/180/std_5819.png,u5819-ue0102,ivs_exact,7,c88d09bb5fc5f7f1092847d46d13596d74c7605c2284bb0a1bc80088f47f3694,u5819-ue0102.svg,
CE-000186,堙,1級,親字,https://www.kanjipedia.jp/common/images/kanji/180/std_5819.png,u5819-ue0103,ivs_exact,7,3783d270064d0af96c1919a80e755a230a0c0ef322e8f958a572ce9a173c46b3,u5819-ue0103.svg,
CE-000186,堙,1級,親字,https://www.kanjipedia.jp/common/images/kanji/180/std_5819.png,u5819,unicode_exact,12,c88d09bb5fc5f7f1092847d46d13596d74c7605c2284bb0a1bc80088f47f3694,u5819.svg,
CE-000188,湮,1級,親字,https://www.kanjipedia.jp/common/images/kanji/180/std_6E6E.png,u6e6e-ue0100,ivs_exact,19,f462358cbe4332d686b0f859e7e6d44fd86c34e7c2dc0909fdbd77357aa1a301,u6e6e-ue0100.svg,
CE-000188,湮,1級,親字,https://www.kanjipedia.jp/common/images/kanji/180/std_6E6E.png,u6e6e-ue0101,ivs_exact,13,b787327c5ebbe7a661bfefc4dd3b0ab4deba2e8fc3ffb5b552f1e46d2c320bf6,u6e6e-ue0101.svg,
CE-000188,湮,1級,親字,https://www.kanjipedia.jp/common/images/kanji/180/std_6E6E.png,u6e6e-ue0102,ivs_exact,15,f462358cbe4332d686b0f859e7e6d44fd86c34e7c2dc0909fdbd77357aa1a301,u6e6e-ue0102.svg,
CE-000188,湮,1級,親字,https://www.kanjipedia.jp/common/images/kanji/180/std_6E6E.png,u6e6e-ue0103,ivs_exact,13,b787327c5ebbe7a661bfefc4dd3b0ab4deba2e8fc3ffb5b552f1e46d2c320bf6,u6e6e-ue0103.svg,
CE-000188,湮,1級,親字,https://www.kanjipedia.jp/common/images/kanji/180/std_6E6E.png,u6e6e-k,collection_id_exact,12,b787327c5ebbe7a661bfefc4dd3b0ab4deba2e8fc3ffb5b552f1e46d2c320bf6,u6e6e-k.svg,
CE-000188,湮,1級,親字,https://www.kanjipedia.jp/common/images/kanji/180/std_6E6E.png,u6e6e-t,collection_id_exact,3,2fba6375f517605e3789a569574b24be99cd736549ed18a3a460b72a6ef28bb1,u6e6e-t.svg,
CE-000188,湮,1級,親字,https://www.kanjipedia.jp/common/images/kanji/180/std_6E6E.png,u6e6e-j,collection_id_exact,7,f462358cbe4332d686b0f859e7e6d44fd86c34e7c2dc0909fdbd77357aa1a301,u6e6e-j.svg,
CE-000188,湮,1級,親字,https://www.kanjipedia.jp/common/images/kanji/180/std_6E6E.png,u6e6e,unicode_exact,20,f462358cbe4332d686b0f859e7e6d44fd86c34e7c2dc0909fdbd77357aa1a301,u6e6e.svg,
CE-000226,鬱,準1級,旧字でない異体字,https://www.kanjipedia.jp/common/images/kanji/60/std_6B1D.png,u9b31-ue0100,ivs_exact,7,422d0065c7fd4235b7b5da6ffa805eb445ce393305473c567caecf9d94eb4982,u9b31-ue0100.svg,
CE-000226,鬱,準1級,旧字でない異体字,https://www.kanjipedia.jp/common/images/kanji/60/std_6B1D.png,u9b31-k,collection_id_exact,4,422d0065c7fd4235b7b5da6ffa805eb445ce393305473c567caecf9d94eb4982,u9b31-k.svg,
CE-000226,鬱,準1級,旧字でない異体字,https://www.kanjipedia.jp/common/images/kanji/60/std_6B1D.png,u9b31-t,collection_id_exact,5,6ab59f7f8bf3d729b04d14b7528c61de7928577442a6d4ebf5dbbc6880c233d7,u9b31-t.svg,
CE-000226,鬱,準1級,旧字でない異体字,https://www.kanjipedia.jp/common/images/kanji/60/std_6B1D.png,u9b31-j,collection_id_exact,2,422d0065c7fd4235b7b5da6ffa805eb445ce393305473c567caecf9d94eb4982,u9b31-j.svg,
CE-000226,鬱,準1級,旧字でない異体字,https://www.kanjipedia.jp/common/images/kanji/60/std_6B1D.png,u9b31,unicode_exact,12,a2f44c539eb3bc4dcc7ea54b2efe09696341f5e190209b9c3434454b9d2c224c,u9b31.svg,
CE-000234,運,1/準1級,旧字,https://www.kanjipedia.jp/common/images/kanji/60/pr_904B.png,u904b-ue0100,ivs_exact,13,95856a480c29f65c0652d0d429ea33d3bb3e6022e5515b2e74b293817a2cf455,u904b-ue0100.svg,
CE-000234,運,1/準1級,旧字,https://www.kanjipedia.jp/common/images/kanji/60/pr_904B.png,u904b-ue0101,ivs_exact,12,6990ffd698896f00e02f8af0a91083fd108492295ad36fd59dac8a4dba484a6d,u904b-ue0101.svg,
CE-000234,運,1/準1級,旧字,https://www.kanjipedia.jp/common/images/kanji/60/pr_904B.png,u904b-ue0102,ivs_exact,9,95856a480c29f65c0652d0d429ea33d3bb3e6022e5515b2e74b293817a2cf455,u904b-ue0102.svg,
CE-000234,運,1/準1級,旧字,https://www.kanjipedia.jp/common/images/kanji/60/pr_904B.png,u904b-ue0103,ivs_exact,8,6990ffd698896f00e02f8af0a91083fd108492295ad36fd59dac8a4dba484a6d,u904b-ue0103.svg,
CE-000234,運,1/準1級,旧字,https://www.kanjipedia.jp/common/images/kanji/60/pr_904B.png,u904b-k,collection_id_exact,12,6990ffd698896f00e02f8af0a91083fd108492295ad36fd59dac8a4dba484a6d,u904b-k.svg,
CE-000234,運,1/準1級,旧字,https://www.kanjipedia.jp/common/images/kanji/60/pr_904B.png,u904b-t,collection_id_exact,4,0cdca6524722d781734dfb616d309ec3e30bbfa16af45ce14ce2128230b65ecf,u904b-t.svg,
CE-000234,運,1/準1級,旧字,https://www.kanjipedia.jp/common/images/kanji/60/pr_904B.png,u904b-j,collection_id_exact,5,95856a480c29f65c0652d0d429ea33d3bb3e6022e5515b2e74b293817a2cf455,u904b-j.svg,
CE-000234,運,1/準1級,旧字,https://www.kanjipedia.jp/common/images/kanji/60/pr_904B.png,u904b,unicode_exact,13,95856a480c29f65c0652d0d429ea33d3bb3e6022e5515b2e74b293817a2cf455,u904b.svg,
CE-000243,韞,1級,親字,,u97de-ue0100,ivs_exact,14,445983d91bbb66647209bd27827e82a50ed596ca4ae2d19017bcd0ffda1109f9,u97de-ue0100.svg,
CE-000243,韞,1級,親字,,u97de-ue0101,ivs_exact,14,38a070b6fd0154a9ccb568cf4d8ede80465a5c81d87052ca947cf7e82fe48df6,u97de-ue0101.svg,
CE-000243,韞,1級,親字,,u97de-ue0102,ivs_exact,8,445983d91bbb66647209bd27827e82a50ed596ca4ae2d19017bcd0ffda1109f9,u97de-ue0102.svg,
CE-000243,韞,1級,親字,,u97de-ue0103,ivs_exact,6,e65a7d156cc7731ec582f22df81f33c80f6c47c6ac00454a5099dc67764e5e0c,u97de-ue0103.svg,
CE-000243,韞,1級,親字,,u97de-j,collection_id_exact,4,445983d91bbb66647209bd27827e82a50ed596ca4ae2d19017bcd0ffda1109f9,u97de-j.svg,
CE-000243,韞,1級,親字,,u97de,unicode_exact,16,445983d91bbb66647209bd27827e82a50ed596ca4ae2d19017bcd0ffda1109f9,u97de.svg,
CE-000267,鋭,1/準1級,旧字,https://www.kanjipedia.jp/common/images/kanji/60/pr_92B3.png,u92ed-ue0100,ivs_exact,11,1bed85ac149c4c958ac274f43746e8c63bc581190b3aa2d23aefb02c4e10ef66,u92ed-ue0100.svg,
CE-000267,鋭,1/準1級,旧字,https://www.kanjipedia.jp/common/images/kanji/60/pr_92B3.png,u92ed-t,collection_id_exact,1,eb5a8e8aab78ce2c278da2f365589e2f1c6392c63232faa351061c3134ea3fda,u92ed-t.svg,
CE-000267,鋭,1/準1級,旧字,https://www.kanjipedia.jp/common/images/kanji/60/pr_92B3.png,u92ed-j,collection_id_exact,3,5b3f5cb39e1f54c53eead390bc8e3a10148cc0f1e0e7d4409943870422bc7e5e,u92ed-j.svg,
CE-000267,鋭,1/準1級,旧字,https://www.kanjipedia.jp/common/images/kanji/60/pr_92B3.png,u92ed,unicode_exact,10,1bed85ac149c4c958ac274f43746e8c63bc581190b3aa2d23aefb02c4e10ef66,u92ed.svg,
CE-000277,瀛,1級,親字,https://www.kanjipedia.jp/common/images/kanji/180/std_701B.png,u701b-ue0100,ivs_exact,9,3622fbb7ac59ce0795733c9add87560eaca17d09fdc1c07332209eb79f86b394,u701b-ue0100.svg,
CE-000277,瀛,1級,親字,https://www.kanjipedia.jp/common/images/kanji/180/std_701B.png,u701b-ue0101,ivs_exact,8,d09e82e8987358bdf18b3d85f06e1ddfd6b3691854f4e84ad7bfa8b5fd38eaf5,u701b-ue0101.svg,
CE-000277,瀛,1級,親字,https://www.kanjipedia.jp/common/images/kanji/180/std_701B.png,u701b-ue0102,ivs_exact,7,3622fbb7ac59ce0795733c9add87560eaca17d09fdc1c07332209eb79f86b394,u701b-ue0102.svg,
CE-000277,瀛,1級,親字,https://www.kanjipedia.jp/common/images/kanji/180/std_701B.png,u701b-ue0103,ivs_exact,10,3a961852c9dd525d8ed1a39abb106653e0d04b13e528ed109e8dce94d025333b,u701b-ue0103.svg,
CE-000277,瀛,1級,親字,https://www.kanjipedia.jp/common/images/kanji/180/std_701B.png,u701b-k,collection_id_exact,10,8bf15598cfa20ba5546a537840828dd376df6059dd7faabd778757abe5326be2,u701b-k.svg,
CE-000277,瀛,1級,親字,https://www.kanjipedia.jp/common/images/kanji/180/std_701B.png,u701b-t,collection_id_exact,4,862e53ec62d7e67cd1193d4c9e8ce99b823f842ab602ca7f54323c58257ba67b,u701b-t.svg,
CE-000277,瀛,1級,親字,https://www.kanjipedia.jp/common/images/kanji/180/std_701B.png,u701b,unicode_exact,13,3622fbb7ac59ce0795733c9add87560eaca17d09fdc1c07332209eb79f86b394,u701b.svg,
CE-000280,贏,1級,親字,https://www.kanjipedia.jp/common/images/kanji/180/std_8D0F.png,u8d0f-ue0100,ivs_exact,7,a32b819415ae5238f4cbde1051f4065bd1a01a4fb8ea210076ea1caed6986c4c,u8d0f-ue0100.svg,
CE-000280,贏,1級,親字,https://www.kanjipedia.jp/common/images/kanji/180/std_8D0F.png,u8d0f-ue0101,ivs_exact,11,d55802ef65e14c014acbc8f547558c17f16d27d17a93f234c5fe9cbd89b837dd,u8d0f-ue0101.svg,
CE-000280,贏,1級,親字,https://www.kanjipedia.jp/common/images/kanji/180/std_8D0F.png,u8d0f-ue0102,ivs_exact,6,a32b819415ae5238f4cbde1051f4065bd1a01a4fb8ea210076ea1caed6986c4c,u8d0f-ue0102.svg,
CE-000280,贏,1級,親字,https://www.kanjipedia.jp/common/images/kanji/180/std_8D0F.png,u8d0f-ue0103,ivs_exact,5,55b4b510d47c33d92484b1dd547e8c65ad328e703345db7d03532f70afe12a2f,u8d0f-ue0103.svg,
CE-000280,贏,1級,親字,https://www.kanjipedia.jp/common/images/kanji/180/std_8D0F.png,u8d0f-t,collection_id_exact,4,9bc9c674287c988a47c22ed9b29c0e7066c4a9f18490d2b550792f2d15f61c94,u8d0f-t.svg,
CE-000280,贏,1級,親字,https://www.kanjipedia.jp/common/images/kanji/180/std_8D0F.png,u8d0f-j,collection_id_exact,3,a32b819415ae5238f4cbde1051f4065bd1a01a4fb8ea210076ea1caed6986c4c,u8d0f-j.svg,
CE-000280,贏,1級,親字,https://www.kanjipedia.jp/common/images/kanji/180/std_8D0F.png,u8d0f,unicode_exact,9,a32b819415ae5238f4cbde1051f4065bd1a01a4fb8ea210076ea1caed6986c4c,u8d0f.svg,
CE-000318,延,1/準1級,旧字,https://www.kanjipedia.jp/common/images/kanji/60/pr_5EF6.png,u5ef6-ue0100,ivs_exact,11,f3f9da08826f0371ef2eaf1ff64982e4d8b68f5d18cf64e661e88460129d8f79,u5ef6-ue0100.svg,
CE-000318,延,1/準1級,旧字,https://www.kanjipedia.jp/common/images/kanji/60/pr_5EF6.png,u5ef6-ue0101,ivs_exact,16,15a2633a0a1a045c664e24f6fd30609d5d9ff978fcc40d41be56655eae697adb,u5ef6-ue0101.svg,
CE-000318,延,1/準1級,旧字,https://www.kanjipedia.jp/common/images/kanji/60/pr_5EF6.png,u5ef6-ue0102,ivs_exact,17,0ab455f0a8aa1eee1f7f46737396a24574cef174c363fc0ecb0f8f82d60e6a12,u5ef6-ue0102.svg,
CE-000318,延,1/準1級,旧字,https://www.kanjipedia.jp/common/images/kanji/60/pr_5EF6.png,u5ef6-ue0103,ivs_exact,5,f3f9da08826f0371ef2eaf1ff64982e4d8b68f5d18cf64e661e88460129d8f79,u5ef6-ue0103.svg,
CE-000318,延,1/準1級,旧字,https://www.kanjipedia.jp/common/images/kanji/60/pr_5EF6.png,u5ef6-k,collection_id_exact,9,414b09bd77a20b1d651ad15737726bcef225c2eabc6a27283b9a821a72bb6d0a,u5ef6-k.svg,
CE-000318,延,1/準1級,旧字,https://www.kanjipedia.jp/common/images/kanji/60/pr_5EF6.png,u5ef6-t,collection_id_exact,4,f3f9da08826f0371ef2eaf1ff64982e4d8b68f5d18cf64e661e88460129d8f79,u5ef6-t.svg,
CE-000318,延,1/準1級,旧字,https://www.kanjipedia.jp/common/images/kanji/60/pr_5EF6.png,u5ef6-j,collection_id_exact,4,f3f9da08826f0371ef2eaf1ff64982e4d8b68f5d18cf64e661e88460129d8f79,u5ef6-j.svg,
CE-000318,延,1/準1級,旧字,https://www.kanjipedia.jp/common/images/kanji/60/pr_5EF6.png,u5ef6,unicode_exact,11,f3f9da08826f0371ef2eaf1ff64982e4d8b68f5d18cf64e661e88460129d8f79,u5ef6.svg,
CE-000339,媛,1/準1級,旧字,https://www.kanjipedia.jp/common/images/kanji/60/pr_5A9B.png,u5a9b-ue0100,ivs_exact,16,d291198a5418b57c4ddaf4c1f72cee78fa2811e078570a7fdd2475b45f7ffe29,u5a9b-ue0100.svg,
CE-000339,媛,1/準1級,旧字,https://www.kanjipedia.jp/common/images/kanji/60/pr_5A9B.png,u5a9b-ue0101,ivs_exact,10,d333e62b1a2cc81944dd99c1ddbadf376090342f0b2652db770c7992d1415727,u5a9b-ue0101.svg,
CE-000339,媛,1/準1級,旧字,https://www.kanjipedia.jp/common/images/kanji/60/pr_5A9B.png,u5a9b-ue0102,ivs_exact,12,d291198a5418b57c4ddaf4c1f72cee78fa2811e078570a7fdd2475b45f7ffe29,u5a9b-ue0102.svg,
CE-000339,媛,1/準1級,旧字,https://www.kanjipedia.jp/common/images/kanji/60/pr_5A9B.png,u5a9b-ue0103,ivs_exact,9,d333e62b1a2cc81944dd99c1ddbadf376090342f0b2652db770c7992d1415727,u5a9b-ue0103.svg,
CE-000339,媛,1/準1級,旧字,https://www.kanjipedia.jp/common/images/kanji/60/pr_5A9B.png,u5a9b-k,collection_id_exact,8,d333e62b1a2cc81944dd99c1ddbadf376090342f0b2652db770c7992d1415727,u5a9b-k.svg,
CE-000339,媛,1/準1級,旧字,https://www.kanjipedia.jp/common/images/kanji/60/pr_5A9B.png,u5a9b-t,collection_id_exact,2,6227e6aa5e2bd8adfd7bec72d47459557fc9d46b4c0589e3251a73476e724ecf,u5a9b-t.svg,
CE-000339,媛,1/準1級,旧字,https://www.kanjipedia.jp/common/images/kanji/60/pr_5A9B.png,u5a9b-j,collection_id_exact,3,d291198a5418b57c4ddaf4c1f72cee78fa2811e078570a7fdd2475b45f7ffe29,u5a9b-j.svg,
CE-000339,媛,1/準1級,旧字,https://www.kanjipedia.jp/common/images/kanji/60/pr_5A9B.png,u5a9b,unicode_exact,17,d291198a5418b57c4ddaf4c1f72cee78fa2811e078570a7fdd2475b45f7ffe29,u5a9b.svg,
CE-000341,援,1/準1級,旧字,https://www.kanjipedia.jp/common/images/kanji/60/pr_63F4.png,u63f4-ue0100,ivs_exact,12,ca58f2575425ee00ee4c2a662b03c1eacb5458d35aaec61478f14d425e501885,u63f4-ue0100.svg,
CE-000341,援,1/準1級,旧字,https://www.kanjipedia.jp/common/images/kanji/60/pr_63F4.png,u63f4-ue0101,ivs_exact,5,5c0d797646eee5e51646a41035df313baf554f2ebf4e2f6aa9240f85eb3fc7c0,u63f4-ue0101.svg,
CE-000341,援,1/準1級,旧字,https://www.kanjipedia.jp/common/images/kanji/60/pr_63F4.png,u63f4-ue0102,ivs_exact,7,ca58f2575425ee00ee4c2a662b03c1eacb5458d35aaec61478f14d425e501885,u63f4-ue0102.svg,
CE-000341,援,1/準1級,旧字,https://www.kanjipedia.jp/common/images/kanji/60/pr_63F4.png,u63f4-ue0103,ivs_exact,4,5c0d797646eee5e51646a41035df313baf554f2ebf4e2f6aa9240f85eb3fc7c0,u63f4-ue0103.svg,
CE-000341,援,1/準1級,旧字,https://www.kanjipedia.jp/common/images/kanji/60/pr_63F4.png,u63f4-k,collection_id_exact,4,5c0d797646eee5e51646a41035df313baf554f2ebf4e2f6aa9240f85eb3fc7c0,u63f4-k.svg,
CE-000341,援,1/準1級,旧字,https://www.kanjipedia.jp/common/images/kanji/60/pr_63F4.png,u63f4-t,collection_id_exact,3,4610657e08db189b454dae2d3d3952579e0c52387c0d70f14637b960b0e6574b,u63f4-t.svg,
CE-000341,援,1/準1級,旧字,https://www.kanjipedia.jp/common/images/kanji/60/pr_63F4.png,u63f4-j,collection_id_exact,3,ca58f2575425ee00ee4c2a662b03c1eacb5458d35aaec61478f14d425e501885,u63f4-j.svg,
CE-000341,援,1/準1級,旧字,https://www.kanjipedia.jp/common/images/kanji/60/pr_63F4.png,u63f4,unicode_exact,12,ca58f2575425ee00ee4c2a662b03c1eacb5458d35aaec61478f14d425e501885,u63f4.svg,
CE-000352,煙,1/準1級,旧字,https://www.kanjipedia.jp/common/images/kanji/60/pr_70DF.png,u7159-ue0100,ivs_exact,8,bd90417049771d67bdedd4e2014fb816d4dddee24ad5774835cf92d4e1a62bab,u7159-ue0100.svg,
CE-000352,煙,1/準1級,旧字,https://www.kanjipedia.jp/common/images/kanji/60/pr_70DF.png,u7159-ue0101,ivs_exact,9,5ca43f48c200d4eccff759d6d06270fdf7389a87d7d510384d0784c7115d9107,u7159-ue0101.svg,
CE-000352,煙,1/準1級,旧字,https://www.kanjipedia.jp/common/images/kanji/60/pr_70DF.png,u7159-ue0102,ivs_exact,5,bd90417049771d67bdedd4e2014fb816d4dddee24ad5774835cf92d4e1a62bab,u7159-ue0102.svg,
CE-000352,煙,1/準1級,旧字,https://www.kanjipedia.jp/common/images/kanji/60/pr_70DF.png,u7159-ue0103,ivs_exact,7,5ca43f48c200d4eccff759d6d06270fdf7389a87d7d510384d0784c7115d9107,u7159-ue0103.svg,
CE-000352,煙,1/準1級,旧字,https://www.kanjipedia.jp/common/images/kanji/60/pr_70DF.png,u7159-k,collection_id_exact,8,5ca43f48c200d4eccff759d6d06270fdf7389a87d7d510384d0784c7115d9107,u7159-k.svg,
CE-000352,煙,1/準1級,旧字,https://www.kanjipedia.jp/common/images/kanji/60/pr_70DF.png,u7159-t,collection_id_exact,4,28a9ffae57b5fb27ab27ddca84835aaf029bad90f64de5633da1c61a64ccb35c,u7159-t.svg,
CE-000352,煙,1/準1級,旧字,https://www.kanjipedia.jp/common/images/kanji/60/pr_70DF.png,u7159,unicode_exact,9,bd90417049771d67bdedd4e2014fb816d4dddee24ad5774835cf92d4e1a62bab,u7159.svg,
CE-000358,遠,1/準1級,旧字,https://www.kanjipedia.jp/common/images/kanji/60/pr_9060.png,u9060-ue0100,ivs_exact,11,c92370224dac5d8d21d6d93a8ee69bec1b903271edf594c3ecb56e2c193e4cff,u9060-ue0100.svg,
CE-000358,遠,1/準1級,旧字,https://www.kanjipedia.jp/common/images/kanji/60/pr_9060.png,u9060-ue0101,ivs_exact,11,9ac31894f269484fbb77e8bb8b4e8088ade16d7a62900029d61b61e5245b9ed1,u9060-ue0101.svg,
CE-000358,遠,1/準1級,旧字,https://www.kanjipedia.jp/common/images/kanji/60/pr_9060.png,u9060-ue0102,ivs_exact,11,c92370224dac5d8d21d6d93a8ee69bec1b903271edf594c3ecb56e2c193e4cff,u9060-ue0102.svg,
CE-000358,遠,1/準1級,旧字,https://www.kanjipedia.jp/common/images/kanji/60/pr_9060.png,u9060-ue0103,ivs_exact,6,bf4ad0ce9516999a54e418fd060d34d133d1924ad4a204ad9bb311e5bd026678,u9060-ue0103.svg,
CE-000358,遠,1/準1級,旧字,https://www.kanjipedia.jp/common/images/kanji/60/pr_9060.png,u9060-k,collection_id_exact,10,2f3bf682d117ac6ef813b47b624eaab67ace93d10e9b06282d2f16b4b6999a7e,u9060-k.svg,
CE-000358,遠,1/準1級,旧字,https://www.kanjipedia.jp/common/images/kanji/60/pr_9060.png,u9060-t,collection_id_exact,6,44c4accd7558a7b7b38ac8a1165ec7e1aff43b4ff1a17fd369666762a3ad348d,u9060-t.svg,
CE-000358,遠,1/準1級,旧字,https://www.kanjipedia.jp/common/images/kanji/60/pr_9060.png,u9060-j,collection_id_exact,5,8bcf2f30db8b7bf46f632477bc18201556a7287f10cfe29441ba71b96e833e94,u9060-j.svg,
CE-000358,遠,1/準1級,旧字,https://www.kanjipedia.jp/common/images/kanji/60/pr_9060.png,u9060,unicode_exact,11,c92370224dac5d8d21d6d93a8ee69bec1b903271edf594c3ecb56e2c193e4cff,u9060.svg,
CE-000389,唹,1級,親字,https://www.kanjipedia.jp/common/images/kanji/180/std_5539.png,u5539-ue0100,ivs_exact,12,7274a89b2ccdfc1a69b6fd1ef6b4c66ed1b79c486d377db138cd10e816aa67fa,u5539-ue0100.svg,
CE-000389,唹,1級,親字,https://www.kanjipedia.jp/common/images/kanji/180/std_5539.png,u5539-ue0101,ivs_exact,16,e6ce86226ec23430b19084bafb00a3028490209b9bf9a801e328d7762e1e71ec,u5539-ue0101.svg,
CE-000389,唹,1級,親字,https://www.kanjipedia.jp/common/images/kanji/180/std_5539.png,u5539-ue0102,ivs_exact,11,7274a89b2ccdfc1a69b6fd1ef6b4c66ed1b79c486d377db138cd10e816aa67fa,u5539-ue0102.svg,
CE-000389,唹,1級,親字,https://www.kanjipedia.jp/common/images/kanji/180/std_5539.png,u5539-ue0103,ivs_exact,10,e6ce86226ec23430b19084bafb00a3028490209b9bf9a801e328d7762e1e71ec,u5539-ue0103.svg,
CE-000389,唹,1級,親字,https://www.kanjipedia.jp/common/images/kanji/180/std_5539.png,u5539-k,collection_id_exact,3,cb008a0a17daf60bd5ff9723652fcb71690e0e367c2c650b60ec2d92d7ec5a9f,u5539-k.svg,
CE-000389,唹,1級,親字,https://www.kanjipedia.jp/common/images/kanji/180/std_5539.png,u5539-t,collection_id_exact,1,5d983c9cb05444ea07f7e1818f67690d5fd345e0dae751dc979c42c9f56bd66b,u5539-t.svg,
CE-000389,唹,1級,親字,https://www.kanjipedia.jp/common/images/kanji/180/std_5539.png,u5539-j,collection_id_exact,3,cb008a0a17daf60bd5ff9723652fcb71690e0e367c2c650b60ec2d92d7ec5a9f,u5539-j.svg,
CE-000389,唹,1級,親字,https://www.kanjipedia.jp/common/images/kanji/180/std_5539.png,u5539,unicode_exact,13,7274a89b2ccdfc1a69b6fd1ef6b4c66ed1b79c486d377db138cd10e816aa67fa,u5539.svg,
CE-000391,淤,1級,親字,https://www.kanjipedia.jp/common/images/kanji/180/std_6DE4.png,u6de4-ue0100,ivs_exact,10,4776ce710a779b780b3db28efbdec41368e445ab16f1961b9c7b95d54a7252f1,u6de4-ue0100.svg,
CE-000391,淤,1級,親字,https://www.kanjipedia.jp/common/images/kanji/180/std_6DE4.png,u6de4-ue0101,ivs_exact,8,a053a89151034f3924f902dab3782c8bec285fe659c723f8e3736c9c59d0b235,u6de4-ue0101.svg,
CE-000391,淤,1級,親字,https://www.kanjipedia.jp/common/images/kanji/180/std_6DE4.png,u6de4,unicode_exact,13,4776ce710a779b780b3db28efbdec41368e445ab16f1961b9c7b95d54a7252f1,u6de4.svg,
CE-000418,翁,1/準1級,旧字,https://www.kanjipedia.jp/common/images/kanji/60/pr_7FC1.png,u7fc1-ue0100,ivs_exact,8,fac218f9b2491293a67ca3a58080699f550bdfdd17f5d701f7b2ab9495471916,u7fc1-ue0100.svg,
CE-000418,翁,1/準1級,旧字,https://www.kanjipedia.jp/common/images/kanji/60/pr_7FC1.png,u7fc1-ue0101,ivs_exact,5,b4c1ebdc721e6f8f223b8ccaba7af5a1196c21628b547221dbb61b99bd4e6dbd,u7fc1-ue0101.svg,
CE-000418,翁,1/準1級,旧字,https://www.kanjipedia.jp/common/images/kanji/60/pr_7FC1.png,u7fc1-ue0102,ivs_exact,5,d4bcae497bf38277104f7f73adc4953827c93268f318b001540aa59464d459a8,u7fc1-ue0102.svg,
CE-000418,翁,1/準1級,旧字,https://www.kanjipedia.jp/common/images/kanji/60/pr_7FC1.png,u7fc1-ue0103,ivs_exact,6,db199e2fc43e3ebf727939f7756d896df11558b7384b6756712401aada26392c,u7fc1-ue0103.svg,
CE-000418,翁,1/準1級,旧字,https://www.kanjipedia.jp/common/images/kanji/60/pr_7FC1.png,u7fc1-k,collection_id_exact,8,6ac97f484af96fbf9440a3aed82b8b4fbb3544926815a1730923116f3edb99d6,u7fc1-k.svg,
CE-000418,翁,1/準1級,旧字,https://www.kanjipedia.jp/common/images/kanji/60/pr_7FC1.png,u7fc1-t,collection_id_exact,3,eddc5f191b78da3421ca73b36b4b10433bf9c2349f24fab46c8fe20e3f3d3fd9,u7fc1-t.svg,
CE-000418,翁,1/準1級,旧字,https://www.kanjipedia.jp/common/images/kanji/60/pr_7FC1.png,u7fc1-j,collection_id_exact,5,db199e2fc43e3ebf727939f7756d896df11558b7384b6756712401aada26392c,u7fc1-j.svg,
CE-000418,翁,1/準1級,旧字,https://www.kanjipedia.jp/common/images/kanji/60/pr_7FC1.png,u7fc1,unicode_exact,9,b4c1ebdc721e6f8f223b8ccaba7af5a1196c21628b547221dbb61b99bd4e6dbd,u7fc1.svg,
CE-000482,囮,1級,親字,https://www.kanjipedia.jp/common/images/kanji/180/std_56EE.png,u56ee-ue0100,ivs_exact,7,52038a03558408689120da2510148d73727185d05035c39001cd018972d39253,u56ee-ue0100.svg,
CE-000482,囮,1級,親字,https://www.kanjipedia.jp/common/images/kanji/180/std_56EE.png,u56ee-ue0101,ivs_exact,4,a9384178c42aff8c4312bf12c8a7ad4f2501ac61cb2b19a5ee000cd39e1b85db,u56ee-ue0101.svg,
CE-000482,囮,1級,親字,https://www.kanjipedia.jp/common/images/kanji/180/std_56EE.png,u56ee-ue0102,ivs_exact,4,52038a03558408689120da2510148d73727185d05035c39001cd018972d39253,u56ee-ue0102.svg,
CE-000482,囮,1級,親字,https://www.kanjipedia.jp/common/images/kanji/180/std_56EE.png,u56ee-ue0103,ivs_exact,3,a9384178c42aff8c4312bf12c8a7ad4f2501ac61cb2b19a5ee000cd39e1b85db,u56ee-ue0103.svg,
CE-000482,囮,1級,親字,https://www.kanjipedia.jp/common/images/kanji/180/std_56EE.png,u56ee,unicode_exact,7,52038a03558408689120da2510148d73727185d05035c39001cd018972d39253,u56ee.svg,
CE-000509,華,1/準1級,旧字,https://www.kanjipedia.jp/common/images/kanji/60/skj_8050.png,u83ef-ue0100,ivs_exact,9,44900603dc8e9cb6f488e42cd046b4f6ff9392e498f544f78c9a59577df07e53,u83ef-ue0100.svg,
CE-000509,華,1/準1級,旧字,https://www.kanjipedia.jp/common/images/kanji/60/skj_8050.png,u83ef-ue0101,ivs_exact,7,44900603dc8e9cb6f488e42cd046b4f6ff9392e498f544f78c9a59577df07e53,u83ef-ue0101.svg,
CE-000509,華,1/準1級,旧字,https://www.kanjipedia.jp/common/images/kanji/60/skj_8050.png,u83ef-ue0102,ivs_exact,10,22d4f28234bf4c7268e1e54d728c26a2733bb162c23cce255661dc47783dc3bf,u83ef-ue0102.svg,
CE-000509,華,1/準1級,旧字,https://www.kanjipedia.jp/common/images/kanji/60/skj_8050.png,u83ef-ue0103,ivs_exact,4,865aeeeebc213b4796aae750e237c8103e24a8c7c34164e2700aea7cf0d37f17,u83ef-ue0103.svg,
CE-000509,華,1/準1級,旧字,https://www.kanjipedia.jp/common/images/kanji/60/skj_8050.png,u83ef-k,collection_id_exact,11,f589a3c05c6ed73b288a0571711e298008e2e57d6a76ebeec7b2f5700bd6507f,u83ef-k.svg,
CE-000509,華,1/準1級,旧字,https://www.kanjipedia.jp/common/images/kanji/60/skj_8050.png,u83ef-t,collection_id_exact,2,9dc9d65e6c49b6467e1e8014f82744442628c57293ac9e945e353e6a4d5216ae,u83ef-t.svg,
CE-000509,華,1/準1級,旧字,https://www.kanjipedia.jp/common/images/kanji/60/skj_8050.png,u83ef-j,collection_id_exact,3,44900603dc8e9cb6f488e42cd046b4f6ff9392e498f544f78c9a59577df07e53,u83ef-j.svg,
CE-000509,華,1/準1級,旧字,https://www.kanjipedia.jp/common/images/kanji/60/skj_8050.png,u83ef,unicode_exact,11,44900603dc8e9cb6f488e42cd046b4f6ff9392e498f544f78c9a59577df07e53,u83ef.svg,
CE-000514,谺,1級,親字,https://www.kanjipedia.jp/common/images/kanji/180/std_8C3A.png,u8c3a-ue0100,ivs_exact,6,02e2605d7deade41b359212997cdfee84c565fca5e771043447b41ba52a41086,u8c3a-ue0100.svg,
CE-000514,谺,1級,親字,https://www.kanjipedia.jp/common/images/kanji/180/std_8C3A.png,u8c3a-ue0101,ivs_exact,5,02e2605d7deade41b359212997cdfee84c565fca5e771043447b41ba52a41086,u8c3a-ue0101.svg,
CE-000514,谺,1級,親字,https://www.kanjipedia.jp/common/images/kanji/180/std_8C3A.png,u8c3a-ue0102,ivs_exact,4,6479e01a78a3b32a2bae07398c785c0f2345130d8c47e4f05bcc97f43d3e34d6,u8c3a-ue0102.svg,
CE-000514,谺,1級,親字,https://www.kanjipedia.jp/common/images/kanji/180/std_8C3A.png,u8c3a-ue0103,ivs_exact,2,4fc934e0c853ad3ceff712a4f136c6922fb845e7a00d3404e3c49c483a8c1d65,u8c3a-ue0103.svg,
CE-000514,谺,1級,親字,https://www.kanjipedia.jp/common/images/kanji/180/std_8C3A.png,u8c3a-j,collection_id_exact,2,02e2605d7deade41b359212997cdfee84c565fca5e771043447b41ba52a41086,u8c3a-j.svg,
CE-000514,谺,1級,親字,https://www.kanjipedia.jp/common/images/kanji/180/std_8C3A.png,u8c3a,unicode_exact,9,02e2605d7deade41b359212997cdfee84c565fca5e771043447b41ba52a41086,u8c3a.svg,
CE-000524,過,1/準1級,旧字,https://www.kanjipedia.jp/common/images/kanji/60/pr_904E.png,u904e-ue0100,ivs_exact,11,6599fa91463fe800ebc599c76cc00629313604ae2ae40f210ecb5b6c827e028f,u904e-ue0100.svg,
CE-000524,過,1/準1級,旧字,https://www.kanjipedia.jp/common/images/kanji/60/pr_904E.png,u904e-ue0101,ivs_exact,8,29b9fc4b708fdded57ae71f79530f3f655d46d38b9915e2ab2b7bb709cef7d57,u904e-ue0101.svg,
CE-000524,過,1/準1級,旧字,https://www.kanjipedia.jp/common/images/kanji/60/pr_904E.png,u904e-ue0102,ivs_exact,7,6599fa91463fe800ebc599c76cc00629313604ae2ae40f210ecb5b6c827e028f,u904e-ue0102.svg,
CE-000524,過,1/準1級,旧字,https://www.kanjipedia.jp/common/images/kanji/60/pr_904E.png,u904e-ue0103,ivs_exact,4,29b9fc4b708fdded57ae71f79530f3f655d46d38b9915e2ab2b7bb709cef7d57,u904e-ue0103.svg,
CE-000524,過,1/準1級,旧字,https://www.kanjipedia.jp/common/images/kanji/60/pr_904E.png,u904e-k,collection_id_exact,8,29b9fc4b708fdded57ae71f79530f3f655d46d38b9915e2ab2b7bb709cef7d57,u904e-k.svg,
CE-000524,過,1/準1級,旧字,https://www.kanjipedia.jp/common/images/kanji/60/pr_904E.png,u904e-t,collection_id_exact,9,60d1d324e3525dae107df8faa908e791578d7ad3d2ef6030b722f4b8fc2f832a,u904e-t.svg,
CE-000524,過,1/準1級,旧字,https://www.kanjipedia.jp/common/images/kanji/60/pr_904E.png,u904e-j,collection_id_exact,2,6599fa91463fe800ebc599c76cc00629313604ae2ae40f210ecb5b6c827e028f,u904e-j.svg,
CE-000524,過,1/準1級,旧字,https://www.kanjipedia.jp/common/images/kanji/60/pr_904E.png,u904e,unicode_exact,11,6599fa91463fe800ebc599c76cc00629313604ae2ae40f210ecb5b6c827e028f,u904e.svg,
CE-000541,樺,1/準1級,旧字,https://www.kanjipedia.jp/common/images/kanji/60/skj_8052.png,u6a3a-ue0100,ivs_exact,12,b7b5f72d9a1c836f11b5fe286b06024ba18232341f64ed640b32b352b6a01524,u6a3a-ue0100.svg,
CE-000541,樺,1/準1級,旧字,https://www.kanjipedia.jp/common/images/kanji/60/skj_8052.png,u6a3a-ue0101,ivs_exact,11,b7b5f72d9a1c836f11b5fe286b06024ba18232341f64ed640b32b352b6a01524,u6a3a-ue0101.svg,
CE-000541,樺,1/準1級,旧字,https://www.kanjipedia.jp/common/images/kanji/60/skj_8052.png,u6a3a-ue0102,ivs_exact,8,fc142d1d49e87a3bdcad53f2a1468e889408b6d7c706c72b05f04e7d20aa9ee0,u6a3a-ue0102.svg,
CE-000541,樺,1/準1級,旧字,https://www.kanjipedia.jp/common/images/kanji/60/skj_8052.png,u6a3a-k,collection_id_exact,6,b7b5f72d9a1c836f11b5fe286b06024ba18232341f64ed640b32b352b6a01524,u6a3a-k.svg,
CE-000541,樺,1/準1級,旧字,https://www.kanjipedia.jp/common/images/kanji/60/skj_8052.png,u6a3a-t,collection_id_exact,4,78fbf900412b7d48d5ed4e7abcfc21b7fc26966a0ca44e6d3946c6851283ea49,u6a3a-t.svg,
CE-000541,樺,1/準1級,旧字,https://www.kanjipedia.jp/common/images/kanji/60/skj_8052.png,u6a3a-j,collection_id_exact,6,b7b5f72d9a1c836f11b5fe286b06024ba18232341f64ed640b32b352b6a01524,u6a3a-j.svg,
CE-000541,樺,1/準1級,旧字,https://www.kanjipedia.jp/common/images/kanji/60/skj_8052.png,u6a3a,unicode_exact,15,b7b5f72d9a1c836f11b5fe286b06024ba18232341f64ed640b32b352b6a01524,u6a3a.svg,
CE-000556,譁,1級,親字,https://www.kanjipedia.jp/common/images/kanji/180/nw_0001.png,u8b41-ue0100,ivs_exact,11,6779d93e5ada4e00c1536176ba3efd1d24cb593c4d9e9d08b047d040a9b28067,u8b41-ue0100.svg,
CE-000556,譁,1級,親字,https://www.kanjipedia.jp/common/images/kanji/180/nw_0001.png,u8b41-ue0101,ivs_exact,4,7cdb2063144fa01f8a0ec252e0646f98e1ece8a02fa7da72e533e25e8588011e,u8b41-ue0101.svg,
CE-000556,譁,1級,親字,https://www.kanjipedia.jp/common/images/kanji/180/nw_0001.png,u8b41-ue0102,ivs_exact,7,6779d93e5ada4e00c1536176ba3efd1d24cb593c4d9e9d08b047d040a9b28067,u8b41-ue0102.svg,
CE-000556,譁,1級,親字,https://www.kanjipedia.jp/common/images/kanji/180/nw_0001.png,u8b41-ue0103,ivs_exact,1,a035bfdbb5838f15b27fd0523f5d980e8b33b4c1b38236c6dce3c1a3a9f61082,u8b41-ue0103.svg,
CE-000556,譁,1級,親字,https://www.kanjipedia.jp/common/images/kanji/180/nw_0001.png,u8b41-k,collection_id_exact,3,6779d93e5ada4e00c1536176ba3efd1d24cb593c4d9e9d08b047d040a9b28067,u8b41-k.svg,
CE-000556,譁,1級,親字,https://www.kanjipedia.jp/common/images/kanji/180/nw_0001.png,u8b41-t,collection_id_exact,4,47e386b8ba9d648e095311de8bfa1aa7061e5b77e62be5c6a1df23202d59b2d0,u8b41-t.svg,
CE-000556,譁,1級,親字,https://www.kanjipedia.jp/common/images/kanji/180/nw_0001.png,u8b41-j,collection_id_exact,2,6779d93e5ada4e00c1536176ba3efd1d24cb593c4d9e9d08b047d040a9b28067,u8b41-j.svg,
CE-000556,譁,1級,親字,https://www.kanjipedia.jp/common/images/kanji/180/nw_0001.png,u8b41,unicode_exact,11,6779d93e5ada4e00c1536176ba3efd1d24cb593c4d9e9d08b047d040a9b28067,u8b41.svg,
CE-000569,芽,1/準1級,旧字,https://www.kanjipedia.jp/common/images/kanji/60/skj_8053.png,u82bd-ue0100,ivs_exact,12,f14b83111ce2eb06bcbec71e4fd34f232a6ef3e9dac3cadb168bf9d8fc4648c4,u82bd-ue0100.svg,
CE-000569,芽,1/準1級,旧字,https://www.kanjipedia.jp/common/images/kanji/60/skj_8053.png,u82bd-ue0101,ivs_exact,10,3da044cfddcd72028e6771d3b7d29ddb16136552a2644080fe470953330aba05,u82bd-ue0101.svg,
CE-000569,芽,1/準1級,旧字,https://www.kanjipedia.jp/common/images/kanji/60/skj_8053.png,u82bd-ue0102,ivs_exact,9,c27ee4cf4fc8f561739bbd00a1d05fe2bf29fb24ca820d3f7c59364d3a4faf80,u82bd-ue0102.svg,
CE-000569,芽,1/準1級,旧字,https://www.kanjipedia.jp/common/images/kanji/60/skj_8053.png,u82bd-ue0103,ivs_exact,6,3da044cfddcd72028e6771d3b7d29ddb16136552a2644080fe470953330aba05,u82bd-ue0103.svg,
CE-000569,芽,1/準1級,旧字,https://www.kanjipedia.jp/common/images/kanji/60/skj_8053.png,u82bd-k,collection_id_exact,5,3567487712f3b0c0d1424430b17e71821cd46d3768538ed8a0fe930f421dec07,u82bd-k.svg,
CE-000569,芽,1/準1級,旧字,https://www.kanjipedia.jp/common/images/kanji/60/skj_8053.png,u82bd-t,collection_id_exact,1,5fb833180a1fd43eb00489f7dc3fc5a44a17153f0831f838fad71c33f52cd3c9,u82bd-t.svg,
CE-000569,芽,1/準1級,旧字,https://www.kanjipedia.jp/common/images/kanji/60/skj_8053.png,u82bd-j,collection_id_exact,4,3da044cfddcd72028e6771d3b7d29ddb16136552a2644080fe470953330aba05,u82bd-j.svg,
CE-000569,芽,1/準1級,旧字,https://www.kanjipedia.jp/common/images/kanji/60/skj_8053.png,u82bd,unicode_exact,10,3da044cfddcd72028e6771d3b7d29ddb16136552a2644080fe470953330aba05,u82bd.svg,
CE-000582,雅,1/準1級,旧字,https://www.kanjipedia.jp/common/images/kanji/60/pr_96C5.png,u96c5-ue0100,ivs_exact,12,e5f4d9f9655302ced6905784b796a44c5d6a71bce4f2453d5ed88beb2f2bab44,u96c5-ue0100.svg,
CE-000582,雅,1/準1級,旧字,https://www.kanjipedia.jp/common/images/kanji/60/pr_96C5.png,u96c5-ue0101,ivs_exact,6,7a1911eab1d1b68f4980b24b637be0ae6114daa60441a63d6772db35d756ccec,u96c5-ue0101.svg,
CE-000582,雅,1/準1級,旧字,https://www.kanjipedia.jp/common/images/kanji/60/pr_96C5.png,u96c5-ue0102,ivs_exact,14,fec0e22e170df035e8b87c11e8835a4108332520271d7b38995b497dcfd3ad75,u96c5-ue0102.svg,
CE-000582,雅,1/準1級,旧字,https://www.kanjipedia.jp/common/images/kanji/60/pr_96C5.png,u96c5-ue0103,ivs_exact,7,e5f4d9f9655302ced6905784b796a44c5d6a71bce4f2453d5ed88beb2f2bab44,u96c5-ue0103.svg,
CE-000582,雅,1/準1級,旧字,https://www.kanjipedia.jp/common/images/kanji/60/pr_96C5.png,u96c5-k,collection_id_exact,7,e5f4d9f9655302ced6905784b796a44c5d6a71bce4f2453d5ed88beb2f2bab44,u96c5-k.svg,
CE-000582,雅,1/準1級,旧字,https://www.kanjipedia.jp/common/images/kanji/60/pr_96C5.png,u96c5-t,collection_id_exact,1,2c2cf6887ad7241e2540013f9a279cc667444df9a74d9d4270f1376062cf48d6,u96c5-t.svg,
CE-000582,雅,1/準1級,旧字,https://www.kanjipedia.jp/common/images/kanji/60/pr_96C5.png,u96c5-j,collection_id_exact,4,e5f4d9f9655302ced6905784b796a44c5d6a71bce4f2453d5ed88beb2f2bab44,u96c5-j.svg,
CE-000582,雅,1/準1級,旧字,https://www.kanjipedia.jp/common/images/kanji/60/pr_96C5.png,u96c5,unicode_exact,12,e5f4d9f9655302ced6905784b796a44c5d6a71bce4f2453d5ed88beb2f2bab44,u96c5.svg,
CE-000584,餓,1/準1級,旧字,https://www.kanjipedia.jp/common/images/kanji/60/pr_9913.png,u9913-ue0100,ivs_exact,13,57462d3191bce960edb6963af31e7b369a57f9e063825a668c9f6f99a999d543,u9913-ue0100.svg,
CE-000584,餓,1/準1級,旧字,https://www.kanjipedia.jp/common/images/kanji/60/pr_9913.png,u9913-ue0101,ivs_exact,11,a35c3bdd527530beddc19cba8bfbd0723aba5e4abf3999b057c53eb1656dc149,u9913-ue0101.svg,
CE-000584,餓,1/準1級,旧字,https://www.kanjipedia.jp/common/images/kanji/60/pr_9913.png,u9913-ue0102,ivs_exact,7,57462d3191bce960edb6963af31e7b369a57f9e063825a668c9f6f99a999d543,u9913-ue0102.svg,
CE-000584,餓,1/準1級,旧字,https://www.kanjipedia.jp/common/images/kanji/60/pr_9913.png,u9913-ue0103,ivs_exact,6,a35c3bdd527530beddc19cba8bfbd0723aba5e4abf3999b057c53eb1656dc149,u9913-ue0103.svg,
CE-000584,餓,1/準1級,旧字,https://www.kanjipedia.jp/common/images/kanji/60/pr_9913.png,u9913-k,collection_id_exact,8,a35c3bdd527530beddc19cba8bfbd0723aba5e4abf3999b057c53eb1656dc149,u9913-k.svg,
CE-000584,餓,1/準1級,旧字,https://www.kanjipedia.jp/common/images/kanji/60/pr_9913.png,u9913-t,collection_id_exact,1,b054ff5ae0fe152bc57741cfda8d3dd3f5cceca09035ed1d45ba0259adce1bbe,u9913-t.svg,
CE-000584,餓,1/準1級,旧字,https://www.kanjipedia.jp/common/images/kanji/60/pr_9913.png,u9913-j,collection_id_exact,4,57462d3191bce960edb6963af31e7b369a57f9e063825a668c9f6f99a999d543,u9913-j.svg,
CE-000584,餓,1/準1級,旧字,https://www.kanjipedia.jp/common/images/kanji/60/pr_9913.png,u9913,unicode_exact,13,57462d3191bce960edb6963af31e7b369a57f9e063825a668c9f6f99a999d543,u9913.svg,
CE-000596,灰,1/準1級,旧字,https://www.kanjipedia.jp/common/images/kanji/60/pr_7070.png,u7070-ue0100,ivs_exact,12,0f1190d7002f42c4fb24bbdb470a5eaf7a519afb2c48a198656adeb782d2768a,u7070-ue0100.svg,
CE-000596,灰,1/準1級,旧字,https://www.kanjipedia.jp/common/images/kanji/60/pr_7070.png,u7070-ue0101,ivs_exact,11,bef5c192d3747b855c2f81dbfefdc62a86647e17a993b925533854353f0658cb,u7070-ue0101.svg,
CE-000596,灰,1/準1級,旧字,https://www.kanjipedia.jp/common/images/kanji/60/pr_7070.png,u7070-ue0102,ivs_exact,10,0f1190d7002f42c4fb24bbdb470a5eaf7a519afb2c48a198656adeb782d2768a,u7070-ue0102.svg,
CE-000596,灰,1/準1級,旧字,https://www.kanjipedia.jp/common/images/kanji/60/pr_7070.png,u7070-ue0103,ivs_exact,5,bef5c192d3747b855c2f81dbfefdc62a86647e17a993b925533854353f0658cb,u7070-ue0103.svg,
CE-000596,灰,1/準1級,旧字,https://www.kanjipedia.jp/common/images/kanji/60/pr_7070.png,u7070-k,collection_id_exact,6,67c1e7a3f145d7a285b218c15e07e7074e371fe7318b2acffa6057efdcd30bdf,u7070-k.svg,
CE-000596,灰,1/準1級,旧字,https://www.kanjipedia.jp/common/images/kanji/60/pr_7070.png,u7070-t,collection_id_exact,3,3753ee1f6c033b4a99670d266d865e1950b017bd61e44a28f6b13cceadf8c682,u7070-t.svg,
CE-000596,灰,1/準1級,旧字,https://www.kanjipedia.jp/common/images/kanji/60/pr_7070.png,u7070-j,collection_id_exact,5,0f1190d7002f42c4fb24bbdb470a5eaf7a519afb2c48a198656adeb782d2768a,u7070-j.svg,
CE-000596,灰,1/準1級,旧字,https://www.kanjipedia.jp/common/images/kanji/60/pr_7070.png,u7070,unicode_exact,10,0f1190d7002f42c4fb24bbdb470a5eaf7a519afb2c48a198656adeb782d2768a,u7070.svg,
CE-000674,害,1/準1級,旧字,https://www.kanjipedia.jp/common/images/kanji/60/pr_5BB3.png,u5bb3-ue0100,ivs_exact,12,278133df23537cab466f0ca403eef991212ef20cbf83aa21b64ff797fe0e3108,u5bb3-ue0100.svg,
CE-000674,害,1/準1級,旧字,https://www.kanjipedia.jp/common/images/kanji/60/pr_5BB3.png,u5bb3-ue0101,ivs_exact,14,0d6849fd2355e360d82cf46aa9120ad4db29ec6d65017dc63b3f221c30886282,u5bb3-ue0101.svg,
CE-000674,害,1/準1級,旧字,https://www.kanjipedia.jp/common/images/kanji/60/pr_5BB3.png,u5bb3-ue0102,ivs_exact,12,df60d6f27959174dac6c50c386a6afc8be85ec628490c7612c5116953fd0df2b,u5bb3-ue0102.svg,
CE-000674,害,1/準1級,旧字,https://www.kanjipedia.jp/common/images/kanji/60/pr_5BB3.png,u5bb3-ue0103,ivs_exact,12,8423e2cdec445e4cb408a84767d6d9880383c60aa8f6ef160273b20a3803337d,u5bb3-ue0103.svg,
CE-000674,害,1/準1級,旧字,https://www.kanjipedia.jp/common/images/kanji/60/pr_5BB3.png,u5bb3-k,collection_id_exact,13,c507d7c55a248be50d6a5a1f028c3f7ff5a7743ae20b53bc1e26a1977121f5a7,u5bb3-k.svg,
CE-000674,害,1/準1級,旧字,https://www.kanjipedia.jp/common/images/kanji/60/pr_5BB3.png,u5bb3-t,collection_id_exact,7,897a9398eb633d6d4d460e3d974293f90b427311704ed034c60640074d679e72,u5bb3-t.svg,
CE-000674,害,1/準1級,旧字,https://www.kanjipedia.jp/common/images/kanji/60/pr_5BB3.png,u5bb3-j,collection_id_exact,4,278133df23537cab466f0ca403eef991212ef20cbf83aa21b64ff797fe0e3108,u5bb3-j.svg,
CE-000674,害,1/準1級,旧字,https://www.kanjipedia.jp/common/images/kanji/60/pr_5BB3.png,u5bb3,unicode_exact,17,278133df23537cab466f0ca403eef991212ef20cbf83aa21b64ff797fe0e3108,u5bb3.svg,
CE-000685,慨,1/準1級,旧字,https://www.kanjipedia.jp/common/images/kanji/60/pr_FA3E.png,u6168-ue0100,ivs_exact,11,4c830f7d5ebe6bec7891aeee282a5fe9b78733fcd3289d90918254921a64ab66,u6168-ue0100.svg,
CE-000685,慨,1/準1級,旧字,https://www.kanjipedia.jp/common/images/kanji/60/pr_FA3E.png,u6168-ue0101,ivs_exact,16,36b1f89da138e89c3909283fd3540949f80a98869de65e748efbf0ec0f117b9b,u6168-ue0101.svg,
CE-000685,慨,1/準1級,旧字,https://www.kanjipedia.jp/common/images/kanji/60/pr_FA3E.png,u6168-ue0102,ivs_exact,4,614fd3519d8339b67adf7b7bb8be7f495447e5679f230712db3b735d27666cfa,u6168-ue0102.svg,
CE-000685,慨,1/準1級,旧字,https://www.kanjipedia.jp/common/images/kanji/60/pr_FA3E.png,u6168-ue0103,ivs_exact,8,00d0e0a0407d2955744c51221ebb643f2a32799a9287d7b75d03d40d88dbc44c,u6168-ue0103.svg,
CE-000685,慨,1/準1級,旧字,https://www.kanjipedia.jp/common/images/kanji/60/pr_FA3E.png,u6168-k,collection_id_exact,13,36b1f89da138e89c3909283fd3540949f80a98869de65e748efbf0ec0f117b9b,u6168-k.svg,
CE-000685,慨,1/準1級,旧字,https://www.kanjipedia.jp/common/images/kanji/60/pr_FA3E.png,u6168,unicode_exact,11,4c830f7d5ebe6bec7891aeee282a5fe9b78733fcd3289d90918254921a64ab66,u6168.svg,
CE-000694,概,1/準1級,旧字,https://www.kanjipedia.jp/common/images/kanji/60/pr_2F8EA.png,u6982-ue0100,ivs_exact,12,5b7bcff0885ffdc4f4ac3de15fb037886b41156c2b60b18420e79bbc9ec07e16,u6982-ue0100.svg,
CE-000694,概,1/準1級,旧字,https://www.kanjipedia.jp/common/images/kanji/60/pr_2F8EA.png,u6982-ue0101,ivs_exact,8,edd1ab021cc59b3345d2f66da02fc515c73734e50e2b2bd5943680af958d15fc,u6982-ue0101.svg,
CE-000694,概,1/準1級,旧字,https://www.kanjipedia.jp/common/images/kanji/60/pr_2F8EA.png,u6982-ue0102,ivs_exact,9,34bcaee39da7f80d12ff387085ed75b462524ef7615cbfb59e5b6b003a69c50f,u6982-ue0102.svg,
CE-000694,概,1/準1級,旧字,https://www.kanjipedia.jp/common/images/kanji/60/pr_2F8EA.png,u6982-ue0103,ivs_exact,8,c95e6e85b94e0c43744ade9a5510e0c3646f9576812e7bdf5458ee0242fee0f7,u6982-ue0103.svg,
CE-000694,概,1/準1級,旧字,https://www.kanjipedia.jp/common/images/kanji/60/pr_2F8EA.png,u6982-t,collection_id_exact,4,0ef50284e541490e87adce291fb6fd3c6f905bd7a0ef7b3739537fdd0cefc432,u6982-t.svg,
CE-000694,概,1/準1級,旧字,https://www.kanjipedia.jp/common/images/kanji/60/pr_2F8EA.png,u6982-j,collection_id_exact,3,5b7bcff0885ffdc4f4ac3de15fb037886b41156c2b60b18420e79bbc9ec07e16,u6982-j.svg,
CE-000694,概,1/準1級,旧字,https://www.kanjipedia.jp/common/images/kanji/60/pr_2F8EA.png,u6982,unicode_exact,13,5b7bcff0885ffdc4f4ac3de15fb037886b41156c2b60b18420e79bbc9ec07e16,u6982.svg,
CE-000743,獲,1/準1級,旧字,https://www.kanjipedia.jp/common/images/kanji/60/skj_8059.png,u7372-ue0100,ivs_exact,13,7eaf4a0e8d0581f7b120543dc3a77b3eed637ef47b63bd6bee75ae620ecc0a3f,u7372-ue0100.svg,
CE-000743,獲,1/準1級,旧字,https://www.kanjipedia.jp/common/images/kanji/60/skj_8059.png,u7372-ue0101,ivs_exact,11,7eaf4a0e8d0581f7b120543dc3a77b3eed637ef47b63bd6bee75ae620ecc0a3f,u7372-ue0101.svg,
CE-000743,獲,1/準1級,旧字,https://www.kanjipedia.jp/common/images/kanji/60/skj_8059.png,u7372-ue0102,ivs_exact,11,4fa080e559e53df7c322ed00fafa941c5676df7c741f1761ea913b44efed8d43,u7372-ue0102.svg,
CE-000743,獲,1/準1級,旧字,https://www.kanjipedia.jp/common/images/kanji/60/skj_8059.png,u7372-k,collection_id_exact,12,7eaf4a0e8d0581f7b120543dc3a77b3eed637ef47b63bd6bee75ae620ecc0a3f,u7372-k.svg,
CE-000743,獲,1/準1級,旧字,https://www.kanjipedia.jp/common/images/kanji/60/skj_8059.png,u7372-t,collection_id_exact,4,65e2c6f32a58691d1d898a9e3e9b914b9cfd29938d21b80712992d33b4a8031a,u7372-t.svg,
CE-000743,獲,1/準1級,旧字,https://www.kanjipedia.jp/common/images/kanji/60/skj_8059.png,u7372-j,collection_id_exact,7,7eaf4a0e8d0581f7b120543dc3a77b3eed637ef47b63bd6bee75ae620ecc0a3f,u7372-j.svg,
CE-000743,獲,1/準1級,旧字,https://www.kanjipedia.jp/common/images/kanji/60/skj_8059.png,u7372,unicode_exact,15,7eaf4a0e8d0581f7b120543dc3a77b3eed637ef47b63bd6bee75ae620ecc0a3f,u7372.svg,
CE-000750,穫,1/準1級,旧字,https://www.kanjipedia.jp/common/images/kanji/60/skj_805A.png,u7a6b-ue0100,ivs_exact,12,afebf4806b910c9a528a4fa6bcf5569e8190df99af28ffafa3ddf45e9d71a4b6,u7a6b-ue0100.svg,
CE-000750,穫,1/準1級,旧字,https://www.kanjipedia.jp/common/images/kanji/60/skj_805A.png,u7a6b-ue0101,ivs_exact,9,afebf4806b910c9a528a4fa6bcf5569e8190df99af28ffafa3ddf45e9d71a4b6,u7a6b-ue0101.svg,
CE-000750,穫,1/準1級,旧字,https://www.kanjipedia.jp/common/images/kanji/60/skj_805A.png,u7a6b-ue0102,ivs_exact,10,8d317b72dfb99bb7f06a0aa69db65849945e4fba1bf0a23c907efef07be52833,u7a6b-ue0102.svg,
CE-000750,穫,1/準1級,旧字,https://www.kanjipedia.jp/common/images/kanji/60/skj_805A.png,u7a6b-k,collection_id_exact,11,afebf4806b910c9a528a4fa6bcf5569e8190df99af28ffafa3ddf45e9d71a4b6,u7a6b-k.svg,
CE-000750,穫,1/準1級,旧字,https://www.kanjipedia.jp/common/images/kanji/60/skj_805A.png,u7a6b-t,collection_id_exact,3,e9fb2fb189494a2b12a7a50842a2ab4fe8cf39f9d50fa1207f35ea59b8388167,u7a6b-t.svg,
CE-000750,穫,1/準1級,旧字,https://www.kanjipedia.jp/common/images/kanji/60/skj_805A.png,u7a6b-j,collection_id_exact,5,afebf4806b910c9a528a4fa6bcf5569e8190df99af28ffafa3ddf45e9d71a4b6,u7a6b-j.svg,
CE-000750,穫,1/準1級,旧字,https://www.kanjipedia.jp/common/images/kanji/60/skj_805A.png,u7a6b,unicode_exact,13,afebf4806b910c9a528a4fa6bcf5569e8190df99af28ffafa3ddf45e9d71a4b6,u7a6b.svg,
CE-000783,綛,1級,親字,https://www.kanjipedia.jp/common/images/kanji/180/std_7D9B.png,u7d9b-ue0100,ivs_exact,8,fb34aa833dc4fdfe7631bd344d27e241ec7d58d553725f00c71c35cb82eb21a7,u7d9b-ue0100.svg,
CE-000783,綛,1級,親字,https://www.kanjipedia.jp/common/images/kanji/180/std_7D9B.png,u7d9b-ue0101,ivs_exact,10,96d2efac66a4c2193b9da277cc959275a6aee56f6c291e28e773af2fd214539f,u7d9b-ue0101.svg,
CE-000783,綛,1級,親字,https://www.kanjipedia.jp/common/images/kanji/180/std_7D9B.png,u7d9b-ue0102,ivs_exact,6,fb34aa833dc4fdfe7631bd344d27e241ec7d58d553725f00c71c35cb82eb21a7,u7d9b-ue0102.svg,
CE-000783,綛,1級,親字,https://www.kanjipedia.jp/common/images/kanji/180/std_7D9B.png,u7d9b-ue0103,ivs_exact,6,4c96a5d1bf3a65cc8efd70f5f754864ff44ec59ccc22710a61da5b1ce2878623,u7d9b-ue0103.svg,
CE-000783,綛,1級,親字,https://www.kanjipedia.jp/common/images/kanji/180/std_7D9B.png,u7d9b-k,collection_id_exact,2,96d2efac66a4c2193b9da277cc959275a6aee56f6c291e28e773af2fd214539f,u7d9b-k.svg,
CE-000783,綛,1級,親字,https://www.kanjipedia.jp/common/images/kanji/180/std_7D9B.png,u7d9b-j,collection_id_exact,2,fb34aa833dc4fdfe7631bd344d27e241ec7d58d553725f00c71c35cb82eb21a7,u7d9b-j.svg,
CE-000783,綛,1級,親字,https://www.kanjipedia.jp/common/images/kanji/180/std_7D9B.png,u7d9b,unicode_exact,10,fb34aa833dc4fdfe7631bd344d27e241ec7d58d553725f00c71c35cb82eb21a7,u7d9b.svg,
CE-000800,割,1/準1級,旧字,https://www.kanjipedia.jp/common/images/kanji/60/pr_2F822.png,u5272-ue0100,ivs_exact,21,be32955466e3bb4d569c3d4d24cc329378e0371ae15d087161f43c5829b6f329,u5272-ue0100.svg,
CE-000800,割,1/準1級,旧字,https://www.kanjipedia.jp/common/images/kanji/60/pr_2F822.png,u5272-ue0101,ivs_exact,18,f7bd3a47d4880fd2a1a046cb0eedca79a8769c2eda92de2561fad9c5abfa9ea1,u5272-ue0101.svg,
CE-000800,割,1/準1級,旧字,https://www.kanjipedia.jp/common/images/kanji/60/pr_2F822.png,u5272-ue0102,ivs_exact,13,63f1c8ffdda97abf3e6a541f5e3a33bb2d8c5c870e40e59ab33f44c3aad8fcac,u5272-ue0102.svg,
CE-000800,割,1/準1級,旧字,https://www.kanjipedia.jp/common/images/kanji/60/pr_2F822.png,u5272-ue0103,ivs_exact,11,aa05caba79939b70cbc4b55870ab3a511b90126438c79c03f9d582f796a7bbf1,u5272-ue0103.svg,
CE-000800,割,1/準1級,旧字,https://www.kanjipedia.jp/common/images/kanji/60/pr_2F822.png,u5272-k,collection_id_exact,9,2b7c9050bcf35b79dc56766ad3f26425c92033ac07344ca66d4fd33e8ac1ba2f,u5272-k.svg,
CE-000800,割,1/準1級,旧字,https://www.kanjipedia.jp/common/images/kanji/60/pr_2F822.png,u5272-t,collection_id_exact,6,1ab303261041789aca478b7fac5f33f4a6440edc2631133c54b5df9acaaba668,u5272-t.svg,
CE-000800,割,1/準1級,旧字,https://www.kanjipedia.jp/common/images/kanji/60/pr_2F822.png,u5272-j,collection_id_exact,6,aa05caba79939b70cbc4b55870ab3a511b90126438c79c03f9d582f796a7bbf1,u5272-j.svg,
CE-000800,割,1/準1級,旧字,https://www.kanjipedia.jp/common/images/kanji/60/pr_2F822.png,u5272,unicode_exact,17,aa05caba79939b70cbc4b55870ab3a511b90126438c79c03f9d582f796a7bbf1,u5272.svg,
CE-000813,豁,1級,親字,https://www.kanjipedia.jp/common/images/kanji/180/std_8C41.png,u8c41-ue0100,ivs_exact,9,554c441e768fb5d38c106cb7e5820793aeb344175b6cb5ad68c8fac55e231c9c,u8c41-ue0100.svg,
CE-000813,豁,1級,親字,https://www.kanjipedia.jp/common/images/kanji/180/std_8C41.png,u8c41-ue0101,ivs_exact,6,554c441e768fb5d38c106cb7e5820793aeb344175b6cb5ad68c8fac55e231c9c,u8c41-ue0101.svg,
CE-000813,豁,1級,親字,https://www.kanjipedia.jp/common/images/kanji/180/std_8C41.png,u8c41-ue0102,ivs_exact,5,b7041c5e5773367e68a500c4f0349cd4603ffd8fd43ff4b8f3d6037329ecff5e,u8c41-ue0102.svg,
CE-000813,豁,1級,親字,https://www.kanjipedia.jp/common/images/kanji/180/std_8C41.png,u8c41-ue0103,ivs_exact,5,2e967273fed34954974d1d6241d3fb4326a52c06f0d7aa44c0fa8f1182b5304f,u8c41-ue0103.svg,
CE-000813,豁,1級,親字,https://www.kanjipedia.jp/common/images/kanji/180/std_8C41.png,u8c41-k,collection_id_exact,11,8bc17197f581e1d63953860e72b5e73a02884cef2480e8b3cbb1d3d6bec7c948,u8c41-k.svg,
CE-000813,豁,1級,親字,https://www.kanjipedia.jp/common/images/kanji/180/std_8C41.png,u8c41-j,collection_id_exact,1,554c441e768fb5d38c106cb7e5820793aeb344175b6cb5ad68c8fac55e231c9c,u8c41-j.svg,
CE-000813,豁,1級,親字,https://www.kanjipedia.jp/common/images/kanji/180/std_8C41.png,u8c41,unicode_exact,13,554c441e768fb5d38c106cb7e5820793aeb344175b6cb5ad68c8fac55e231c9c,u8c41.svg,
CE-000816,轄,1/準1級,旧字,https://www.kanjipedia.jp/common/images/kanji/60/pr_8F44.png,u8f44-ue0100,ivs_exact,14,2cf0219912c6be1b18c316de9f752cbd9ecd79ead1e0ebec72de86a376084293,u8f44-ue0100.svg,
CE-000816,轄,1/準1級,旧字,https://www.kanjipedia.jp/common/images/kanji/60/pr_8F44.png,u8f44-ue0101,ivs_exact,18,1a7132e6536e86b67371f1dff72015725f0e0d59adf62807d01a9f8a7728386b,u8f44-ue0101.svg,
CE-000816,轄,1/準1級,旧字,https://www.kanjipedia.jp/common/images/kanji/60/pr_8F44.png,u8f44-ue0102,ivs_exact,9,27269003aedbbd078d39a4f7260cfa7510f06351f812373426c61e194bfaa4b9,u8f44-ue0102.svg,
CE-000816,轄,1/準1級,旧字,https://www.kanjipedia.jp/common/images/kanji/60/pr_8F44.png,u8f44-ue0103,ivs_exact,6,729c452c80dc0c0c4bd2686f357f69883fd8ce214515e9ad43c57407d0162f48,u8f44-ue0103.svg,
CE-000816,轄,1/準1級,旧字,https://www.kanjipedia.jp/common/images/kanji/60/pr_8F44.png,u8f44-k,collection_id_exact,8,754266da37fbf0c5274ee6c8d71a50037070039f9f780a77b92f50f4e72841b9,u8f44-k.svg,
CE-000816,轄,1/準1級,旧字,https://www.kanjipedia.jp/common/images/kanji/60/pr_8F44.png,u8f44,unicode_exact,12,729c452c80dc0c0c4bd2686f357f69883fd8ce214515e9ad43c57407d0162f48,u8f44.svg,
CE-000826,鎌,1/準1級,旧字,https://www.kanjipedia.jp/common/images/kanji/60/pr_938C.png,u938c-ue0100,ivs_exact,7,792440642d66b1c115eb709b2a626285c259cb43d28c33f7b139584ff91571fa,u938c-ue0100.svg,
CE-000826,鎌,1/準1級,旧字,https://www.kanjipedia.jp/common/images/kanji/60/pr_938C.png,u938c-ue0101,ivs_exact,10,90a0df03b0bbc16d01e6543e6f595dbb824bed3f69d2fc89e9e97df08b682c79,u938c-ue0101.svg,
CE-000826,鎌,1/準1級,旧字,https://www.kanjipedia.jp/common/images/kanji/60/pr_938C.png,u938c-ue0102,ivs_exact,4,792440642d66b1c115eb709b2a626285c259cb43d28c33f7b139584ff91571fa,u938c-ue0102.svg,
CE-000826,鎌,1/準1級,旧字,https://www.kanjipedia.jp/common/images/kanji/60/pr_938C.png,u938c-ue0103,ivs_exact,3,776bea4251ea15ba966d86202952184a04e0117ebb393372efc0787d68861a65,u938c-ue0103.svg,
CE-000826,鎌,1/準1級,旧字,https://www.kanjipedia.jp/common/images/kanji/60/pr_938C.png,u938c-k,collection_id_exact,14,90a0df03b0bbc16d01e6543e6f595dbb824bed3f69d2fc89e9e97df08b682c79,u938c-k.svg,
CE-000826,鎌,1/準1級,旧字,https://www.kanjipedia.jp/common/images/kanji/60/pr_938C.png,u938c,unicode_exact,8,792440642d66b1c115eb709b2a626285c259cb43d28c33f7b139584ff91571fa,u938c.svg,
CE-000839,缶,1/準1級,旧字,,u7f36-ue0100,ivs_exact,3,e410b52842a473aa119860fafd5ac2e87a1c9000a58ce428a975fcfcadaafcf2,u7f36-ue0100.svg,
CE-000839,缶,1/準1級,旧字,,u7f36-k,collection_id_exact,3,e410b52842a473aa119860fafd5ac2e87a1c9000a58ce428a975fcfcadaafcf2,u7f36-k.svg,
CE-000839,缶,1/準1級,旧字,,u7f36-t,collection_id_exact,4,6902a6f01e34e0b3c54dbbc140c5feebb8347bd4037318497f1e8d1a2a174522,u7f36-t.svg,
CE-000839,缶,1/準1級,旧字,,u7f36-j,collection_id_exact,2,e410b52842a473aa119860fafd5ac2e87a1c9000a58ce428a975fcfcadaafcf2,u7f36-j.svg,
CE-000839,缶,1/準1級,旧字,,u7f36,unicode_exact,3,e410b52842a473aa119860fafd5ac2e87a1c9000a58ce428a975fcfcadaafcf2,u7f36.svg,
CE-000904,勧,1/準1級,旧字,,u52e7-ue0100,ivs_exact,10,104004eea95f41b623b439a1674215486c9c7f59b85f0693d98884bfe3e9dbe2,u52e7-ue0100.svg,
CE-000904,勧,1/準1級,旧字,,u52e7-k,collection_id_exact,1,9c43135b0330170bae667bd48d89082f00740098b9c7269a644ad08c62ff04cd,u52e7-k.svg,
CE-000904,勧,1/準1級,旧字,,u52e7-t,collection_id_exact,1,a98869ae3296968d8d2838c2687820f39d22069b8a2c44e34f5a0adf1beaeb37,u52e7-t.svg,
CE-000904,勧,1/準1級,旧字,,u52e7-j,collection_id_exact,2,9c43135b0330170bae667bd48d89082f00740098b9c7269a644ad08c62ff04cd,u52e7-j.svg,
CE-000904,勧,1/準1級,旧字,,u52e7,unicode_exact,12,104004eea95f41b623b439a1674215486c9c7f59b85f0693d98884bfe3e9dbe2,u52e7.svg,
CE-000907,寛,1/準1級,旧字,,u5bdb-ue0100,ivs_exact,7,457a4c5bf5dae2bfba66b6163f076b8b0631507a4623734b407b745f4de77a4c,u5bdb-ue0100.svg,
CE-000907,寛,1/準1級,旧字,,u5bdb-ue0101,ivs_exact,7,4d85763a5401dec2c1512453035761f977da0f3ee06da8d304c3ecfb4e98d6d3,u5bdb-ue0101.svg,
CE-000907,寛,1/準1級,旧字,,u5bdb-ue0102,ivs_exact,4,457a4c5bf5dae2bfba66b6163f076b8b0631507a4623734b407b745f4de77a4c,u5bdb-ue0102.svg,
CE-000907,寛,1/準1級,旧字,,u5bdb-ue0103,ivs_exact,5,70a5e9bc6f80f372608d755966a5fb5cb48d5d007eea0cc4f6eb65ffb758653d,u5bdb-ue0103.svg,
CE-000907,寛,1/準1級,旧字,,u5bdb-t,collection_id_exact,2,d42b73870e46192e087ac1bcc27daffea7c2390e4ca5918e3053db796c1a7198,u5bdb-t.svg,
CE-000907,寛,1/準1級,旧字,,u5bdb-j,collection_id_exact,3,457a4c5bf5dae2bfba66b6163f076b8b0631507a4623734b407b745f4de77a4c,u5bdb-j.svg,
CE-000907,寛,1/準1級,旧字,,u5bdb,unicode_exact,7,457a4c5bf5dae2bfba66b6163f076b8b0631507a4623734b407b745f4de77a4c,u5bdb.svg,
CE-000926,歓,1/準1級,旧字,,u6b53-ue0100,ivs_exact,11,124a35ee00e01120f8c29783d431c55a80918b26aff6bd11dc0054319eb9ed82,u6b53-ue0100.svg,
CE-000926,歓,1/準1級,旧字,,u6b53-j,collection_id_exact,2,d2b9116944e4b711b5f2c33ea0d6bf6defd7a029cdfe5561ae26357887d96c20,u6b53-j.svg,
CE-000926,歓,1/準1級,旧字,,u6b53,unicode_exact,12,d2b9116944e4b711b5f2c33ea0d6bf6defd7a029cdfe5561ae26357887d96c20,u6b53.svg,
CE-000946,還,1/準1級,旧字,https://www.kanjipedia.jp/common/images/kanji/60/pr_9084.png,u9084-ue0100,ivs_exact,13,83ad0841d14c0cfcf8006810edb4db6a0bc6dcb01fd823124db08b87ed9e2e89,u9084-ue0100.svg,
CE-000946,還,1/準1級,旧字,https://www.kanjipedia.jp/common/images/kanji/60/pr_9084.png,u9084-ue0101,ivs_exact,11,9393f7b4b660e4bc9c52bd74165a99b059f911ce4a2786e962ea2c46dd930d54,u9084-ue0101.svg,
CE-000946,還,1/準1級,旧字,https://www.kanjipedia.jp/common/images/kanji/60/pr_9084.png,u9084-ue0102,ivs_exact,10,83ad0841d14c0cfcf8006810edb4db6a0bc6dcb01fd823124db08b87ed9e2e89,u9084-ue0102.svg,
CE-000946,還,1/準1級,旧字,https://www.kanjipedia.jp/common/images/kanji/60/pr_9084.png,u9084-ue0103,ivs_exact,7,9393f7b4b660e4bc9c52bd74165a99b059f911ce4a2786e962ea2c46dd930d54,u9084-ue0103.svg,
CE-000946,還,1/準1級,旧字,https://www.kanjipedia.jp/common/images/kanji/60/pr_9084.png,u9084-k,collection_id_exact,11,9393f7b4b660e4bc9c52bd74165a99b059f911ce4a2786e962ea2c46dd930d54,u9084-k.svg,
CE-000946,還,1/準1級,旧字,https://www.kanjipedia.jp/common/images/kanji/60/pr_9084.png,u9084-t,collection_id_exact,6,c3e7d527f0e0baf7e528b197da22d40eddebb7625ef1a53e0d3c06dd3f5f2cc3,u9084-t.svg,
CE-000946,還,1/準1級,旧字,https://www.kanjipedia.jp/common/images/kanji/60/pr_9084.png,u9084-j,collection_id_exact,7,83ad0841d14c0cfcf8006810edb4db6a0bc6dcb01fd823124db08b87ed9e2e89,u9084-j.svg,
CE-000946,還,1/準1級,旧字,https://www.kanjipedia.jp/common/images/kanji/60/pr_9084.png,u9084,unicode_exact,14,83ad0841d14c0cfcf8006810edb4db6a0bc6dcb01fd823124db08b87ed9e2e89,u9084.svg,
CE-000959,観,1/準1級,旧字,,u89b3-ue0100,ivs_exact,13,3acd7d0cf26c44a493ea63f33d2030300fba38ca04bf8d576607c6593ae887eb,u89b3-ue0100.svg,
CE-000959,観,1/準1級,旧字,,u89b3-j,collection_id_exact,4,e9945096750a2f10c4e318c6b4ea9ab5dc0c21f79e83f2b6c9006e913c144b03,u89b3-j.svg,
CE-000959,観,1/準1級,旧字,,u89b3,unicode_exact,13,3acd7d0cf26c44a493ea63f33d2030300fba38ca04bf8d576607c6593ae887eb,u89b3.svg,
CE-000962,韓,1/準1級,旧字,https://www.kanjipedia.jp/common/images/kanji/60/pr_97D3.png,u97d3-ue0100,ivs_exact,13,b7888260beeea92d027654b63a54dc941413aec0e70d40eb164cdf52b0364c7d,u97d3-ue0100.svg,
CE-000962,韓,1/準1級,旧字,https://www.kanjipedia.jp/common/images/kanji/60/pr_97D3.png,u97d3-ue0101,ivs_exact,10,c9da581e177dc8434fb52d7e4a195cb3405cc976b2a332a8764599e5c1462402,u97d3-ue0101.svg,
CE-000962,韓,1/準1級,旧字,https://www.kanjipedia.jp/common/images/kanji/60/pr_97D3.png,u97d3-ue0102,ivs_exact,10,b7888260beeea92d027654b63a54dc941413aec0e70d40eb164cdf52b0364c7d,u97d3-ue0102.svg,
CE-000962,韓,1/準1級,旧字,https://www.kanjipedia.jp/common/images/kanji/60/pr_97D3.png,u97d3-ue0103,ivs_exact,13,6c62befd69fc327286db6da8e88a6dd4f292416a025b671480e1543876a99c00,u97d3-ue0103.svg,
CE-000962,韓,1/準1級,旧字,https://www.kanjipedia.jp/common/images/kanji/60/pr_97D3.png,u97d3-k,collection_id_exact,12,507d6488f5ba2150da516517beef006b4f76d76e3d8d3b529fb944d503a5e83c,u97d3-k.svg,
CE-000962,韓,1/準1級,旧字,https://www.kanjipedia.jp/common/images/kanji/60/pr_97D3.png,u97d3-t,collection_id_exact,2,616800156342d38c193e568330f3ed4c5553791c50263b37ecd958ea264ca7c9,u97d3-t.svg,
CE-000962,韓,1/準1級,旧字,https://www.kanjipedia.jp/common/images/kanji/60/pr_97D3.png,u97d3-j,collection_id_exact,6,507d6488f5ba2150da516517beef006b4f76d76e3d8d3b529fb944d503a5e83c,u97d3-j.svg,
CE-000962,韓,1/準1級,旧字,https://www.kanjipedia.jp/common/images/kanji/60/pr_97D3.png,u97d3,unicode_exact,14,b7888260beeea92d027654b63a54dc941413aec0e70d40eb164cdf52b0364c7d,u97d3.svg,
CE-001034,既,1/準1級,旧字,https://www.kanjipedia.jp/common/images/kanji/60/skj_8062.png,u65e2-ue0100,ivs_exact,14,190b4ec5038d5c9a33df98b10407bc68640c7b275453554a47cdfb7dde3ad24b,u65e2-ue0100.svg,
CE-001034,既,1/準1級,旧字,https://www.kanjipedia.jp/common/images/kanji/60/skj_8062.png,u65e2-ue0101,ivs_exact,8,629f30c1dc3d2711f68ba959360834033dca757d0fd639bfc5d5e4671e221353,u65e2-ue0101.svg,
CE-001034,既,1/準1級,旧字,https://www.kanjipedia.jp/common/images/kanji/60/skj_8062.png,u65e2-ue0102,ivs_exact,7,629f30c1dc3d2711f68ba959360834033dca757d0fd639bfc5d5e4671e221353,u65e2-ue0102.svg,
CE-001034,既,1/準1級,旧字,https://www.kanjipedia.jp/common/images/kanji/60/skj_8062.png,u65e2-ue0103,ivs_exact,9,dc2fbed2ca822a62a6ec7c3a99f23fc6b5ace250cfd5bb78f7fba8d37fab9366,u65e2-ue0103.svg,
CE-001034,既,1/準1級,旧字,https://www.kanjipedia.jp/common/images/kanji/60/skj_8062.png,u65e2-t,collection_id_exact,4,d3a7e3930af3062728bb5d5775daa36b60dd92bb915a9d33b196f7cc8dd28f64,u65e2-t.svg,
CE-001034,既,1/準1級,旧字,https://www.kanjipedia.jp/common/images/kanji/60/skj_8062.png,u65e2-j,collection_id_exact,2,629f30c1dc3d2711f68ba959360834033dca757d0fd639bfc5d5e4671e221353,u65e2-j.svg,
CE-001034,既,1/準1級,旧字,https://www.kanjipedia.jp/common/images/kanji/60/skj_8062.png,u65e2,unicode_exact,8,629f30c1dc3d2711f68ba959360834033dca757d0fd639bfc5d5e4671e221353,u65e2.svg,
CE-001039,飢,1/準1級,旧字,https://www.kanjipedia.jp/common/images/kanji/60/pr_98E2.png,u98e2-ue0100,ivs_exact,6,e9f13ae3b02223a13b510539e5c98b7e782a03e6d6efc60869ca2eb39c08c62b,u98e2-ue0100.svg,
CE-001039,飢,1/準1級,旧字,https://www.kanjipedia.jp/common/images/kanji/60/pr_98E2.png,u98e2-ue0101,ivs_exact,4,67e3083316d1407fa63931849a719b40f0c03399c97b6fedc1153bc3abcfca43,u98e2-ue0101.svg,
CE-001039,飢,1/準1級,旧字,https://www.kanjipedia.jp/common/images/kanji/60/pr_98E2.png,u98e2-ue0102,ivs_exact,4,e9f13ae3b02223a13b510539e5c98b7e782a03e6d6efc60869ca2eb39c08c62b,u98e2-ue0102.svg,
CE-001039,飢,1/準1級,旧字,https://www.kanjipedia.jp/common/images/kanji/60/pr_98E2.png,u98e2-ue0103,ivs_exact,7,7e188fd9a59e1268197a455d10c7b37ac4508ccc33136c1bb1157231f5220d14,u98e2-ue0103.svg,
CE-001039,飢,1/準1級,旧字,https://www.kanjipedia.jp/common/images/kanji/60/pr_98E2.png,u98e2-k,collection_id_exact,3,67e3083316d1407fa63931849a719b40f0c03399c97b6fedc1153bc3abcfca43,u98e2-k.svg,
CE-001039,飢,1/準1級,旧字,https://www.kanjipedia.jp/common/images/kanji/60/pr_98E2.png,u98e2-t,collection_id_exact,2,796d25a021c1b24ebcb2dc71b91dc50ce8ec098b77048a8c95b65e56d9055e9b,u98e2-t.svg,
CE-001039,飢,1/準1級,旧字,https://www.kanjipedia.jp/common/images/kanji/60/pr_98E2.png,u98e2-j,collection_id_exact,2,e9f13ae3b02223a13b510539e5c98b7e782a03e6d6efc60869ca2eb39c08c62b,u98e2-j.svg,
CE-001039,飢,1/準1級,旧字,https://www.kanjipedia.jp/common/images/kanji/60/pr_98E2.png,u98e2,unicode_exact,7,e9f13ae3b02223a13b510539e5c98b7e782a03e6d6efc60869ca2eb39c08c62b,u98e2.svg,
CE-001093,曁,1級,親字,https://www.kanjipedia.jp/common/images/kanji/180/std_66C1.png,u66c1-ue0100,ivs_exact,15,4bd13a791ea6acd193cb0eb17554d3021038f1fae3193130bf629b5568c91738,u66c1-ue0100.svg,
CE-001093,曁,1級,親字,https://www.kanjipedia.jp/common/images/kanji/180/std_66C1.png,u66c1-ue0101,ivs_exact,5,dda27f65baac6f4f4b3c44722e89bdd8da233047564a034d8898ed9c25859b75,u66c1-ue0101.svg,
CE-001093,曁,1級,親字,https://www.kanjipedia.jp/common/images/kanji/180/std_66C1.png,u66c1-ue0102,ivs_exact,6,31595487655153fd327d15433edffc1821254c4ee914b612176dc104e3db0629,u66c1-ue0102.svg,
CE-001093,曁,1級,親字,https://www.kanjipedia.jp/common/images/kanji/180/std_66C1.png,u66c1-ue0103,ivs_exact,6,93e2368a564ace5d92441ceb58adeec6fd38f60fa8c872ad86e006207f5f2d42,u66c1-ue0103.svg,
CE-001093,曁,1級,親字,https://www.kanjipedia.jp/common/images/kanji/180/std_66C1.png,u66c1-j,collection_id_exact,4,4bd13a791ea6acd193cb0eb17554d3021038f1fae3193130bf629b5568c91738,u66c1-j.svg,
CE-001093,曁,1級,親字,https://www.kanjipedia.jp/common/images/kanji/180/std_66C1.png,u66c1,unicode_exact,16,4bd13a791ea6acd193cb0eb17554d3021038f1fae3193130bf629b5568c91738,u66c1.svg,
CE-001169,喫,1/準1級,旧字,https://www.kanjipedia.jp/common/images/kanji/60/pr_55AB.png,u55ab-ue0100,ivs_exact,15,523216a367779a6ed57a5d9f1bc438aa9fa662cd4c6d3f79fb0ff7c735ea1582,u55ab-ue0100.svg,
CE-001169,喫,1/準1級,旧字,https://www.kanjipedia.jp/common/images/kanji/60/pr_55AB.png,u55ab-ue0101,ivs_exact,16,192eda5d2f5a3d44531e750ea2c3bd9eb7b46d6b7825319cd80c3ed5bbc36436,u55ab-ue0101.svg,
CE-001169,喫,1/準1級,旧字,https://www.kanjipedia.jp/common/images/kanji/60/pr_55AB.png,u55ab-ue0102,ivs_exact,13,be2b26a6c3b151f020b6dd47e5640a78b4cefd2219b1da4926167ba57d346322,u55ab-ue0102.svg,
CE-001169,喫,1/準1級,旧字,https://www.kanjipedia.jp/common/images/kanji/60/pr_55AB.png,u55ab-ue0103,ivs_exact,11,523216a367779a6ed57a5d9f1bc438aa9fa662cd4c6d3f79fb0ff7c735ea1582,u55ab-ue0103.svg,
CE-001169,喫,1/準1級,旧字,https://www.kanjipedia.jp/common/images/kanji/60/pr_55AB.png,u55ab-k,collection_id_exact,15,56cbe9a6ed9682aeeaed8d30f13ab2dfde59e7192fb6e6f597815de7cd6e3cfe,u55ab-k.svg,
CE-001169,喫,1/準1級,旧字,https://www.kanjipedia.jp/common/images/kanji/60/pr_55AB.png,u55ab-t,collection_id_exact,1,4a6214f46bf77cac954e22c2f0d2a6d961000a9a2866c5bec05b9b3f9aa9846c,u55ab-t.svg,
CE-001169,喫,1/準1級,旧字,https://www.kanjipedia.jp/common/images/kanji/60/pr_55AB.png,u55ab-j,collection_id_exact,5,523216a367779a6ed57a5d9f1bc438aa9fa662cd4c6d3f79fb0ff7c735ea1582,u55ab-j.svg,
CE-001169,喫,1/準1級,旧字,https://www.kanjipedia.jp/common/images/kanji/60/pr_55AB.png,u55ab,unicode_exact,15,523216a367779a6ed57a5d9f1bc438aa9fa662cd4c6d3f79fb0ff7c735ea1582,u55ab.svg,
CE-001178,逆,1/準1級,旧字,https://www.kanjipedia.jp/common/images/kanji/60/pr_9006.png,u9006-ue0100,ivs_exact,11,4f1236fcf2946201cd92fe9e9b6a7c12151e4de968654758291129f099c2bac2,u9006-ue0100.svg,
CE-001178,逆,1/準1級,旧字,https://www.kanjipedia.jp/common/images/kanji/60/pr_9006.png,u9006-ue0101,ivs_exact,11,aab4579b0a756c519ebfd51c175a9ff7f76e67c21a77aee707aee09f874f513f,u9006-ue0101.svg,
CE-001178,逆,1/準1級,旧字,https://www.kanjipedia.jp/common/images/kanji/60/pr_9006.png,u9006-ue0102,ivs_exact,8,4f1236fcf2946201cd92fe9e9b6a7c12151e4de968654758291129f099c2bac2,u9006-ue0102.svg,
CE-001178,逆,1/準1級,旧字,https://www.kanjipedia.jp/common/images/kanji/60/pr_9006.png,u9006-ue0103,ivs_exact,5,aab4579b0a756c519ebfd51c175a9ff7f76e67c21a77aee707aee09f874f513f,u9006-ue0103.svg,
CE-001178,逆,1/準1級,旧字,https://www.kanjipedia.jp/common/images/kanji/60/pr_9006.png,u9006-k,collection_id_exact,12,aab4579b0a756c519ebfd51c175a9ff7f76e67c21a77aee707aee09f874f513f,u9006-k.svg,
CE-001178,逆,1/準1級,旧字,https://www.kanjipedia.jp/common/images/kanji/60/pr_9006.png,u9006-t,collection_id_exact,5,73bf84696d7301e39ffd2b74f10a23013e876ed144ae00ff00a913c0625f630b,u9006-t.svg,
CE-001178,逆,1/準1級,旧字,https://www.kanjipedia.jp/common/images/kanji/60/pr_9006.png,u9006-j,collection_id_exact,6,4f1236fcf2946201cd92fe9e9b6a7c12151e4de968654758291129f099c2bac2,u9006-j.svg,
CE-001178,逆,1/準1級,旧字,https://www.kanjipedia.jp/common/images/kanji/60/pr_9006.png,u9006,unicode_exact,11,4f1236fcf2946201cd92fe9e9b6a7c12151e4de968654758291129f099c2bac2,u9006.svg,
CE-001184,及,1/準1級,旧字,https://www.kanjipedia.jp/common/images/kanji/60/pr_4E41.png,u53ca-ue0100,ivs_exact,5,322112ea5a1c78f2e77903508c98273048449e1bcbe0d20b040d3c7ffccc0644,u53ca-ue0100.svg,
CE-001184,及,1/準1級,旧字,https://www.kanjipedia.jp/common/images/kanji/60/pr_4E41.png,u53ca-ue0101,ivs_exact,8,a8ec69deccfec81e583873979e44ebb80a2f94db6d8f10e7d7fc2140ab28dcbf,u53ca-ue0101.svg,
CE-001184,及,1/準1級,旧字,https://www.kanjipedia.jp/common/images/kanji/60/pr_4E41.png,u53ca-ue0102,ivs_exact,5,322112ea5a1c78f2e77903508c98273048449e1bcbe0d20b040d3c7ffccc0644,u53ca-ue0102.svg,
CE-001184,及,1/準1級,旧字,https://www.kanjipedia.jp/common/images/kanji/60/pr_4E41.png,u53ca-ue0103,ivs_exact,5,a8ec69deccfec81e583873979e44ebb80a2f94db6d8f10e7d7fc2140ab28dcbf,u53ca-ue0103.svg,
CE-001184,及,1/準1級,旧字,https://www.kanjipedia.jp/common/images/kanji/60/pr_4E41.png,u53ca-k,collection_id_exact,5,73d1549eaab047978f72f6a2e4e71f1974970465e754a6929f4c0a2b29e837f4,u53ca-k.svg,
CE-001184,及,1/準1級,旧字,https://www.kanjipedia.jp/common/images/kanji/60/pr_4E41.png,u53ca-t,collection_id_exact,4,a8ec69deccfec81e583873979e44ebb80a2f94db6d8f10e7d7fc2140ab28dcbf,u53ca-t.svg,
CE-001184,及,1/準1級,旧字,https://www.kanjipedia.jp/common/images/kanji/60/pr_4E41.png,u53ca-j,collection_id_exact,4,322112ea5a1c78f2e77903508c98273048449e1bcbe0d20b040d3c7ffccc0644,u53ca-j.svg,
CE-001184,及,1/準1級,旧字,https://www.kanjipedia.jp/common/images/kanji/60/pr_4E41.png,u53ca,unicode_exact,5,322112ea5a1c78f2e77903508c98273048449e1bcbe0d20b040d3c7ffccc0644,u53ca.svg,
CE-001189,旧,1/準1級,旧字,,u65e7-ue0100,ivs_exact,5,bb0235e7053bf237dea274cd56fa9f1ec2d5b427c4f7b84d659df964e8cd850e,u65e7-ue0100.svg,
CE-001189,旧,1/準1級,旧字,,u65e7-k,collection_id_exact,1,bb0235e7053bf237dea274cd56fa9f1ec2d5b427c4f7b84d659df964e8cd850e,u65e7-k.svg,
CE-001189,旧,1/準1級,旧字,,u65e7-t,collection_id_exact,1,bb0235e7053bf237dea274cd56fa9f1ec2d5b427c4f7b84d659df964e8cd850e,u65e7-t.svg,
CE-001189,旧,1/準1級,旧字,,u65e7-j,collection_id_exact,1,bb0235e7053bf237dea274cd56fa9f1ec2d5b427c4f7b84d659df964e8cd850e,u65e7-j.svg,
CE-001189,旧,1/準1級,旧字,,u65e7,unicode_exact,6,bb0235e7053bf237dea274cd56fa9f1ec2d5b427c4f7b84d659df964e8cd850e,u65e7.svg,
CE-001193,吸,1/準1級,旧字,https://www.kanjipedia.jp/common/images/kanji/60/pr_5438.png,u5438-ue0100,ivs_exact,17,2f6386f077f19699cd6874fae8f2141df8e38a3ae1a61cf56e0d9b0ed29bc5a0,u5438-ue0100.svg,
CE-001193,吸,1/準1級,旧字,https://www.kanjipedia.jp/common/images/kanji/60/pr_5438.png,u5438-ue0101,ivs_exact,15,82907a8734dd55a73f80fef274a796c45125fb3c36dff7d7f7c6d65da834a2d9,u5438-ue0101.svg,
CE-001193,吸,1/準1級,旧字,https://www.kanjipedia.jp/common/images/kanji/60/pr_5438.png,u5438-ue0102,ivs_exact,10,2f6386f077f19699cd6874fae8f2141df8e38a3ae1a61cf56e0d9b0ed29bc5a0,u5438-ue0102.svg,
CE-001193,吸,1/準1級,旧字,https://www.kanjipedia.jp/common/images/kanji/60/pr_5438.png,u5438-ue0103,ivs_exact,9,82907a8734dd55a73f80fef274a796c45125fb3c36dff7d7f7c6d65da834a2d9,u5438-ue0103.svg,
CE-001193,吸,1/準1級,旧字,https://www.kanjipedia.jp/common/images/kanji/60/pr_5438.png,u5438-k,collection_id_exact,8,82907a8734dd55a73f80fef274a796c45125fb3c36dff7d7f7c6d65da834a2d9,u5438-k.svg,
CE-001193,吸,1/準1級,旧字,https://www.kanjipedia.jp/common/images/kanji/60/pr_5438.png,u5438-t,collection_id_exact,3,244e24a301da93488a70f7e2972282012bee5b87d964a743241f97f3d1fd94a2,u5438-t.svg,
CE-001193,吸,1/準1級,旧字,https://www.kanjipedia.jp/common/images/kanji/60/pr_5438.png,u5438-j,collection_id_exact,7,2f6386f077f19699cd6874fae8f2141df8e38a3ae1a61cf56e0d9b0ed29bc5a0,u5438-j.svg,
CE-001193,吸,1/準1級,旧字,https://www.kanjipedia.jp/common/images/kanji/60/pr_5438.png,u5438,unicode_exact,17,2f6386f077f19699cd6874fae8f2141df8e38a3ae1a61cf56e0d9b0ed29bc5a0,u5438.svg,
CE-001210,急,1/準1級,旧字,https://www.kanjipedia.jp/common/images/kanji/60/pr_6025.png,u6025-ue0100,ivs_exact,8,ec6538772394547e3f916d829d148d39dfe49881296b4337b7cabb7770e3d19c,u6025-ue0100.svg,
CE-001210,急,1/準1級,旧字,https://www.kanjipedia.jp/common/images/kanji/60/pr_6025.png,u6025-ue0101,ivs_exact,6,36b8577538e9f1d6685a63d6e55605dbb83b49b679a3c8177549fcd8b26d9850,u6025-ue0101.svg,
CE-001210,急,1/準1級,旧字,https://www.kanjipedia.jp/common/images/kanji/60/pr_6025.png,u6025-ue0102,ivs_exact,5,ec6538772394547e3f916d829d148d39dfe49881296b4337b7cabb7770e3d19c,u6025-ue0102.svg,
CE-001210,急,1/準1級,旧字,https://www.kanjipedia.jp/common/images/kanji/60/pr_6025.png,u6025-ue0103,ivs_exact,3,36b8577538e9f1d6685a63d6e55605dbb83b49b679a3c8177549fcd8b26d9850,u6025-ue0103.svg,
CE-001210,急,1/準1級,旧字,https://www.kanjipedia.jp/common/images/kanji/60/pr_6025.png,u6025-k,collection_id_exact,3,36b8577538e9f1d6685a63d6e55605dbb83b49b679a3c8177549fcd8b26d9850,u6025-k.svg,
CE-001210,急,1/準1級,旧字,https://www.kanjipedia.jp/common/images/kanji/60/pr_6025.png,u6025-t,collection_id_exact,1,1982855b7b6ea3c049732716b248bb5cb7ed19eeeba97b02e75ac502ec89c16b,u6025-t.svg,
CE-001210,急,1/準1級,旧字,https://www.kanjipedia.jp/common/images/kanji/60/pr_6025.png,u6025-j,collection_id_exact,2,ec6538772394547e3f916d829d148d39dfe49881296b4337b7cabb7770e3d19c,u6025-j.svg,
CE-001210,急,1/準1級,旧字,https://www.kanjipedia.jp/common/images/kanji/60/pr_6025.png,u6025,unicode_exact,11,ec6538772394547e3f916d829d148d39dfe49881296b4337b7cabb7770e3d19c,u6025.svg,
CE-001213,級,1/準1級,旧字,https://www.kanjipedia.jp/common/images/kanji/60/pr_7D1A.png,u7d1a-ue0100,ivs_exact,13,6ac2ab18d0247cc475e6e1e10262cd129fd1ecced70575322000f219e6a4a9b8,u7d1a-ue0100.svg,
CE-001213,級,1/準1級,旧字,https://www.kanjipedia.jp/common/images/kanji/60/pr_7D1A.png,u7d1a-ue0101,ivs_exact,10,6c650b857c17d70ec4ffdac0432e86006ee734439044309cc9572e71c3e232e2,u7d1a-ue0101.svg,
CE-001213,級,1/準1級,旧字,https://www.kanjipedia.jp/common/images/kanji/60/pr_7D1A.png,u7d1a-ue0102,ivs_exact,9,6ac2ab18d0247cc475e6e1e10262cd129fd1ecced70575322000f219e6a4a9b8,u7d1a-ue0102.svg,
CE-001213,級,1/準1級,旧字,https://www.kanjipedia.jp/common/images/kanji/60/pr_7D1A.png,u7d1a-ue0103,ivs_exact,6,6c650b857c17d70ec4ffdac0432e86006ee734439044309cc9572e71c3e232e2,u7d1a-ue0103.svg,
CE-001213,級,1/準1級,旧字,https://www.kanjipedia.jp/common/images/kanji/60/pr_7D1A.png,u7d1a-k,collection_id_exact,11,6c650b857c17d70ec4ffdac0432e86006ee734439044309cc9572e71c3e232e2,u7d1a-k.svg,
CE-001213,級,1/準1級,旧字,https://www.kanjipedia.jp/common/images/kanji/60/pr_7D1A.png,u7d1a-t,collection_id_exact,3,e0d4b0dfd5982281f87bec0802ad7cbce76d126b8afea22b7747730751d259bd,u7d1a-t.svg,
CE-001213,級,1/準1級,旧字,https://www.kanjipedia.jp/common/images/kanji/60/pr_7D1A.png,u7d1a-j,collection_id_exact,3,6ac2ab18d0247cc475e6e1e10262cd129fd1ecced70575322000f219e6a4a9b8,u7d1a-j.svg,
CE-001213,級,1/準1級,旧字,https://www.kanjipedia.jp/common/images/kanji/60/pr_7D1A.png,u7d1a,unicode_exact,14,6ac2ab18d0247cc475e6e1e10262cd129fd1ecced70575322000f219e6a4a9b8,u7d1a.svg,
CE-001215,糾,1/準1級,旧字,https://www.kanjipedia.jp/common/images/kanji/60/skj_8065.png,u7cfe-ue0100,ivs_exact,13,c184553f63aa8e32b3a6f3b48d386fbd91f4402569ffb36c05376db92b8e857e,u7cfe-ue0100.svg,
CE-001215,糾,1/準1級,旧字,https://www.kanjipedia.jp/common/images/kanji/60/skj_8065.png,u7cfe-ue0101,ivs_exact,10,c184553f63aa8e32b3a6f3b48d386fbd91f4402569ffb36c05376db92b8e857e,u7cfe-ue0101.svg,
CE-001215,糾,1/準1級,旧字,https://www.kanjipedia.jp/common/images/kanji/60/skj_8065.png,u7cfe-ue0102,ivs_exact,10,df06899ff953bdc936731eeee2cb5f86c664b71a5a31e834ceb413ceb5121aaf,u7cfe-ue0102.svg,
CE-001215,糾,1/準1級,旧字,https://www.kanjipedia.jp/common/images/kanji/60/skj_8065.png,u7cfe-k,collection_id_exact,12,c184553f63aa8e32b3a6f3b48d386fbd91f4402569ffb36c05376db92b8e857e,u7cfe-k.svg,
CE-001215,糾,1/準1級,旧字,https://www.kanjipedia.jp/common/images/kanji/60/skj_8065.png,u7cfe-t,collection_id_exact,1,1200fb762241c35792c5b58d1f1993ef866d3984d7b5f5cc557a7afd1b5d4f05,u7cfe-t.svg,
CE-001215,糾,1/準1級,旧字,https://www.kanjipedia.jp/common/images/kanji/60/skj_8065.png,u7cfe-j,collection_id_exact,2,c184553f63aa8e32b3a6f3b48d386fbd91f4402569ffb36c05376db92b8e857e,u7cfe-j.svg,
CE-001215,糾,1/準1級,旧字,https://www.kanjipedia.jp/common/images/kanji/60/skj_8065.png,u7cfe,unicode_exact,15,c184553f63aa8e32b3a6f3b48d386fbd91f4402569ffb36c05376db92b8e857e,u7cfe.svg,
CE-001220,赳,1/準1級,旧字,https://www.kanjipedia.jp/common/images/kanji/60/skj_8066.png,u8d73-ue0100,ivs_exact,5,efe4486314e467369f6eb6389f5786e32599ad5bff9dd4029e22feab7736eb66,u8d73-ue0100.svg,
CE-001220,赳,1/準1級,旧字,https://www.kanjipedia.jp/common/images/kanji/60/skj_8066.png,u8d73-ue0101,ivs_exact,5,fde0c6c0369750de2e83e19cf951d8d599aabba8c1c7e435a041c17c91754a79,u8d73-ue0101.svg,
CE-001220,赳,1/準1級,旧字,https://www.kanjipedia.jp/common/images/kanji/60/skj_8066.png,u8d73-ue0102,ivs_exact,4,01b94f58a8ac01cd95c9b87f98e866efcb0f1fa33bb9e03beaf599e6890ae8d5,u8d73-ue0102.svg,
CE-001220,赳,1/準1級,旧字,https://www.kanjipedia.jp/common/images/kanji/60/skj_8066.png,u8d73-ue0103,ivs_exact,7,6e8989146057c9239825f9c8d9dbdea87ed977b234da366f5a5b9fb5ceb10b6b,u8d73-ue0103.svg,
CE-001220,赳,1/準1級,旧字,https://www.kanjipedia.jp/common/images/kanji/60/skj_8066.png,u8d73-k,collection_id_exact,6,01b94f58a8ac01cd95c9b87f98e866efcb0f1fa33bb9e03beaf599e6890ae8d5,u8d73-k.svg,
CE-001220,赳,1/準1級,旧字,https://www.kanjipedia.jp/common/images/kanji/60/skj_8066.png,u8d73-j,collection_id_exact,3,01b94f58a8ac01cd95c9b87f98e866efcb0f1fa33bb9e03beaf599e6890ae8d5,u8d73-j.svg,
CE-001220,赳,1/準1級,旧字,https://www.kanjipedia.jp/common/images/kanji/60/skj_8066.png,u8d73,unicode_exact,6,efe4486314e467369f6eb6389f5786e32599ad5bff9dd4029e22feab7736eb66,u8d73.svg,
CE-001247,巨,1/準1級,旧字,https://www.kanjipedia.jp/common/images/kanji/60/pr_5DE8.png,u5de8-ue0100,ivs_exact,8,e3c9c565dce76d60332f72038363b4fb3977454459482c6ee741d30113f05925,u5de8-ue0100.svg,
CE-001247,巨,1/準1級,旧字,https://www.kanjipedia.jp/common/images/kanji/60/pr_5DE8.png,u5de8-ue0101,ivs_exact,5,3d7881f532b115d8ee928ea6e88b0f54110f6dd7be68973b23dd7fa7b3bdec10,u5de8-ue0101.svg,
CE-001247,巨,1/準1級,旧字,https://www.kanjipedia.jp/common/images/kanji/60/pr_5DE8.png,u5de8-ue0102,ivs_exact,4,e3c9c565dce76d60332f72038363b4fb3977454459482c6ee741d30113f05925,u5de8-ue0102.svg,
CE-001247,巨,1/準1級,旧字,https://www.kanjipedia.jp/common/images/kanji/60/pr_5DE8.png,u5de8-ue0103,ivs_exact,5,3d7881f532b115d8ee928ea6e88b0f54110f6dd7be68973b23dd7fa7b3bdec10,u5de8-ue0103.svg,
CE-001247,巨,1/準1級,旧字,https://www.kanjipedia.jp/common/images/kanji/60/pr_5DE8.png,u5de8-k,collection_id_exact,4,e3c9c565dce76d60332f72038363b4fb3977454459482c6ee741d30113f05925,u5de8-k.svg,
CE-001247,巨,1/準1級,旧字,https://www.kanjipedia.jp/common/images/kanji/60/pr_5DE8.png,u5de8-t,collection_id_exact,2,e537dbb86d2264b18e70112ff91f69e988b32fa429529ff050dcc8c894bf6987,u5de8-t.svg,
CE-001247,巨,1/準1級,旧字,https://www.kanjipedia.jp/common/images/kanji/60/pr_5DE8.png,u5de8-j,collection_id_exact,2,e3c9c565dce76d60332f72038363b4fb3977454459482c6ee741d30113f05925,u5de8-j.svg,
CE-001247,巨,1/準1級,旧字,https://www.kanjipedia.jp/common/images/kanji/60/pr_5DE8.png,u5de8,unicode_exact,9,e3c9c565dce76d60332f72038363b4fb3977454459482c6ee741d30113f05925,u5de8.svg,
CE-001252,拒,1/準1級,旧字,https://www.kanjipedia.jp/common/images/kanji/60/pr_62D2.png,u62d2-ue0100,ivs_exact,7,99db99f85123e79a20e219568c8764fdf8d38fe6dcace2c5467774ddc696bcaa,u62d2-ue0100.svg,
CE-001252,拒,1/準1級,旧字,https://www.kanjipedia.jp/common/images/kanji/60/pr_62D2.png,u62d2-ue0101,ivs_exact,7,b8629bb8a1e4861db8942af6d3243d40a12d7ba10d67292f0e6b7bba0ad0cae9,u62d2-ue0101.svg,
CE-001252,拒,1/準1級,旧字,https://www.kanjipedia.jp/common/images/kanji/60/pr_62D2.png,u62d2-ue0102,ivs_exact,3,99db99f85123e79a20e219568c8764fdf8d38fe6dcace2c5467774ddc696bcaa,u62d2-ue0102.svg,
CE-001252,拒,1/準1級,旧字,https://www.kanjipedia.jp/common/images/kanji/60/pr_62D2.png,u62d2-ue0103,ivs_exact,6,b8629bb8a1e4861db8942af6d3243d40a12d7ba10d67292f0e6b7bba0ad0cae9,u62d2-ue0103.svg,
CE-001252,拒,1/準1級,旧字,https://www.kanjipedia.jp/common/images/kanji/60/pr_62D2.png,u62d2-k,collection_id_exact,3,99db99f85123e79a20e219568c8764fdf8d38fe6dcace2c5467774ddc696bcaa,u62d2-k.svg,
CE-001252,拒,1/準1級,旧字,https://www.kanjipedia.jp/common/images/kanji/60/pr_62D2.png,u62d2-t,collection_id_exact,2,b8629bb8a1e4861db8942af6d3243d40a12d7ba10d67292f0e6b7bba0ad0cae9,u62d2-t.svg,
CE-001252,拒,1/準1級,旧字,https://www.kanjipedia.jp/common/images/kanji/60/pr_62D2.png,u62d2-j,collection_id_exact,2,99db99f85123e79a20e219568c8764fdf8d38fe6dcace2c5467774ddc696bcaa,u62d2-j.svg,
CE-001252,拒,1/準1級,旧字,https://www.kanjipedia.jp/common/images/kanji/60/pr_62D2.png,u62d2,unicode_exact,7,99db99f85123e79a20e219568c8764fdf8d38fe6dcace2c5467774ddc696bcaa,u62d2.svg,
CE-001253,苣,1級,親字,https://www.kanjipedia.jp/common/images/kanji/180/std_82E3.png,u82e3-ue0100,ivs_exact,10,89394dddbdd4fea0fca1eb22003a42e88850fc8593db309867d6b4b887e106d5,u82e3-ue0100.svg,
CE-001253,苣,1級,親字,https://www.kanjipedia.jp/common/images/kanji/180/std_82E3.png,u82e3-ue0101,ivs_exact,9,38e5751edd438aa227457cf9ab86cd09ad22c47186b1f832e3b6bf39bfc3c8a9,u82e3-ue0101.svg,
CE-001253,苣,1級,親字,https://www.kanjipedia.jp/common/images/kanji/180/std_82E3.png,u82e3-ue0102,ivs_exact,8,89394dddbdd4fea0fca1eb22003a42e88850fc8593db309867d6b4b887e106d5,u82e3-ue0102.svg,
CE-001253,苣,1級,親字,https://www.kanjipedia.jp/common/images/kanji/180/std_82E3.png,u82e3-ue0103,ivs_exact,12,e34bb7985ff4e3b4ac3af6d9cbe7ec2f8190b4d32fb16ead5cbb6b565d9a9514,u82e3-ue0103.svg,
CE-001253,苣,1級,親字,https://www.kanjipedia.jp/common/images/kanji/180/std_82E3.png,u82e3-k,collection_id_exact,3,3d2e45df4f78215dac2a3baefa237664655ac9c65da4893e80b1737fddfd9084,u82e3-k.svg,
CE-001253,苣,1級,親字,https://www.kanjipedia.jp/common/images/kanji/180/std_82E3.png,u82e3-t,collection_id_exact,2,0ad4c7e6fc46ab5748d4cec11ce0babd9da060c7606c8687154ca4bccd4816ff,u82e3-t.svg,
CE-001253,苣,1級,親字,https://www.kanjipedia.jp/common/images/kanji/180/std_82E3.png,u82e3-j,collection_id_exact,4,89394dddbdd4fea0fca1eb22003a42e88850fc8593db309867d6b4b887e106d5,u82e3-j.svg,
CE-001253,苣,1級,親字,https://www.kanjipedia.jp/common/images/kanji/180/std_82E3.png,u82e3,unicode_exact,14,89394dddbdd4fea0fca1eb22003a42e88850fc8593db309867d6b4b887e106d5,u82e3.svg,
CE-001267,距,1/準1級,旧字,https://www.kanjipedia.jp/common/images/kanji/60/pr_8DDD.png,u8ddd-ue0100,ivs_exact,6,9615e778019233837a56f4a719bb84a238a234a6c977ef13a211a03fa7b70108,u8ddd-ue0100.svg,
CE-001267,距,1/準1級,旧字,https://www.kanjipedia.jp/common/images/kanji/60/pr_8DDD.png,u8ddd-ue0101,ivs_exact,8,bd8df7aa904f485ae6cdc540c57e6b336e2925f4886c68f09bc2bfac16ac094d,u8ddd-ue0101.svg,
CE-001267,距,1/準1級,旧字,https://www.kanjipedia.jp/common/images/kanji/60/pr_8DDD.png,u8ddd-ue0102,ivs_exact,3,9615e778019233837a56f4a719bb84a238a234a6c977ef13a211a03fa7b70108,u8ddd-ue0102.svg,
CE-001267,距,1/準1級,旧字,https://www.kanjipedia.jp/common/images/kanji/60/pr_8DDD.png,u8ddd-ue0103,ivs_exact,7,bd8df7aa904f485ae6cdc540c57e6b336e2925f4886c68f09bc2bfac16ac094d,u8ddd-ue0103.svg,
CE-001267,距,1/準1級,旧字,https://www.kanjipedia.jp/common/images/kanji/60/pr_8DDD.png,u8ddd-k,collection_id_exact,4,9615e778019233837a56f4a719bb84a238a234a6c977ef13a211a03fa7b70108,u8ddd-k.svg,
CE-001267,距,1/準1級,旧字,https://www.kanjipedia.jp/common/images/kanji/60/pr_8DDD.png,u8ddd-t,collection_id_exact,1,7e49ea376fac2b106b2c7426817df386b54939744f83b6e73f699696ae6697b7,u8ddd-t.svg,
CE-001267,距,1/準1級,旧字,https://www.kanjipedia.jp/common/images/kanji/60/pr_8DDD.png,u8ddd-j,collection_id_exact,2,9615e778019233837a56f4a719bb84a238a234a6c977ef13a211a03fa7b70108,u8ddd-j.svg,
CE-001267,距,1/準1級,旧字,https://www.kanjipedia.jp/common/images/kanji/60/pr_8DDD.png,u8ddd,unicode_exact,7,9615e778019233837a56f4a719bb84a238a234a6c977ef13a211a03fa7b70108,u8ddd.svg,
CE-001294,叫,1/準1級,旧字,https://www.kanjipedia.jp/common/images/kanji/60/skj_806A.png,u53eb-ue0100,ivs_exact,15,aa2f4a71e19d7fa5ab9db003b375ddc5d09afd613798df965b671a63e5eb3df1,u53eb-ue0100.svg,
CE-001294,叫,1/準1級,旧字,https://www.kanjipedia.jp/common/images/kanji/60/skj_806A.png,u53eb-ue0101,ivs_exact,12,aa2f4a71e19d7fa5ab9db003b375ddc5d09afd613798df965b671a63e5eb3df1,u53eb-ue0101.svg,
CE-001294,叫,1/準1級,旧字,https://www.kanjipedia.jp/common/images/kanji/60/skj_806A.png,u53eb-ue0102,ivs_exact,14,721e172506ce5fe0196bec34ca0c98d19efc8f9c9189fcf1de678f5f23e85126,u53eb-ue0102.svg,
CE-001294,叫,1/準1級,旧字,https://www.kanjipedia.jp/common/images/kanji/60/skj_806A.png,u53eb-k,collection_id_exact,11,aa2f4a71e19d7fa5ab9db003b375ddc5d09afd613798df965b671a63e5eb3df1,u53eb-k.svg,
CE-001294,叫,1/準1級,旧字,https://www.kanjipedia.jp/common/images/kanji/60/skj_806A.png,u53eb-t,collection_id_exact,3,0849826f25307bb93895f6a1dc827d0c92e92c46e0be1b24aabc026e772ce340,u53eb-t.svg,
CE-001294,叫,1/準1級,旧字,https://www.kanjipedia.jp/common/images/kanji/60/skj_806A.png,u53eb-j,collection_id_exact,5,aa2f4a71e19d7fa5ab9db003b375ddc5d09afd613798df965b671a63e5eb3df1,u53eb-j.svg,
CE-001294,叫,1/準1級,旧字,https://www.kanjipedia.jp/common/images/kanji/60/skj_806A.png,u53eb,unicode_exact,15,aa2f4a71e19d7fa5ab9db003b375ddc5d09afd613798df965b671a63e5eb3df1,u53eb.svg,
CE-001335,郷,1/準1級,旧字,https://www.kanjipedia.jp/common/images/kanji/60/pr_9115.png,u90f7-ue0100,ivs_exact,11,b71001fa20ba01f870f5bbec5585c33252899e5f9f559e00a62d66051754cf7d,u90f7-ue0100.svg,
CE-001335,郷,1/準1級,旧字,https://www.kanjipedia.jp/common/images/kanji/60/pr_9115.png,u90f7-ue0101,ivs_exact,17,4ea4358835a0c038ef56b519f8c71ff77e152fd4299779da67db006daa43b608,u90f7-ue0101.svg,
CE-001335,郷,1/準1級,旧字,https://www.kanjipedia.jp/common/images/kanji/60/pr_9115.png,u90f7-t,collection_id_exact,1,68995dfe384d41391a63509381f34f351cfb21d565ea5f78fc5c71d04dd1ce49,u90f7-t.svg,
CE-001335,郷,1/準1級,旧字,https://www.kanjipedia.jp/common/images/kanji/60/pr_9115.png,u90f7-j,collection_id_exact,2,b71001fa20ba01f870f5bbec5585c33252899e5f9f559e00a62d66051754cf7d,u90f7-j.svg,
CE-001335,郷,1/準1級,旧字,https://www.kanjipedia.jp/common/images/kanji/60/pr_9115.png,u90f7,unicode_exact,11,b71001fa20ba01f870f5bbec5585c33252899e5f9f559e00a62d66051754cf7d,u90f7.svg,
CE-001339,蛩,1級,親字,https://www.kanjipedia.jp/common/images/kanji/180/std_86E9.png,u86e9-ue0100,ivs_exact,2,4d2a671132a4efbb068e06fa32a5dca46285ae9ab22100f864a2ca1231afd3b8,u86e9-ue0100.svg,
CE-001339,蛩,1級,親字,https://www.kanjipedia.jp/common/images/kanji/180/std_86E9.png,u86e9-ue0101,ivs_exact,2,4d2a671132a4efbb068e06fa32a5dca46285ae9ab22100f864a2ca1231afd3b8,u86e9-ue0101.svg,
CE-001339,蛩,1級,親字,https://www.kanjipedia.jp/common/images/kanji/180/std_86E9.png,u86e9-ue0102,ivs_exact,3,9a3c895db3b9a795af700b8f3727d9e74752acffcf00482cac5fbe048b1c9122,u86e9-ue0102.svg,
CE-001339,蛩,1級,親字,https://www.kanjipedia.jp/common/images/kanji/180/std_86E9.png,u86e9-ue0103,ivs_exact,2,01a17700dd5ce9279df133a7e174b15821ac7a68a237465564a6fbde84247f8e,u86e9-ue0103.svg,
CE-001339,蛩,1級,親字,https://www.kanjipedia.jp/common/images/kanji/180/std_86E9.png,u86e9,unicode_exact,4,4d2a671132a4efbb068e06fa32a5dca46285ae9ab22100f864a2ca1231afd3b8,u86e9.svg,
CE-001343,跫,1級,親字,https://www.kanjipedia.jp/common/images/kanji/180/std_8DEB.png,u8deb-ue0100,ivs_exact,2,1564e6049ac958dab618cf31ac6379201c0b22146b6167b1ae9a992429859528,u8deb-ue0100.svg,
CE-001343,跫,1級,親字,https://www.kanjipedia.jp/common/images/kanji/180/std_8DEB.png,u8deb-ue0101,ivs_exact,2,1564e6049ac958dab618cf31ac6379201c0b22146b6167b1ae9a992429859528,u8deb-ue0101.svg,
CE-001343,跫,1級,親字,https://www.kanjipedia.jp/common/images/kanji/180/std_8DEB.png,u8deb-ue0102,ivs_exact,1,a1d4f2185b7d378cd0176b65c3c3ce7de9492a06c5d65f18ae676cbbd5af7c22,u8deb-ue0102.svg,
CE-001343,跫,1級,親字,https://www.kanjipedia.jp/common/images/kanji/180/std_8DEB.png,u8deb-k,collection_id_exact,1,1564e6049ac958dab618cf31ac6379201c0b22146b6167b1ae9a992429859528,u8deb-k.svg,
CE-001343,跫,1級,親字,https://www.kanjipedia.jp/common/images/kanji/180/std_8DEB.png,u8deb-j,collection_id_exact,1,482cdca3485f59ae6dfbf02765ce820743d72136e6ddf2e1fb3121c996f5933b,u8deb-j.svg,
CE-001343,跫,1級,親字,https://www.kanjipedia.jp/common/images/kanji/180/std_8DEB.png,u8deb,unicode_exact,3,1564e6049ac958dab618cf31ac6379201c0b22146b6167b1ae9a992429859528,u8deb.svg,
CE-001354,鞏,1級,親字,https://www.kanjipedia.jp/common/images/kanji/180/std_978F.png,u978f-ue0100,ivs_exact,6,52d75d09765e15c7a843fb6911ce5878ded732afab64e2d67b15156288227456,u978f-ue0100.svg,
CE-001354,鞏,1級,親字,https://www.kanjipedia.jp/common/images/kanji/180/std_978F.png,u978f-ue0101,ivs_exact,6,52d75d09765e15c7a843fb6911ce5878ded732afab64e2d67b15156288227456,u978f-ue0101.svg,
CE-001354,鞏,1級,親字,https://www.kanjipedia.jp/common/images/kanji/180/std_978F.png,u978f-ue0102,ivs_exact,5,a866d8de6834631345ca5c6e0d047c1d789de622daa6d8462a3534348ea3c834,u978f-ue0102.svg,
CE-001354,鞏,1級,親字,https://www.kanjipedia.jp/common/images/kanji/180/std_978F.png,u978f-k,collection_id_exact,6,52d75d09765e15c7a843fb6911ce5878ded732afab64e2d67b15156288227456,u978f-k.svg,
CE-001354,鞏,1級,親字,https://www.kanjipedia.jp/common/images/kanji/180/std_978F.png,u978f-t,collection_id_exact,3,85bd96682c077c34ddbf8873a1943a5f8f7344190a9c1acbdc7c5f29e88b9b49,u978f-t.svg,
CE-001354,鞏,1級,親字,https://www.kanjipedia.jp/common/images/kanji/180/std_978F.png,u978f-j,collection_id_exact,3,52d75d09765e15c7a843fb6911ce5878ded732afab64e2d67b15156288227456,u978f-j.svg,
CE-001354,鞏,1級,親字,https://www.kanjipedia.jp/common/images/kanji/180/std_978F.png,u978f,unicode_exact,7,52d75d09765e15c7a843fb6911ce5878ded732afab64e2d67b15156288227456,u978f.svg,
CE-001364,繦,1級,親字,https://www.kanjipedia.jp/common/images/kanji/180/std_7E66.png,u7e66-ue0100,ivs_exact,8,4d06bb1dd52167f7bb8de50050883f0bbbf01d8eaa52b8847bd9a3889c3c5cf3,u7e66-ue0100.svg,
CE-001364,繦,1級,親字,https://www.kanjipedia.jp/common/images/kanji/180/std_7E66.png,u7e66-j,collection_id_exact,1,4d06bb1dd52167f7bb8de50050883f0bbbf01d8eaa52b8847bd9a3889c3c5cf3,u7e66-j.svg,
CE-001364,繦,1級,親字,https://www.kanjipedia.jp/common/images/kanji/180/std_7E66.png,u7e66,unicode_exact,11,4d06bb1dd52167f7bb8de50050883f0bbbf01d8eaa52b8847bd9a3889c3c5cf3,u7e66.svg,
CE-001376,響,1/準1級,旧字,https://www.kanjipedia.jp/common/images/kanji/60/pr_54CD.png,u97ff-ue0100,ivs_exact,8,ae7e8c36016ab71d936b3d60e0cb526174de7d1a77bcc8e48fe3bc35aab931de,u97ff-ue0100.svg,
CE-001376,響,1/準1級,旧字,https://www.kanjipedia.jp/common/images/kanji/60/pr_54CD.png,u97ff-ue0101,ivs_exact,16,100cd32a7e23c21328aad4bb43e0ac71195b78956a5dec56a7cc2e1b7695be53,u97ff-ue0101.svg,
CE-001376,響,1/準1級,旧字,https://www.kanjipedia.jp/common/images/kanji/60/pr_54CD.png,u97ff-ue0102,ivs_exact,9,4a3b5b748774879a377af8120d6bd0387568ea3fca6d05ae98e5e648e8cf95a3,u97ff-ue0102.svg,
CE-001376,響,1/準1級,旧字,https://www.kanjipedia.jp/common/images/kanji/60/pr_54CD.png,u97ff-ue0103,ivs_exact,8,b091cf8c4db575aa937ebd92e02d15e0bec9f6d6ddf99d7aaa0ce85cb9207c57,u97ff-ue0103.svg,
CE-001376,響,1/準1級,旧字,https://www.kanjipedia.jp/common/images/kanji/60/pr_54CD.png,u97ff-k,collection_id_exact,7,4a3b5b748774879a377af8120d6bd0387568ea3fca6d05ae98e5e648e8cf95a3,u97ff-k.svg,
CE-001376,響,1/準1級,旧字,https://www.kanjipedia.jp/common/images/kanji/60/pr_54CD.png,u97ff-t,collection_id_exact,4,bb358e7953adf146d573a1f487c6979faa2b60a1727ba413f7a98069135c79d0,u97ff-t.svg,
CE-001376,響,1/準1級,旧字,https://www.kanjipedia.jp/common/images/kanji/60/pr_54CD.png,u97ff-j,collection_id_exact,2,ae7e8c36016ab71d936b3d60e0cb526174de7d1a77bcc8e48fe3bc35aab931de,u97ff-j.svg,
CE-001376,響,1/準1級,旧字,https://www.kanjipedia.jp/common/images/kanji/60/pr_54CD.png,u97ff,unicode_exact,8,ae7e8c36016ab71d936b3d60e0cb526174de7d1a77bcc8e48fe3bc35aab931de,u97ff.svg,
CE-001381,驚,1/準1級,旧字,https://www.kanjipedia.jp/common/images/kanji/60/skj_806D.png,u9a5a-ue0100,ivs_exact,15,5f4bf839bf695b379870d517b2321bcdd52e2220584553f4dd637e7b80822c5c,u9a5a-ue0100.svg,
CE-001381,驚,1/準1級,旧字,https://www.kanjipedia.jp/common/images/kanji/60/skj_806D.png,u9a5a-ue0101,ivs_exact,15,5f4bf839bf695b379870d517b2321bcdd52e2220584553f4dd637e7b80822c5c,u9a5a-ue0101.svg,
CE-001381,驚,1/準1級,旧字,https://www.kanjipedia.jp/common/images/kanji/60/skj_806D.png,u9a5a-ue0102,ivs_exact,10,37b2246980d18cc917aab6b9405543c525480be0d8e593d05a393c6f00422f2d,u9a5a-ue0102.svg,
CE-001381,驚,1/準1級,旧字,https://www.kanjipedia.jp/common/images/kanji/60/skj_806D.png,u9a5a-k,collection_id_exact,15,61131749a41f94b38eb770397b142d8ab103396c1a7baca31db111919b7ccd9a,u9a5a-k.svg,
CE-001381,驚,1/準1級,旧字,https://www.kanjipedia.jp/common/images/kanji/60/skj_806D.png,u9a5a-t,collection_id_exact,2,1b4c6b5e1d2ec0c93f88e9d74be5347f776aff77e6cde04e066be4ce311abfbb,u9a5a-t.svg,
CE-001381,驚,1/準1級,旧字,https://www.kanjipedia.jp/common/images/kanji/60/skj_806D.png,u9a5a-j,collection_id_exact,8,5f4bf839bf695b379870d517b2321bcdd52e2220584553f4dd637e7b80822c5c,u9a5a-j.svg,
CE-001381,驚,1/準1級,旧字,https://www.kanjipedia.jp/common/images/kanji/60/skj_806D.png,u9a5a,unicode_exact,15,5f4bf839bf695b379870d517b2321bcdd52e2220584553f4dd637e7b80822c5c,u9a5a.svg,
CE-001420,近,1/準1級,旧字,https://www.kanjipedia.jp/common/images/kanji/60/pr_8FD1.png,u8fd1-ue0100,ivs_exact,16,1fa9f7510abf1416e09aa2f32e24ba835ed5c0103cbb601092a69dfb231f2c11,u8fd1-ue0100.svg,
CE-001420,近,1/準1級,旧字,https://www.kanjipedia.jp/common/images/kanji/60/pr_8FD1.png,u8fd1-ue0101,ivs_exact,12,8c4e6b0663d90d92ab54cdc9785a657b0014f4ffd5e0e625d53afafeb5a4416c,u8fd1-ue0101.svg,
CE-001420,近,1/準1級,旧字,https://www.kanjipedia.jp/common/images/kanji/60/pr_8FD1.png,u8fd1-ue0102,ivs_exact,12,1fa9f7510abf1416e09aa2f32e24ba835ed5c0103cbb601092a69dfb231f2c11,u8fd1-ue0102.svg,
CE-001420,近,1/準1級,旧字,https://www.kanjipedia.jp/common/images/kanji/60/pr_8FD1.png,u8fd1-ue0103,ivs_exact,8,8c4e6b0663d90d92ab54cdc9785a657b0014f4ffd5e0e625d53afafeb5a4416c,u8fd1-ue0103.svg,
CE-001420,近,1/準1級,旧字,https://www.kanjipedia.jp/common/images/kanji/60/pr_8FD1.png,u8fd1-k,collection_id_exact,11,8c4e6b0663d90d92ab54cdc9785a657b0014f4ffd5e0e625d53afafeb5a4416c,u8fd1-k.svg,
CE-001420,近,1/準1級,旧字,https://www.kanjipedia.jp/common/images/kanji/60/pr_8FD1.png,u8fd1-t,collection_id_exact,9,5139a73363cf6cc42427e5158fc596a7a497a2420ea1df5d3bf0180ba7f29430,u8fd1-t.svg,
CE-001420,近,1/準1級,旧字,https://www.kanjipedia.jp/common/images/kanji/60/pr_8FD1.png,u8fd1-j,collection_id_exact,11,1fa9f7510abf1416e09aa2f32e24ba835ed5c0103cbb601092a69dfb231f2c11,u8fd1-j.svg,
CE-001420,近,1/準1級,旧字,https://www.kanjipedia.jp/common/images/kanji/60/pr_8FD1.png,u8fd1,unicode_exact,16,1fa9f7510abf1416e09aa2f32e24ba835ed5c0103cbb601092a69dfb231f2c11,u8fd1.svg,
CE-001456,釁,1級,親字,https://www.kanjipedia.jp/common/images/kanji/180/std_91C1.png,u91c1-ue0100,ivs_exact,14,5ae5ac5435d45438e9745aff2e185c560e51538d22109c0dbe5ce1c1e058df97,u91c1-ue0100.svg,
CE-001456,釁,1級,親字,https://www.kanjipedia.jp/common/images/kanji/180/std_91C1.png,u91c1-ue0101,ivs_exact,13,7acc60e00d8796297f2e607ee74f3fbfb7c31da1f104a9304186e36b42e8ecc0,u91c1-ue0101.svg,
CE-001456,釁,1級,親字,https://www.kanjipedia.jp/common/images/kanji/180/std_91C1.png,u91c1-ue0102,ivs_exact,7,5ae5ac5435d45438e9745aff2e185c560e51538d22109c0dbe5ce1c1e058df97,u91c1-ue0102.svg,
CE-001456,釁,1級,親字,https://www.kanjipedia.jp/common/images/kanji/180/std_91C1.png,u91c1-ue0103,ivs_exact,7,7acc60e00d8796297f2e607ee74f3fbfb7c31da1f104a9304186e36b42e8ecc0,u91c1-ue0103.svg,
CE-001456,釁,1級,親字,https://www.kanjipedia.jp/common/images/kanji/180/std_91C1.png,u91c1-t,collection_id_exact,2,9a9fa31ec5e9d2d68b49c0d50f503d0076362ac516ebc2c48e3b889d12dfb831,u91c1-t.svg,
CE-001456,釁,1級,親字,https://www.kanjipedia.jp/common/images/kanji/180/std_91C1.png,u91c1-j,collection_id_exact,2,5ae5ac5435d45438e9745aff2e185c560e51538d22109c0dbe5ce1c1e058df97,u91c1-j.svg,
CE-001456,釁,1級,親字,https://www.kanjipedia.jp/common/images/kanji/180/std_91C1.png,u91c1,unicode_exact,15,5ae5ac5435d45438e9745aff2e185c560e51538d22109c0dbe5ce1c1e058df97,u91c1.svg,
CE-001478,矩,1/準1級,旧字,https://www.kanjipedia.jp/common/images/kanji/60/pr_6998.png,u77e9-ue0100,ivs_exact,8,ab41e1f9fbd943392b7473e6340dab08fad834cc0cecfc0eb17f833141d0d280,u77e9-ue0100.svg,
CE-001478,矩,1/準1級,旧字,https://www.kanjipedia.jp/common/images/kanji/60/pr_6998.png,u77e9-ue0101,ivs_exact,9,5ecce2ca58e28482da0ed62bb59e1cd9ab1e4241bbf3b777220985cafe124c1d,u77e9-ue0101.svg,
CE-001478,矩,1/準1級,旧字,https://www.kanjipedia.jp/common/images/kanji/60/pr_6998.png,u77e9-ue0102,ivs_exact,3,ab41e1f9fbd943392b7473e6340dab08fad834cc0cecfc0eb17f833141d0d280,u77e9-ue0102.svg,
CE-001478,矩,1/準1級,旧字,https://www.kanjipedia.jp/common/images/kanji/60/pr_6998.png,u77e9-ue0103,ivs_exact,9,5ecce2ca58e28482da0ed62bb59e1cd9ab1e4241bbf3b777220985cafe124c1d,u77e9-ue0103.svg,
CE-001478,矩,1/準1級,旧字,https://www.kanjipedia.jp/common/images/kanji/60/pr_6998.png,u77e9-k,collection_id_exact,4,ab41e1f9fbd943392b7473e6340dab08fad834cc0cecfc0eb17f833141d0d280,u77e9-k.svg,
CE-001478,矩,1/準1級,旧字,https://www.kanjipedia.jp/common/images/kanji/60/pr_6998.png,u77e9-t,collection_id_exact,1,e162345940f2e73c36f8ccf07cf379999fe5da95a09fa1cd26bb037e568a129f,u77e9-t.svg,
CE-001478,矩,1/準1級,旧字,https://www.kanjipedia.jp/common/images/kanji/60/pr_6998.png,u77e9-j,collection_id_exact,2,ab41e1f9fbd943392b7473e6340dab08fad834cc0cecfc0eb17f833141d0d280,u77e9-j.svg,
CE-001478,矩,1/準1級,旧字,https://www.kanjipedia.jp/common/images/kanji/60/pr_6998.png,u77e9,unicode_exact,8,ab41e1f9fbd943392b7473e6340dab08fad834cc0cecfc0eb17f833141d0d280,u77e9.svg,
CE-001501,遇,1/準1級,旧字,https://www.kanjipedia.jp/common/images/kanji/60/pr_9047.png,u9047-ue0100,ivs_exact,11,3e1b9b268a0a697b89c2f55bc1cc8817a07555f73f67614f9c44ff2474bdf5a8,u9047-ue0100.svg,
CE-001501,遇,1/準1級,旧字,https://www.kanjipedia.jp/common/images/kanji/60/pr_9047.png,u9047-ue0101,ivs_exact,8,243dbb5731ef89e307218c67563019f1ac03ad27514d6b1cba766da3a4d2932a,u9047-ue0101.svg,
CE-001501,遇,1/準1級,旧字,https://www.kanjipedia.jp/common/images/kanji/60/pr_9047.png,u9047-ue0102,ivs_exact,8,3e1b9b268a0a697b89c2f55bc1cc8817a07555f73f67614f9c44ff2474bdf5a8,u9047-ue0102.svg,
CE-001501,遇,1/準1級,旧字,https://www.kanjipedia.jp/common/images/kanji/60/pr_9047.png,u9047-ue0103,ivs_exact,6,f60d779805dab0e10619d84ef4b425f681965fb93b7fcb2079ab66c5d9bf4acc,u9047-ue0103.svg,
CE-001501,遇,1/準1級,旧字,https://www.kanjipedia.jp/common/images/kanji/60/pr_9047.png,u9047-k,collection_id_exact,7,243dbb5731ef89e307218c67563019f1ac03ad27514d6b1cba766da3a4d2932a,u9047-k.svg,
CE-001501,遇,1/準1級,旧字,https://www.kanjipedia.jp/common/images/kanji/60/pr_9047.png,u9047-t,collection_id_exact,6,f3a823529b4b464f61b125be63e4f1a41e75096a3f70ddb3bedccfd2d34ec32b,u9047-t.svg,
CE-001501,遇,1/準1級,旧字,https://www.kanjipedia.jp/common/images/kanji/60/pr_9047.png,u9047-j,collection_id_exact,3,3e1b9b268a0a697b89c2f55bc1cc8817a07555f73f67614f9c44ff2474bdf5a8,u9047-j.svg,
CE-001501,遇,1/準1級,旧字,https://www.kanjipedia.jp/common/images/kanji/60/pr_9047.png,u9047,unicode_exact,11,3e1b9b268a0a697b89c2f55bc1cc8817a07555f73f67614f9c44ff2474bdf5a8,u9047.svg,
CE-001527,薫,1/準1級,旧字,,u85ab-ue0100,ivs_exact,14,07be2ce17aea6b60a34d9842b16123cb5064dfd6535eeb64db991cd6738d448c,u85ab-ue0100.svg,
CE-001527,薫,1/準1級,旧字,,u85ab-ue0101,ivs_exact,9,07be2ce17aea6b60a34d9842b16123cb5064dfd6535eeb64db991cd6738d448c,u85ab-ue0101.svg,
CE-001527,薫,1/準1級,旧字,,u85ab-ue0102,ivs_exact,7,be9a94bb87ebac2635a186d7367373b6e0513bf3c439e35f5249f3f1b55055e7,u85ab-ue0102.svg,
CE-001527,薫,1/準1級,旧字,,u85ab-ue0103,ivs_exact,11,04b0cd2681b54d1283b7a0a2ae4d94d7f9038d0cecc8e823fe44d094740ef8ba,u85ab-ue0103.svg,
CE-001527,薫,1/準1級,旧字,,u85ab-t,collection_id_exact,3,c1ce4b03d17f0e56bf03847dc97f220395a8fdaf8ac6970060b42b7edf11eae1,u85ab-t.svg,
CE-001527,薫,1/準1級,旧字,,u85ab-j,collection_id_exact,5,07be2ce17aea6b60a34d9842b16123cb5064dfd6535eeb64db991cd6738d448c,u85ab-j.svg,
CE-001527,薫,1/準1級,旧字,,u85ab,unicode_exact,16,07be2ce17aea6b60a34d9842b16123cb5064dfd6535eeb64db991cd6738d448c,u85ab.svg,
CE-001545,茎,1/準1級,旧字,,u830e-ue0100,ivs_exact,7,7027837b4ab7acae83ce4d3556d026ecfdd33a12a7543cf90e3acec204152d6e,u830e-ue0100.svg,
CE-001545,茎,1/準1級,旧字,,u830e-k,collection_id_exact,5,85f7367b91e53655799633d76fbd7566a2c7ffee19b0fa2d3ee243aecf71c8a5,u830e-k.svg,
CE-001545,茎,1/準1級,旧字,,u830e-t,collection_id_exact,1,174a79652157c753b675e5ba913181cce641d8d823ac0affa1e560c46ddb2262,u830e-t.svg,
CE-001545,茎,1/準1級,旧字,,u830e-j,collection_id_exact,2,7027837b4ab7acae83ce4d3556d026ecfdd33a12a7543cf90e3acec204152d6e,u830e-j.svg,
CE-001545,茎,1/準1級,旧字,,u830e,unicode_exact,11,7027837b4ab7acae83ce4d3556d026ecfdd33a12a7543cf90e3acec204152d6e,u830e.svg,
CE-001552,契,1/準1級,旧字,https://www.kanjipedia.jp/common/images/kanji/60/pr_F909.png,u5951-ue0100,ivs_exact,12,9622b3ab99dd78afb5df57ec0ef14bbd894e23af536ca81cb27703dffe5fec01,u5951-ue0100.svg,
CE-001552,契,1/準1級,旧字,https://www.kanjipedia.jp/common/images/kanji/60/pr_F909.png,u5951-ue0101,ivs_exact,12,b6b8e805733671142eb11311b54eb4dded95110b301a2bb2529e736b8310225e,u5951-ue0101.svg,
CE-001552,契,1/準1級,旧字,https://www.kanjipedia.jp/common/images/kanji/60/pr_F909.png,u5951-ue0102,ivs_exact,8,80651f4eb737d605e6c5b1be29052f78f9d62e67c18cca0ff95090a76aca5d07,u5951-ue0102.svg,
CE-001552,契,1/準1級,旧字,https://www.kanjipedia.jp/common/images/kanji/60/pr_F909.png,u5951-ue0103,ivs_exact,10,9622b3ab99dd78afb5df57ec0ef14bbd894e23af536ca81cb27703dffe5fec01,u5951-ue0103.svg,
CE-001552,契,1/準1級,旧字,https://www.kanjipedia.jp/common/images/kanji/60/pr_F909.png,u5951-k,collection_id_exact,10,b6b8e805733671142eb11311b54eb4dded95110b301a2bb2529e736b8310225e,u5951-k.svg,
CE-001552,契,1/準1級,旧字,https://www.kanjipedia.jp/common/images/kanji/60/pr_F909.png,u5951-t,collection_id_exact,3,485e502e1329d2539c3c04fd500ab76decc4c810a8ddfb7df6f77dec0c322703,u5951-t.svg,
CE-001552,契,1/準1級,旧字,https://www.kanjipedia.jp/common/images/kanji/60/pr_F909.png,u5951-j,collection_id_exact,6,9622b3ab99dd78afb5df57ec0ef14bbd894e23af536ca81cb27703dffe5fec01,u5951-j.svg,
CE-001552,契,1/準1級,旧字,https://www.kanjipedia.jp/common/images/kanji/60/pr_F909.png,u5951,unicode_exact,12,9622b3ab99dd78afb5df57ec0ef14bbd894e23af536ca81cb27703dffe5fec01,u5951.svg,
CE-001569,啓,1/準1級,旧字,https://www.kanjipedia.jp/common/images/kanji/60/pr_5553.png,u5553-ue0100,ivs_exact,13,b500545c8c0f1380fa3bbb5d660ef7885cd24fa8721c5c4fd29b64340042b718,u5553-ue0100.svg,
CE-001569,啓,1/準1級,旧字,https://www.kanjipedia.jp/common/images/kanji/60/pr_5553.png,u5553-ue0101,ivs_exact,11,a59f9b9fcf8e09c9af0db1ef1f2df2319652df793d2db68102b6ff20516a0f71,u5553-ue0101.svg,
CE-001569,啓,1/準1級,旧字,https://www.kanjipedia.jp/common/images/kanji/60/pr_5553.png,u5553-ue0102,ivs_exact,11,b500545c8c0f1380fa3bbb5d660ef7885cd24fa8721c5c4fd29b64340042b718,u5553-ue0102.svg,
CE-001569,啓,1/準1級,旧字,https://www.kanjipedia.jp/common/images/kanji/60/pr_5553.png,u5553-ue0103,ivs_exact,9,a59f9b9fcf8e09c9af0db1ef1f2df2319652df793d2db68102b6ff20516a0f71,u5553-ue0103.svg,
CE-001569,啓,1/準1級,旧字,https://www.kanjipedia.jp/common/images/kanji/60/pr_5553.png,u5553-k,collection_id_exact,9,a59f9b9fcf8e09c9af0db1ef1f2df2319652df793d2db68102b6ff20516a0f71,u5553-k.svg,
CE-001569,啓,1/準1級,旧字,https://www.kanjipedia.jp/common/images/kanji/60/pr_5553.png,u5553-t,collection_id_exact,3,a60850580e67b06b61b8fad5a51766a4784997563d715cb8bf0887bbeb65d8b9,u5553-t.svg,
CE-001569,啓,1/準1級,旧字,https://www.kanjipedia.jp/common/images/kanji/60/pr_5553.png,u5553-j,collection_id_exact,4,b500545c8c0f1380fa3bbb5d660ef7885cd24fa8721c5c4fd29b64340042b718,u5553-j.svg,
CE-001569,啓,1/準1級,旧字,https://www.kanjipedia.jp/common/images/kanji/60/pr_5553.png,u5553,unicode_exact,14,b500545c8c0f1380fa3bbb5d660ef7885cd24fa8721c5c4fd29b64340042b718,u5553.svg,
CE-001588,敬,1/準1級,旧字,https://www.kanjipedia.jp/common/images/kanji/60/skj_8071.png,u656c-ue0100,ivs_exact,13,763a3b6f29eb3d77cad8af4b536269c799a7c642f3e1b0781cc8fe4fdbd59a56,u656c-ue0100.svg,
CE-001588,敬,1/準1級,旧字,https://www.kanjipedia.jp/common/images/kanji/60/skj_8071.png,u656c-ue0101,ivs_exact,12,763a3b6f29eb3d77cad8af4b536269c799a7c642f3e1b0781cc8fe4fdbd59a56,u656c-ue0101.svg,
CE-001588,敬,1/準1級,旧字,https://www.kanjipedia.jp/common/images/kanji/60/skj_8071.png,u656c-ue0102,ivs_exact,16,4fb461c52a7cde67c9e6e7ce61cc00e2d644c41836820150b9a4ced8e3e436ce,u656c-ue0102.svg,
CE-001588,敬,1/準1級,旧字,https://www.kanjipedia.jp/common/images/kanji/60/skj_8071.png,u656c-ue0103,ivs_exact,9,6335dc570d7f88015b719e4b71019dedefc511ac6abbd01668a872159ccf75c7,u656c-ue0103.svg,
CE-001588,敬,1/準1級,旧字,https://www.kanjipedia.jp/common/images/kanji/60/skj_8071.png,u656c-k,collection_id_exact,12,763a3b6f29eb3d77cad8af4b536269c799a7c642f3e1b0781cc8fe4fdbd59a56,u656c-k.svg,
CE-001588,敬,1/準1級,旧字,https://www.kanjipedia.jp/common/images/kanji/60/skj_8071.png,u656c-t,collection_id_exact,3,9ade0214e7337dff1fedf1f3a0de3cd38f0b1b78a7a211b939fec8538a3bb359,u656c-t.svg,
CE-001588,敬,1/準1級,旧字,https://www.kanjipedia.jp/common/images/kanji/60/skj_8071.png,u656c-j,collection_id_exact,3,0e2cbc4c91f0572ac0abc7039451b14bc371654c8b26dafdada86c0cd19b3a8f,u656c-j.svg,
CE-001588,敬,1/準1級,旧字,https://www.kanjipedia.jp/common/images/kanji/60/skj_8071.png,u656c,unicode_exact,13,763a3b6f29eb3d77cad8af4b536269c799a7c642f3e1b0781cc8fe4fdbd59a56,u656c.svg,
CE-001591,笄,1級,親字,https://www.kanjipedia.jp/common/images/kanji/180/std_7B04.png,u7b04-ue0100,ivs_exact,9,e1735d01b8e8eb85c9018afcc11ba4a928f2f4499f6382d45afc1b1c12d6643d,u7b04-ue0100.svg,
CE-001591,笄,1級,親字,https://www.kanjipedia.jp/common/images/kanji/180/std_7B04.png,u7b04,unicode_exact,11,e1735d01b8e8eb85c9018afcc11ba4a928f2f4499f6382d45afc1b1c12d6643d,u7b04.svg,
CE-001597,煢,1級,親字,https://www.kanjipedia.jp/common/images/kanji/180/nw_0003.png,u7162-ue0100,ivs_exact,12,5f28199bbe345ca48958c7c82100fc89f0a7f0adbb2edd4e0f777e6ac31d5ffc,u7162-ue0100.svg,
CE-001597,煢,1級,親字,https://www.kanjipedia.jp/common/images/kanji/180/nw_0003.png,u7162-ue0101,ivs_exact,6,acade860c4e13c543e9c2df8e3e5ddb40bd80149b31c40d99d1691f6466bb01c,u7162-ue0101.svg,
CE-001597,煢,1級,親字,https://www.kanjipedia.jp/common/images/kanji/180/nw_0003.png,u7162-ue0102,ivs_exact,4,5f28199bbe345ca48958c7c82100fc89f0a7f0adbb2edd4e0f777e6ac31d5ffc,u7162-ue0102.svg,
CE-001597,煢,1級,親字,https://www.kanjipedia.jp/common/images/kanji/180/nw_0003.png,u7162-ue0103,ivs_exact,3,fb2bab0c7cb2eee9915a4b992749fdb37cca4cb89de1e1063ee7928d7a82348f,u7162-ue0103.svg,
CE-001597,煢,1級,親字,https://www.kanjipedia.jp/common/images/kanji/180/nw_0003.png,u7162-k,collection_id_exact,3,f316121c91aa75203a6ab1294c4f37eb4da508befd8bc8ae73c5866409026bfc,u7162-k.svg,
CE-001597,煢,1級,親字,https://www.kanjipedia.jp/common/images/kanji/180/nw_0003.png,u7162-t,collection_id_exact,1,7dac65e2cfd77e9dc6277baec69b33c21781fbaad96adf6f949d129a240779a2,u7162-t.svg,
CE-001597,煢,1級,親字,https://www.kanjipedia.jp/common/images/kanji/180/nw_0003.png,u7162-j,collection_id_exact,1,5f28199bbe345ca48958c7c82100fc89f0a7f0adbb2edd4e0f777e6ac31d5ffc,u7162-j.svg,
CE-001597,煢,1級,親字,https://www.kanjipedia.jp/common/images/kanji/180/nw_0003.png,u7162,unicode_exact,10,5f28199bbe345ca48958c7c82100fc89f0a7f0adbb2edd4e0f777e6ac31d5ffc,u7162.svg,
CE-001603,夐,1級,親字,https://www.kanjipedia.jp/common/images/kanji/180/nw_0002.png,u5910-ue0100,ivs_exact,9,fd080714958b54a44388dfce838b060c497644046b86693124e6176cac9acf5b,u5910-ue0100.svg,
CE-001603,夐,1級,親字,https://www.kanjipedia.jp/common/images/kanji/180/nw_0002.png,u5910-ue0101,ivs_exact,4,fd080714958b54a44388dfce838b060c497644046b86693124e6176cac9acf5b,u5910-ue0101.svg,
CE-001603,夐,1級,親字,https://www.kanjipedia.jp/common/images/kanji/180/nw_0002.png,u5910-ue0102,ivs_exact,7,023a220cf384c8657141de765771dc02b79ae74edf145f514b4df3a5dd37dd73,u5910-ue0102.svg,
CE-001603,夐,1級,親字,https://www.kanjipedia.jp/common/images/kanji/180/nw_0002.png,u5910-ue0103,ivs_exact,4,95026e00c7fcec9411ffc51c745d01b5e230df080d8d07e5d32b96a9479047bd,u5910-ue0103.svg,
CE-001603,夐,1級,親字,https://www.kanjipedia.jp/common/images/kanji/180/nw_0002.png,u5910-k,collection_id_exact,1,61f33639b1fe8ca88ee5b93dc74da0efe8836e7460381df0f1349d1b12ebb24b,u5910-k.svg,
CE-001603,夐,1級,親字,https://www.kanjipedia.jp/common/images/kanji/180/nw_0002.png,u5910-t,collection_id_exact,6,95026e00c7fcec9411ffc51c745d01b5e230df080d8d07e5d32b96a9479047bd,u5910-t.svg,
CE-001603,夐,1級,親字,https://www.kanjipedia.jp/common/images/kanji/180/nw_0002.png,u5910-j,collection_id_exact,2,fb04c647a38699998a2fd7fd3e7ed76400346d83711b98d16bf31906df0d7303,u5910-j.svg,
CE-001603,夐,1級,親字,https://www.kanjipedia.jp/common/images/kanji/180/nw_0002.png,u5910,unicode_exact,9,fd080714958b54a44388dfce838b060c497644046b86693124e6176cac9acf5b,u5910.svg,
CE-001606,綮,1級,親字,https://www.kanjipedia.jp/common/images/kanji/180/std_7DAE.png,u7dae-ue0100,ivs_exact,5,ef7de3807fd528438a95560ee37fd84ec1ee18c9fec224ee3db2ca4cb2922226,u7dae-ue0100.svg,
CE-001606,綮,1級,親字,https://www.kanjipedia.jp/common/images/kanji/180/std_7DAE.png,u7dae-ue0101,ivs_exact,4,8d8c55436e2f651b5cb4dd7ec95d6db5e9e2bc8e8443876dafcb2cf71e11c823,u7dae-ue0101.svg,
CE-001606,綮,1級,親字,https://www.kanjipedia.jp/common/images/kanji/180/std_7DAE.png,u7dae-ue0102,ivs_exact,4,ef7de3807fd528438a95560ee37fd84ec1ee18c9fec224ee3db2ca4cb2922226,u7dae-ue0102.svg,
CE-001606,綮,1級,親字,https://www.kanjipedia.jp/common/images/kanji/180/std_7DAE.png,u7dae-ue0103,ivs_exact,3,8d8c55436e2f651b5cb4dd7ec95d6db5e9e2bc8e8443876dafcb2cf71e11c823,u7dae-ue0103.svg,
CE-001606,綮,1級,親字,https://www.kanjipedia.jp/common/images/kanji/180/std_7DAE.png,u7dae-k,collection_id_exact,2,8d8c55436e2f651b5cb4dd7ec95d6db5e9e2bc8e8443876dafcb2cf71e11c823,u7dae-k.svg,
CE-001606,綮,1級,親字,https://www.kanjipedia.jp/common/images/kanji/180/std_7DAE.png,u7dae-t,collection_id_exact,3,2c1baf9967ebcfb818dd1291cf1bea8e1be6188d8ec21534540b580d8fee80c8,u7dae-t.svg,
CE-001606,綮,1級,親字,https://www.kanjipedia.jp/common/images/kanji/180/std_7DAE.png,u7dae-j,collection_id_exact,1,ef7de3807fd528438a95560ee37fd84ec1ee18c9fec224ee3db2ca4cb2922226,u7dae-j.svg,
CE-001606,綮,1級,親字,https://www.kanjipedia.jp/common/images/kanji/180/std_7DAE.png,u7dae,unicode_exact,6,ef7de3807fd528438a95560ee37fd84ec1ee18c9fec224ee3db2ca4cb2922226,u7dae.svg,
CE-001624,瓊,1級,親字,https://www.kanjipedia.jp/common/images/kanji/180/nw_0004.png,u74ca-ue0100,ivs_exact,10,5870c4e5454d20c3b50579aa08f3d3df02f3b7cee8baf1601fd73bb6555cd75a,u74ca-ue0100.svg,
CE-001624,瓊,1級,親字,https://www.kanjipedia.jp/common/images/kanji/180/nw_0004.png,u74ca-ue0101,ivs_exact,7,e9f7be903807350a31363f60aafed7b004d90d3e7974f7e6bc64e8f48ad4a216,u74ca-ue0101.svg,
CE-001624,瓊,1級,親字,https://www.kanjipedia.jp/common/images/kanji/180/nw_0004.png,u74ca-ue0102,ivs_exact,8,5870c4e5454d20c3b50579aa08f3d3df02f3b7cee8baf1601fd73bb6555cd75a,u74ca-ue0102.svg,
CE-001624,瓊,1級,親字,https://www.kanjipedia.jp/common/images/kanji/180/nw_0004.png,u74ca-ue0103,ivs_exact,7,e9f7be903807350a31363f60aafed7b004d90d3e7974f7e6bc64e8f48ad4a216,u74ca-ue0103.svg,
CE-001624,瓊,1級,親字,https://www.kanjipedia.jp/common/images/kanji/180/nw_0004.png,u74ca-k,collection_id_exact,9,00a9ddb107e294fc8cd7d629a39f46d6d375612579422a7450a387d033b5454e,u74ca-k.svg,
CE-001624,瓊,1級,親字,https://www.kanjipedia.jp/common/images/kanji/180/nw_0004.png,u74ca-t,collection_id_exact,6,0136725eccc682ee9faba6849cf367245506f50d0e626820c15e35193c694c69,u74ca-t.svg,
CE-001624,瓊,1級,親字,https://www.kanjipedia.jp/common/images/kanji/180/nw_0004.png,u74ca-j,collection_id_exact,6,5870c4e5454d20c3b50579aa08f3d3df02f3b7cee8baf1601fd73bb6555cd75a,u74ca-j.svg,
CE-001624,瓊,1級,親字,https://www.kanjipedia.jp/common/images/kanji/180/nw_0004.png,u74ca,unicode_exact,10,5870c4e5454d20c3b50579aa08f3d3df02f3b7cee8baf1601fd73bb6555cd75a,u74ca.svg,
CE-001628,醯,1級,親字,https://www.kanjipedia.jp/common/images/kanji/180/std_91AF.png,u91af-ue0100,ivs_exact,13,c0743e4d3b7deab52cdb2f7f851fcfccd2fb0aebc51d514210864acb2dcd21c7,u91af-ue0100.svg,
CE-001628,醯,1級,親字,https://www.kanjipedia.jp/common/images/kanji/180/std_91AF.png,u91af-ue0101,ivs_exact,10,2f86b78e722411fbcf498cb64abd1615b36baa0ac7d0ed65f6353b1fcebba4bf,u91af-ue0101.svg,
CE-001628,醯,1級,親字,https://www.kanjipedia.jp/common/images/kanji/180/std_91AF.png,u91af-k,collection_id_exact,7,2f86b78e722411fbcf498cb64abd1615b36baa0ac7d0ed65f6353b1fcebba4bf,u91af-k.svg,
CE-001628,醯,1級,親字,https://www.kanjipedia.jp/common/images/kanji/180/std_91AF.png,u91af-j,collection_id_exact,1,c0743e4d3b7deab52cdb2f7f851fcfccd2fb0aebc51d514210864acb2dcd21c7,u91af-j.svg,
CE-001628,醯,1級,親字,https://www.kanjipedia.jp/common/images/kanji/180/std_91AF.png,u91af,unicode_exact,13,c0743e4d3b7deab52cdb2f7f851fcfccd2fb0aebc51d514210864acb2dcd21c7,u91af.svg,
CE-001633,警,1/準1級,旧字,https://www.kanjipedia.jp/common/images/kanji/60/skj_8072.png,u8b66-ue0100,ivs_exact,16,11f968480d9078991d629db08063a6f4a3802a3460d0e319ad99322f83a2c334,u8b66-ue0100.svg,
CE-001633,警,1/準1級,旧字,https://www.kanjipedia.jp/common/images/kanji/60/skj_8072.png,u8b66-ue0101,ivs_exact,13,11f968480d9078991d629db08063a6f4a3802a3460d0e319ad99322f83a2c334,u8b66-ue0101.svg,
CE-001633,警,1/準1級,旧字,https://www.kanjipedia.jp/common/images/kanji/60/skj_8072.png,u8b66-ue0102,ivs_exact,10,f494d9d32d5afd1ca5b1960625bf1a1a9fb9b69e8bd8e6ecb860ac61f5a36713,u8b66-ue0102.svg,
CE-001633,警,1/準1級,旧字,https://www.kanjipedia.jp/common/images/kanji/60/skj_8072.png,u8b66-k,collection_id_exact,15,11f968480d9078991d629db08063a6f4a3802a3460d0e319ad99322f83a2c334,u8b66-k.svg,
CE-001633,警,1/準1級,旧字,https://www.kanjipedia.jp/common/images/kanji/60/skj_8072.png,u8b66-t,collection_id_exact,8,0f1f70243e4c19df4f043bc5efcc552347dae9f14ad1a5210c9f8a71bf6ce038,u8b66-t.svg,
CE-001633,警,1/準1級,旧字,https://www.kanjipedia.jp/common/images/kanji/60/skj_8072.png,u8b66-j,collection_id_exact,7,11f968480d9078991d629db08063a6f4a3802a3460d0e319ad99322f83a2c334,u8b66-j.svg,
CE-001633,警,1/準1級,旧字,https://www.kanjipedia.jp/common/images/kanji/60/skj_8072.png,u8b66,unicode_exact,21,11f968480d9078991d629db08063a6f4a3802a3460d0e319ad99322f83a2c334,u8b66.svg,
CE-001638,芸,1/準1級,旧字,,u82b8-ue0100,ivs_exact,6,444e014e7de7e3b1b0141a6d2bae58a86aee923a99af4261ef5cdf9926f461e3,u82b8-ue0100.svg,
CE-001638,芸,1/準1級,旧字,,u82b8-ue0101,ivs_exact,6,444e014e7de7e3b1b0141a6d2bae58a86aee923a99af4261ef5cdf9926f461e3,u82b8-ue0101.svg,
CE-001638,芸,1/準1級,旧字,,u82b8-ue0102,ivs_exact,13,51d0d39609009b63fd70b69bfef394511f86065c30f457589565dbeea2015450,u82b8-ue0102.svg,
CE-001638,芸,1/準1級,旧字,,u82b8-k,collection_id_exact,6,51d0d39609009b63fd70b69bfef394511f86065c30f457589565dbeea2015450,u82b8-k.svg,
CE-001638,芸,1/準1級,旧字,,u82b8-t,collection_id_exact,3,10b88f222926fe14a9d5bdaea45e56d5b8e68e9a117df8db2bcd93c153e81ea6,u82b8-t.svg,
CE-001638,芸,1/準1級,旧字,,u82b8-j,collection_id_exact,3,444e014e7de7e3b1b0141a6d2bae58a86aee923a99af4261ef5cdf9926f461e3,u82b8-j.svg,
CE-001638,芸,1/準1級,旧字,,u82b8,unicode_exact,13,444e014e7de7e3b1b0141a6d2bae58a86aee923a99af4261ef5cdf9926f461e3,u82b8.svg,
CE-001641,迎,1/準1級,旧字,https://www.kanjipedia.jp/common/images/kanji/60/pr_8FCE.png,u8fce-ue0100,ivs_exact,13,d9f95f1ebcdef1d43816bff7391267625748fbbe025aebdc06c29ee750017769,u8fce-ue0100.svg,
CE-001641,迎,1/準1級,旧字,https://www.kanjipedia.jp/common/images/kanji/60/pr_8FCE.png,u8fce-ue0101,ivs_exact,8,c480d55c64720ff6e0ae6ff78b290744cd2230f290e23fdeb728ee2c82b9f9a3,u8fce-ue0101.svg,
CE-001641,迎,1/準1級,旧字,https://www.kanjipedia.jp/common/images/kanji/60/pr_8FCE.png,u8fce-ue0102,ivs_exact,10,d9f95f1ebcdef1d43816bff7391267625748fbbe025aebdc06c29ee750017769,u8fce-ue0102.svg,
CE-001641,迎,1/準1級,旧字,https://www.kanjipedia.jp/common/images/kanji/60/pr_8FCE.png,u8fce-ue0103,ivs_exact,5,c480d55c64720ff6e0ae6ff78b290744cd2230f290e23fdeb728ee2c82b9f9a3,u8fce-ue0103.svg,
CE-001641,迎,1/準1級,旧字,https://www.kanjipedia.jp/common/images/kanji/60/pr_8FCE.png,u8fce-k,collection_id_exact,7,c480d55c64720ff6e0ae6ff78b290744cd2230f290e23fdeb728ee2c82b9f9a3,u8fce-k.svg,
CE-001641,迎,1/準1級,旧字,https://www.kanjipedia.jp/common/images/kanji/60/pr_8FCE.png,u8fce-t,collection_id_exact,4,c5e481ed01fab82fa002150c794b4714bc50fca7f3099a0401591ba0130d4c85,u8fce-t.svg,
CE-001641,迎,1/準1級,旧字,https://www.kanjipedia.jp/common/images/kanji/60/pr_8FCE.png,u8fce-j,collection_id_exact,1,d9f95f1ebcdef1d43816bff7391267625748fbbe025aebdc06c29ee750017769,u8fce-j.svg,
CE-001641,迎,1/準1級,旧字,https://www.kanjipedia.jp/common/images/kanji/60/pr_8FCE.png,u8fce,unicode_exact,14,d9f95f1ebcdef1d43816bff7391267625748fbbe025aebdc06c29ee750017769,u8fce.svg,
CE-001657,隙,準1級,旧字でない異体字,https://www.kanjipedia.jp/common/images/kanji/60/std_E580.png,u9699-ue0100,ivs_exact,14,d43612e1488ffeb2fd7b65ea178f2c9ce1f7b1aaf727294ae89c7bd80a22d3ba,u9699-ue0100.svg,
CE-001657,隙,準1級,旧字でない異体字,https://www.kanjipedia.jp/common/images/kanji/60/std_E580.png,u9699-ue0101,ivs_exact,12,968d1f1ed36b39877185359c2c551b015b0cb1ff3e75bf592f954def16feaa49,u9699-ue0101.svg,
CE-001657,隙,準1級,旧字でない異体字,https://www.kanjipedia.jp/common/images/kanji/60/std_E580.png,u9699-ue0102,ivs_exact,6,968d1f1ed36b39877185359c2c551b015b0cb1ff3e75bf592f954def16feaa49,u9699-ue0102.svg,
CE-001657,隙,準1級,旧字でない異体字,https://www.kanjipedia.jp/common/images/kanji/60/std_E580.png,u9699-ue0103,ivs_exact,7,d43612e1488ffeb2fd7b65ea178f2c9ce1f7b1aaf727294ae89c7bd80a22d3ba,u9699-ue0103.svg,
CE-001657,隙,準1級,旧字でない異体字,https://www.kanjipedia.jp/common/images/kanji/60/std_E580.png,u9699-k,collection_id_exact,12,d43612e1488ffeb2fd7b65ea178f2c9ce1f7b1aaf727294ae89c7bd80a22d3ba,u9699-k.svg,
CE-001657,隙,準1級,旧字でない異体字,https://www.kanjipedia.jp/common/images/kanji/60/std_E580.png,u9699-t,collection_id_exact,6,d01a5053561372cd6e7fc2cbb90d2bc89521007c2b2ea0d7c62ac1af079f4ea1,u9699-t.svg,
CE-001657,隙,準1級,旧字でない異体字,https://www.kanjipedia.jp/common/images/kanji/60/std_E580.png,u9699-j,collection_id_exact,5,968d1f1ed36b39877185359c2c551b015b0cb1ff3e75bf592f954def16feaa49,u9699-j.svg,
CE-001657,隙,準1級,旧字でない異体字,https://www.kanjipedia.jp/common/images/kanji/60/std_E580.png,u9699,unicode_exact,13,968d1f1ed36b39877185359c2c551b015b0cb1ff3e75bf592f954def16feaa49,u9699.svg,
CE-001682,桀,1級,親字,https://www.kanjipedia.jp/common/images/kanji/180/std_6840.png,u6840-ue0100,ivs_exact,5,627b67ceb3e19b7f2c347191c3f20682cc4689c5b5a28baf9d1173d29549f517,u6840-ue0100.svg,
CE-001682,桀,1級,親字,https://www.kanjipedia.jp/common/images/kanji/180/std_6840.png,u6840-ue0101,ivs_exact,3,627b67ceb3e19b7f2c347191c3f20682cc4689c5b5a28baf9d1173d29549f517,u6840-ue0101.svg,
CE-001682,桀,1級,親字,https://www.kanjipedia.jp/common/images/kanji/180/std_6840.png,u6840-ue0102,ivs_exact,2,ee51f09a373e7487822c2805ddb24b48672683acfda09f193b5c47daaace83ab,u6840-ue0102.svg,
CE-001682,桀,1級,親字,https://www.kanjipedia.jp/common/images/kanji/180/std_6840.png,u6840-ue0103,ivs_exact,2,928685f5b5920b8e33fa7b3616b2e17f6a26985c5d424d226ffdfc72cc4042cb,u6840-ue0103.svg,
CE-001682,桀,1級,親字,https://www.kanjipedia.jp/common/images/kanji/180/std_6840.png,u6840-k,collection_id_exact,2,627b67ceb3e19b7f2c347191c3f20682cc4689c5b5a28baf9d1173d29549f517,u6840-k.svg,
CE-001682,桀,1級,親字,https://www.kanjipedia.jp/common/images/kanji/180/std_6840.png,u6840-t,collection_id_exact,3,41ca84f9976bf8c4dba4eaf14bb6924f1641b438308cc37002e4abbe32bec16f,u6840-t.svg,
CE-001682,桀,1級,親字,https://www.kanjipedia.jp/common/images/kanji/180/std_6840.png,u6840-j,collection_id_exact,2,627b67ceb3e19b7f2c347191c3f20682cc4689c5b5a28baf9d1173d29549f517,u6840-j.svg,
CE-001682,桀,1級,親字,https://www.kanjipedia.jp/common/images/kanji/180/std_6840.png,u6840,unicode_exact,6,627b67ceb3e19b7f2c347191c3f20682cc4689c5b5a28baf9d1173d29549f517,u6840.svg,
CE-001690,傑,1/準1級,旧字,https://www.kanjipedia.jp/common/images/kanji/60/pr_6770.png,u5091-ue0100,ivs_exact,13,5db92ce2b46f9602b2d531adab62bf58b0538b506a295f9494e4186723d32f98,u5091-ue0100.svg,
CE-001690,傑,1/準1級,旧字,https://www.kanjipedia.jp/common/images/kanji/60/pr_6770.png,u5091-ue0101,ivs_exact,11,a383f5ffe7d41064b15500086c59dbc43c16bf3eb3f7525ab0322e1c6074d4eb,u5091-ue0101.svg,
CE-001690,傑,1/準1級,旧字,https://www.kanjipedia.jp/common/images/kanji/60/pr_6770.png,u5091-ue0102,ivs_exact,5,77c9edfa58ea0b5d257c8a9dc9a0f4b1433b80d88f0498036ae1a5d0abbc4684,u5091-ue0102.svg,
CE-001690,傑,1/準1級,旧字,https://www.kanjipedia.jp/common/images/kanji/60/pr_6770.png,u5091-ue0103,ivs_exact,10,5db92ce2b46f9602b2d531adab62bf58b0538b506a295f9494e4186723d32f98,u5091-ue0103.svg,
CE-001690,傑,1/準1級,旧字,https://www.kanjipedia.jp/common/images/kanji/60/pr_6770.png,u5091-k,collection_id_exact,8,5db92ce2b46f9602b2d531adab62bf58b0538b506a295f9494e4186723d32f98,u5091-k.svg,
CE-001690,傑,1/準1級,旧字,https://www.kanjipedia.jp/common/images/kanji/60/pr_6770.png,u5091-t,collection_id_exact,2,2166982024ed81a8716041d0a81ee05f6e2cdb6e56a4126a645519e18d977a64,u5091-t.svg,
CE-001690,傑,1/準1級,旧字,https://www.kanjipedia.jp/common/images/kanji/60/pr_6770.png,u5091-j,collection_id_exact,6,5db92ce2b46f9602b2d531adab62bf58b0538b506a295f9494e4186723d32f98,u5091-j.svg,
CE-001690,傑,1/準1級,旧字,https://www.kanjipedia.jp/common/images/kanji/60/pr_6770.png,u5091,unicode_exact,14,5db92ce2b46f9602b2d531adab62bf58b0538b506a295f9494e4186723d32f98,u5091.svg,
CE-001695,潔,1/準1級,旧字,https://www.kanjipedia.jp/common/images/kanji/60/skj_8074.png,u6f54-ue0100,ivs_exact,15,3cfc16c37c6c2236d4cd38259e28b987944c789c4bd2601465e9ade1a4ad2e6b,u6f54-ue0100.svg,
CE-001695,潔,1/準1級,旧字,https://www.kanjipedia.jp/common/images/kanji/60/skj_8074.png,u6f54-ue0101,ivs_exact,14,419c740e7a8f988c8e22e8a692273aaec76ee4f2480f8b3b7de5a5fa6a905f20,u6f54-ue0101.svg,
CE-001695,潔,1/準1級,旧字,https://www.kanjipedia.jp/common/images/kanji/60/skj_8074.png,u6f54-ue0102,ivs_exact,12,3cfc16c37c6c2236d4cd38259e28b987944c789c4bd2601465e9ade1a4ad2e6b,u6f54-ue0102.svg,
CE-001695,潔,1/準1級,旧字,https://www.kanjipedia.jp/common/images/kanji/60/skj_8074.png,u6f54-ue0103,ivs_exact,9,c44e26b9aafa6a8e3c9e50d931cc8ad4c9b25e50f1497eb393e7df64ae94b9b4,u6f54-ue0103.svg,
CE-001695,潔,1/準1級,旧字,https://www.kanjipedia.jp/common/images/kanji/60/skj_8074.png,u6f54-k,collection_id_exact,13,41ae95cc95056ada5a4c3c268c2f14a2351f5650acb16139723029729b061831,u6f54-k.svg,
CE-001695,潔,1/準1級,旧字,https://www.kanjipedia.jp/common/images/kanji/60/skj_8074.png,u6f54-t,collection_id_exact,6,5c63e5b07302e058436421002674cd541929feb3d8dc7e9f25f7531e63c1a80e,u6f54-t.svg,
CE-001695,潔,1/準1級,旧字,https://www.kanjipedia.jp/common/images/kanji/60/skj_8074.png,u6f54-j,collection_id_exact,7,3cfc16c37c6c2236d4cd38259e28b987944c789c4bd2601465e9ade1a4ad2e6b,u6f54-j.svg,
CE-001695,潔,1/準1級,旧字,https://www.kanjipedia.jp/common/images/kanji/60/skj_8074.png,u6f54,unicode_exact,17,3cfc16c37c6c2236d4cd38259e28b987944c789c4bd2601465e9ade1a4ad2e6b,u6f54.svg,
CE-001716,券,1/準1級,旧字,https://www.kanjipedia.jp/common/images/kanji/60/pr_5238.png,u5238-ue0100,ivs_exact,8,682df024f50842b4be48b88c8c0e55ae37ae4fb8e1fa9cd9e1aa198c55e220c6,u5238-ue0100.svg,
CE-001716,券,1/準1級,旧字,https://www.kanjipedia.jp/common/images/kanji/60/pr_5238.png,u5238-ue0101,ivs_exact,6,a5fca106b47e9811963855d48864997dbd3010aa7bd2c13a10bca9e8736785f0,u5238-ue0101.svg,
CE-001716,券,1/準1級,旧字,https://www.kanjipedia.jp/common/images/kanji/60/pr_5238.png,u5238-ue0102,ivs_exact,8,682df024f50842b4be48b88c8c0e55ae37ae4fb8e1fa9cd9e1aa198c55e220c6,u5238-ue0102.svg,
CE-001716,券,1/準1級,旧字,https://www.kanjipedia.jp/common/images/kanji/60/pr_5238.png,u5238-ue0103,ivs_exact,6,a5fca106b47e9811963855d48864997dbd3010aa7bd2c13a10bca9e8736785f0,u5238-ue0103.svg,
CE-001716,券,1/準1級,旧字,https://www.kanjipedia.jp/common/images/kanji/60/pr_5238.png,u5238-k,collection_id_exact,6,a5fca106b47e9811963855d48864997dbd3010aa7bd2c13a10bca9e8736785f0,u5238-k.svg,
CE-001716,券,1/準1級,旧字,https://www.kanjipedia.jp/common/images/kanji/60/pr_5238.png,u5238-t,collection_id_exact,4,1aece9b4a074b06bccb3a45c65c0911206f2abc3d2baa5d96dee7120a75b4f42,u5238-t.svg,
CE-001716,券,1/準1級,旧字,https://www.kanjipedia.jp/common/images/kanji/60/pr_5238.png,u5238-j,collection_id_exact,3,682df024f50842b4be48b88c8c0e55ae37ae4fb8e1fa9cd9e1aa198c55e220c6,u5238-j.svg,
CE-001716,券,1/準1級,旧字,https://www.kanjipedia.jp/common/images/kanji/60/pr_5238.png,u5238,unicode_exact,8,682df024f50842b4be48b88c8c0e55ae37ae4fb8e1fa9cd9e1aa198c55e220c6,u5238.svg,
CE-001718,肩,1/準1級,旧字,https://www.kanjipedia.jp/common/images/kanji/60/pr_80A9.png,u80a9-ue0100,ivs_exact,4,3cfada83370287d5e976aa834f1ce41028cc5f7b559b498932e076afab4a2df6,u80a9-ue0100.svg,
CE-001718,肩,1/準1級,旧字,https://www.kanjipedia.jp/common/images/kanji/60/pr_80A9.png,u80a9-ue0101,ivs_exact,6,f0e24e0e6e04b95d95151170d152da5bef7986002d95ee0728669b96311f5562,u80a9-ue0101.svg,
CE-001718,肩,1/準1級,旧字,https://www.kanjipedia.jp/common/images/kanji/60/pr_80A9.png,u80a9-ue0102,ivs_exact,4,3cfada83370287d5e976aa834f1ce41028cc5f7b559b498932e076afab4a2df6,u80a9-ue0102.svg,
CE-001718,肩,1/準1級,旧字,https://www.kanjipedia.jp/common/images/kanji/60/pr_80A9.png,u80a9-ue0103,ivs_exact,6,f0e24e0e6e04b95d95151170d152da5bef7986002d95ee0728669b96311f5562,u80a9-ue0103.svg,
CE-001718,肩,1/準1級,旧字,https://www.kanjipedia.jp/common/images/kanji/60/pr_80A9.png,u80a9-k,collection_id_exact,6,f0e24e0e6e04b95d95151170d152da5bef7986002d95ee0728669b96311f5562,u80a9-k.svg,
CE-001718,肩,1/準1級,旧字,https://www.kanjipedia.jp/common/images/kanji/60/pr_80A9.png,u80a9-t,collection_id_exact,2,414b9f0e8fb84c5ec9f18d47058525953cb0b5d9ae1f5ec622e2030fca35c735,u80a9-t.svg,
CE-001718,肩,1/準1級,旧字,https://www.kanjipedia.jp/common/images/kanji/60/pr_80A9.png,u80a9-j,collection_id_exact,2,3cfada83370287d5e976aa834f1ce41028cc5f7b559b498932e076afab4a2df6,u80a9-j.svg,
CE-001718,肩,1/準1級,旧字,https://www.kanjipedia.jp/common/images/kanji/60/pr_80A9.png,u80a9,unicode_exact,5,3cfada83370287d5e976aa834f1ce41028cc5f7b559b498932e076afab4a2df6,u80a9.svg,
CE-001732,兼,1/準1級,旧字,https://www.kanjipedia.jp/common/images/kanji/60/pr_517C.png,u517c-ue0100,ivs_exact,5,72891ce82466638ab41e122830aed5ee0bf4f9c93009836eebb3314c9bb09cc3,u517c-ue0100.svg,
CE-001732,兼,1/準1級,旧字,https://www.kanjipedia.jp/common/images/kanji/60/pr_517C.png,u517c-ue0101,ivs_exact,11,5a62304e94a4a67e264905f0b7f841b3fa387f1ea445d6edee99d2671a859beb,u517c-ue0101.svg,
CE-001732,兼,1/準1級,旧字,https://www.kanjipedia.jp/common/images/kanji/60/pr_517C.png,u517c-ue0102,ivs_exact,5,72891ce82466638ab41e122830aed5ee0bf4f9c93009836eebb3314c9bb09cc3,u517c-ue0102.svg,
CE-001732,兼,1/準1級,旧字,https://www.kanjipedia.jp/common/images/kanji/60/pr_517C.png,u517c-ue0103,ivs_exact,8,cba7b70a2508c534250feaf745e23f98da73f0099fac9a014bebe37c24561d81,u517c-ue0103.svg,
CE-001732,兼,1/準1級,旧字,https://www.kanjipedia.jp/common/images/kanji/60/pr_517C.png,u517c-k,collection_id_exact,11,5a62304e94a4a67e264905f0b7f841b3fa387f1ea445d6edee99d2671a859beb,u517c-k.svg,
CE-001732,兼,1/準1級,旧字,https://www.kanjipedia.jp/common/images/kanji/60/pr_517C.png,u517c-t,collection_id_exact,4,4e257c1f9d0a48811a7f57e57aef8f7565989fb8f0e2c7d512c7c3e98eabf50c,u517c-t.svg,
CE-001732,兼,1/準1級,旧字,https://www.kanjipedia.jp/common/images/kanji/60/pr_517C.png,u517c-j,collection_id_exact,6,72891ce82466638ab41e122830aed5ee0bf4f9c93009836eebb3314c9bb09cc3,u517c-j.svg,
CE-001732,兼,1/準1級,旧字,https://www.kanjipedia.jp/common/images/kanji/60/pr_517C.png,u517c,unicode_exact,9,72891ce82466638ab41e122830aed5ee0bf4f9c93009836eebb3314c9bb09cc3,u517c.svg,
CE-001737,拳,1/準1級,旧字,https://www.kanjipedia.jp/common/images/kanji/60/pr_62F3.png,u62f3-ue0100,ivs_exact,7,dab59724f4c76d4fa39cd746b924133a431783f1d73ae653ad1217226ce92b32,u62f3-ue0100.svg,
CE-001737,拳,1/準1級,旧字,https://www.kanjipedia.jp/common/images/kanji/60/pr_62F3.png,u62f3-ue0101,ivs_exact,6,adcc2a90549b54571f1305152ec18f42a4444f37e0019c9a6c8d5ed3a8fe327c,u62f3-ue0101.svg,
CE-001737,拳,1/準1級,旧字,https://www.kanjipedia.jp/common/images/kanji/60/pr_62F3.png,u62f3-ue0102,ivs_exact,7,dab59724f4c76d4fa39cd746b924133a431783f1d73ae653ad1217226ce92b32,u62f3-ue0102.svg,
CE-001737,拳,1/準1級,旧字,https://www.kanjipedia.jp/common/images/kanji/60/pr_62F3.png,u62f3-ue0103,ivs_exact,6,adcc2a90549b54571f1305152ec18f42a4444f37e0019c9a6c8d5ed3a8fe327c,u62f3-ue0103.svg,
CE-001737,拳,1/準1級,旧字,https://www.kanjipedia.jp/common/images/kanji/60/pr_62F3.png,u62f3-k,collection_id_exact,6,adcc2a90549b54571f1305152ec18f42a4444f37e0019c9a6c8d5ed3a8fe327c,u62f3-k.svg,
CE-001737,拳,1/準1級,旧字,https://www.kanjipedia.jp/common/images/kanji/60/pr_62F3.png,u62f3-j,collection_id_exact,4,dab59724f4c76d4fa39cd746b924133a431783f1d73ae653ad1217226ce92b32,u62f3-j.svg,
CE-001737,拳,1/準1級,旧字,https://www.kanjipedia.jp/common/images/kanji/60/pr_62F3.png,u62f3,unicode_exact,7,dab59724f4c76d4fa39cd746b924133a431783f1d73ae653ad1217226ce92b32,u62f3.svg,
CE-001738,枅,1級,親字,https://www.kanjipedia.jp/common/images/kanji/180/std_6785.png,u6785-ue0100,ivs_exact,10,ef9208b1394c34572f2e346a07d8e86781faaf8e1f4d5b9048f75f404428b166,u6785-ue0100.svg,
CE-001738,枅,1級,親字,https://www.kanjipedia.jp/common/images/kanji/180/std_6785.png,u6785-ue0101,ivs_exact,8,8fe65757bb47a8189a3755cfb78504ff765e1cfc622f8320ba9f8b207098fb31,u6785-ue0101.svg,
CE-001738,枅,1級,親字,https://www.kanjipedia.jp/common/images/kanji/180/std_6785.png,u6785-ue0102,ivs_exact,8,dd24a71fb6dc07a8b77f667baf2c8bef61fd980624a1892e5d810dd1a397ba0b,u6785-ue0102.svg,
CE-001738,枅,1級,親字,https://www.kanjipedia.jp/common/images/kanji/180/std_6785.png,u6785-ue0103,ivs_exact,8,8a597a0fa98e6cf93ec878b0f3de9e47e54c6d8a53b658f3c530c74f3c993cc2,u6785-ue0103.svg,
CE-001738,枅,1級,親字,https://www.kanjipedia.jp/common/images/kanji/180/std_6785.png,u6785-k,collection_id_exact,3,8fe65757bb47a8189a3755cfb78504ff765e1cfc622f8320ba9f8b207098fb31,u6785-k.svg,
CE-001738,枅,1級,親字,https://www.kanjipedia.jp/common/images/kanji/180/std_6785.png,u6785-t,collection_id_exact,2,8fe65757bb47a8189a3755cfb78504ff765e1cfc622f8320ba9f8b207098fb31,u6785-t.svg,
CE-001738,枅,1級,親字,https://www.kanjipedia.jp/common/images/kanji/180/std_6785.png,u6785-j,collection_id_exact,5,ef9208b1394c34572f2e346a07d8e86781faaf8e1f4d5b9048f75f404428b166,u6785-j.svg,
CE-001738,枅,1級,親字,https://www.kanjipedia.jp/common/images/kanji/180/std_6785.png,u6785,unicode_exact,12,8fe65757bb47a8189a3755cfb78504ff765e1cfc622f8320ba9f8b207098fb31,u6785.svg,
CE-001764,嫌,1/準1級,旧字,https://www.kanjipedia.jp/common/images/kanji/60/pr_5ACC.png,u5acc-ue0100,ivs_exact,11,4f3682faabe9e0faa3607ede3048eae6e718db7b770836254e29dce980882ead,u5acc-ue0100.svg,
CE-001764,嫌,1/準1級,旧字,https://www.kanjipedia.jp/common/images/kanji/60/pr_5ACC.png,u5acc-ue0101,ivs_exact,8,d5113e9c8c5cd7c611c8d64297fdeea50e018706738fb4ccb12e4fb4ca9dde76,u5acc-ue0101.svg,
CE-001764,嫌,1/準1級,旧字,https://www.kanjipedia.jp/common/images/kanji/60/pr_5ACC.png,u5acc-ue0102,ivs_exact,6,4f3682faabe9e0faa3607ede3048eae6e718db7b770836254e29dce980882ead,u5acc-ue0102.svg,
CE-001764,嫌,1/準1級,旧字,https://www.kanjipedia.jp/common/images/kanji/60/pr_5ACC.png,u5acc-ue0103,ivs_exact,9,4f1123f4304dfc3fb253761048c56acf3440da923f0b18e8e445331fd0b01f4e,u5acc-ue0103.svg,
CE-001764,嫌,1/準1級,旧字,https://www.kanjipedia.jp/common/images/kanji/60/pr_5ACC.png,u5acc-k,collection_id_exact,6,4f1123f4304dfc3fb253761048c56acf3440da923f0b18e8e445331fd0b01f4e,u5acc-k.svg,
CE-001764,嫌,1/準1級,旧字,https://www.kanjipedia.jp/common/images/kanji/60/pr_5ACC.png,u5acc-t,collection_id_exact,1,7c335a89f0d5c38357d4e1e6ed9143dd3d904fbfbe3ffef01465dd516188ea13,u5acc-t.svg,
CE-001764,嫌,1/準1級,旧字,https://www.kanjipedia.jp/common/images/kanji/60/pr_5ACC.png,u5acc-j,collection_id_exact,5,4f3682faabe9e0faa3607ede3048eae6e718db7b770836254e29dce980882ead,u5acc-j.svg,
CE-001764,嫌,1/準1級,旧字,https://www.kanjipedia.jp/common/images/kanji/60/pr_5ACC.png,u5acc,unicode_exact,12,4f3682faabe9e0faa3607ede3048eae6e718db7b770836254e29dce980882ead,u5acc.svg,
CE-001777,遣,1/準1級,旧字,https://www.kanjipedia.jp/common/images/kanji/60/pr_9063.png,u9063-ue0100,ivs_exact,14,9e9023a367654b739ff0caf671369d6c2c92150b238f1467353c6aeb646b1d47,u9063-ue0100.svg,
CE-001777,遣,1/準1級,旧字,https://www.kanjipedia.jp/common/images/kanji/60/pr_9063.png,u9063-ue0101,ivs_exact,8,3ae6c67998797b5c98b961841bba043239adbe050b40439af2a3f427e3e0a18f,u9063-ue0101.svg,
CE-001777,遣,1/準1級,旧字,https://www.kanjipedia.jp/common/images/kanji/60/pr_9063.png,u9063-ue0102,ivs_exact,11,9e9023a367654b739ff0caf671369d6c2c92150b238f1467353c6aeb646b1d47,u9063-ue0102.svg,
CE-001777,遣,1/準1級,旧字,https://www.kanjipedia.jp/common/images/kanji/60/pr_9063.png,u9063-ue0103,ivs_exact,5,3ae6c67998797b5c98b961841bba043239adbe050b40439af2a3f427e3e0a18f,u9063-ue0103.svg,
CE-001777,遣,1/準1級,旧字,https://www.kanjipedia.jp/common/images/kanji/60/pr_9063.png,u9063-k,collection_id_exact,7,3ae6c67998797b5c98b961841bba043239adbe050b40439af2a3f427e3e0a18f,u9063-k.svg,
CE-001777,遣,1/準1級,旧字,https://www.kanjipedia.jp/common/images/kanji/60/pr_9063.png,u9063-t,collection_id_exact,5,ffd5c0c912083f4f0499adaf537f76be683dca8e8baff8675dd476c25e28cf50,u9063-t.svg,
CE-001777,遣,1/準1級,旧字,https://www.kanjipedia.jp/common/images/kanji/60/pr_9063.png,u9063-j,collection_id_exact,5,9e9023a367654b739ff0caf671369d6c2c92150b238f1467353c6aeb646b1d47,u9063-j.svg,
CE-001777,遣,1/準1級,旧字,https://www.kanjipedia.jp/common/images/kanji/60/pr_9063.png,u9063,unicode_exact,14,9e9023a367654b739ff0caf671369d6c2c92150b238f1467353c6aeb646b1d47,u9063.svg,
CE-001782,甄,1級,親字,https://www.kanjipedia.jp/common/images/kanji/180/std_7504.png,u7504-ue0100,ivs_exact,8,7ba11db83111d49b445500b8a79337f8fab1f325f3a64684b87ac43e6ed773b0,u7504-ue0100.svg,
CE-001782,甄,1級,親字,https://www.kanjipedia.jp/common/images/kanji/180/std_7504.png,u7504-ue0101,ivs_exact,7,75fec3c642d09ff45e10141f908609ec2571ed1f63c12369276abad9d35079cf,u7504-ue0101.svg,
CE-001782,甄,1級,親字,https://www.kanjipedia.jp/common/images/kanji/180/std_7504.png,u7504-ue0102,ivs_exact,7,5e19839dedfe50f64df78fa0a98488388495a5ca9b5427ca364d34c04431b835,u7504-ue0102.svg,
CE-001782,甄,1級,親字,https://www.kanjipedia.jp/common/images/kanji/180/std_7504.png,u7504-ue0103,ivs_exact,5,96d31ef4c030fa72526788ab82307d62d78e55e20dc40483420b7ac353013106,u7504-ue0103.svg,
CE-001782,甄,1級,親字,https://www.kanjipedia.jp/common/images/kanji/180/std_7504.png,u7504-k,collection_id_exact,5,96d31ef4c030fa72526788ab82307d62d78e55e20dc40483420b7ac353013106,u7504-k.svg,
CE-001782,甄,1級,親字,https://www.kanjipedia.jp/common/images/kanji/180/std_7504.png,u7504-j,collection_id_exact,3,7ba11db83111d49b445500b8a79337f8fab1f325f3a64684b87ac43e6ed773b0,u7504-j.svg,
CE-001782,甄,1級,親字,https://www.kanjipedia.jp/common/images/kanji/180/std_7504.png,u7504,unicode_exact,9,7ba11db83111d49b445500b8a79337f8fab1f325f3a64684b87ac43e6ed773b0,u7504.svg,
CE-001787,権,1/準1級,旧字,,u6a29-ue0100,ivs_exact,9,35ffccad909e87aa1f18ddd454fe07bb25febe80e69a361ced16897abcdb2fed,u6a29-ue0100.svg,
CE-001787,権,1/準1級,旧字,,u6a29-k,collection_id_exact,2,35ffccad909e87aa1f18ddd454fe07bb25febe80e69a361ced16897abcdb2fed,u6a29-k.svg,
CE-001787,権,1/準1級,旧字,,u6a29-j,collection_id_exact,4,35ffccad909e87aa1f18ddd454fe07bb25febe80e69a361ced16897abcdb2fed,u6a29-j.svg,
CE-001787,権,1/準1級,旧字,,u6a29,unicode_exact,15,ab166341d4fef016f748fcd12a9a786879b61683eede4e44e00fc1bdaca1c780,u6a29.svg,
CE-001797,謙,1/準1級,旧字,https://www.kanjipedia.jp/common/images/kanji/60/pr_8B19.png,u8b19-ue0100,ivs_exact,11,61fe32eebe2aaf8c035c0a44fdc8468042f3cf9860d1af8d2a5eebe61cb113b4,u8b19-ue0100.svg,
CE-001797,謙,1/準1級,旧字,https://www.kanjipedia.jp/common/images/kanji/60/pr_8B19.png,u8b19-ue0101,ivs_exact,6,e492ba72167a1f2226ae6f9e24eb71dc4cae87dd973a745ac24a93dff1e9d854,u8b19-ue0101.svg,
CE-001797,謙,1/準1級,旧字,https://www.kanjipedia.jp/common/images/kanji/60/pr_8B19.png,u8b19-ue0102,ivs_exact,4,61fe32eebe2aaf8c035c0a44fdc8468042f3cf9860d1af8d2a5eebe61cb113b4,u8b19-ue0102.svg,
CE-001797,謙,1/準1級,旧字,https://www.kanjipedia.jp/common/images/kanji/60/pr_8B19.png,u8b19-ue0103,ivs_exact,2,e492ba72167a1f2226ae6f9e24eb71dc4cae87dd973a745ac24a93dff1e9d854,u8b19-ue0103.svg,
CE-001797,謙,1/準1級,旧字,https://www.kanjipedia.jp/common/images/kanji/60/pr_8B19.png,u8b19-k,collection_id_exact,3,e492ba72167a1f2226ae6f9e24eb71dc4cae87dd973a745ac24a93dff1e9d854,u8b19-k.svg,
CE-001797,謙,1/準1級,旧字,https://www.kanjipedia.jp/common/images/kanji/60/pr_8B19.png,u8b19,unicode_exact,11,61fe32eebe2aaf8c035c0a44fdc8468042f3cf9860d1af8d2a5eebe61cb113b4,u8b19.svg,
CE-001803,繭,1/準1級,旧字,https://www.kanjipedia.jp/common/images/kanji/60/skj_8077.png,u7e6d-ue0100,ivs_exact,17,5c02564ccbe43a71afcbeb3a77919b5518798133a665d317eab4fb1197ba64d2,u7e6d-ue0100.svg,
CE-001803,繭,1/準1級,旧字,https://www.kanjipedia.jp/common/images/kanji/60/skj_8077.png,u7e6d-ue0101,ivs_exact,23,4222e0accd6b21be8a2a1badea0a0830c8c2ca8c5fd25bd3aa413d02361830d4,u7e6d-ue0101.svg,
CE-001803,繭,1/準1級,旧字,https://www.kanjipedia.jp/common/images/kanji/60/skj_8077.png,u7e6d-ue0102,ivs_exact,9,5c02564ccbe43a71afcbeb3a77919b5518798133a665d317eab4fb1197ba64d2,u7e6d-ue0102.svg,
CE-001803,繭,1/準1級,旧字,https://www.kanjipedia.jp/common/images/kanji/60/skj_8077.png,u7e6d-ue0103,ivs_exact,11,5ca918eb391f7591f3061155db28eaaf1c49ff8cfbd079327729fe547286cfb4,u7e6d-ue0103.svg,
CE-001803,繭,1/準1級,旧字,https://www.kanjipedia.jp/common/images/kanji/60/skj_8077.png,u7e6d-k,collection_id_exact,18,4222e0accd6b21be8a2a1badea0a0830c8c2ca8c5fd25bd3aa413d02361830d4,u7e6d-k.svg,
CE-001803,繭,1/準1級,旧字,https://www.kanjipedia.jp/common/images/kanji/60/skj_8077.png,u7e6d-t,collection_id_exact,12,776d2dc518e9d8cdfcd353fe9395919b1ef3b576f0b7dcd75b2a642f33dfaebc,u7e6d-t.svg,
CE-001803,繭,1/準1級,旧字,https://www.kanjipedia.jp/common/images/kanji/60/skj_8077.png,u7e6d-j,collection_id_exact,4,5c02564ccbe43a71afcbeb3a77919b5518798133a665d317eab4fb1197ba64d2,u7e6d-j.svg,
CE-001803,繭,1/準1級,旧字,https://www.kanjipedia.jp/common/images/kanji/60/skj_8077.png,u7e6d,unicode_exact,19,5c02564ccbe43a71afcbeb3a77919b5518798133a665d317eab4fb1197ba64d2,u7e6d.svg,
CE-001827,彦,1/準1級,旧字,https://www.kanjipedia.jp/common/images/kanji/60/pr_5F65.png,u5f66-ue0100,ivs_exact,4,fd4d255df60c7a04be1c841d0ec51a2711085278244fe8ba4a37ac12981cbead,u5f66-ue0100.svg,
CE-001827,彦,1/準1級,旧字,https://www.kanjipedia.jp/common/images/kanji/60/pr_5F65.png,u5f66-k,collection_id_exact,3,fd4d255df60c7a04be1c841d0ec51a2711085278244fe8ba4a37ac12981cbead,u5f66-k.svg,
CE-001827,彦,1/準1級,旧字,https://www.kanjipedia.jp/common/images/kanji/60/pr_5F65.png,u5f66-t,collection_id_exact,2,200017b989f2c8d4b1cf2ec2c8b194827cd8b213c9ae744e3c52ceeb9310600c,u5f66-t.svg,
CE-001827,彦,1/準1級,旧字,https://www.kanjipedia.jp/common/images/kanji/60/pr_5F65.png,u5f66-j,collection_id_exact,2,fd4d255df60c7a04be1c841d0ec51a2711085278244fe8ba4a37ac12981cbead,u5f66-j.svg,
CE-001827,彦,1/準1級,旧字,https://www.kanjipedia.jp/common/images/kanji/60/pr_5F65.png,u5f66,unicode_exact,5,fd4d255df60c7a04be1c841d0ec51a2711085278244fe8ba4a37ac12981cbead,u5f66.svg,
CE-001847,戸,1/準1級,旧字,https://www.kanjipedia.jp/common/images/kanji/60/pr_6236.png,u6238-ue0100,ivs_exact,5,650661d617fdc56c3584d798adb02d08b26f594a9772aceb3e645f2108e0c2d6,u6238-ue0100.svg,
CE-001847,戸,1/準1級,旧字,https://www.kanjipedia.jp/common/images/kanji/60/pr_6236.png,u6238-t,collection_id_exact,1,f16a0e98cefc853ab1bc606414c1d207083d4e144fd532a66de202a633646caf,u6238-t.svg,
CE-001847,戸,1/準1級,旧字,https://www.kanjipedia.jp/common/images/kanji/60/pr_6236.png,u6238-j,collection_id_exact,2,650661d617fdc56c3584d798adb02d08b26f594a9772aceb3e645f2108e0c2d6,u6238-j.svg,
CE-001847,戸,1/準1級,旧字,https://www.kanjipedia.jp/common/images/kanji/60/pr_6236.png,u6238,unicode_exact,7,650661d617fdc56c3584d798adb02d08b26f594a9772aceb3e645f2108e0c2d6,u6238.svg,
CE-001855,呱,1級,親字,https://www.kanjipedia.jp/common/images/kanji/180/std_5471.png,u5471-ue0100,ivs_exact,17,678daacbb7cd76ea167800fb37283dd4c4a2bacd77aef435c8748f19156734fe,u5471-ue0100.svg,
CE-001855,呱,1級,親字,https://www.kanjipedia.jp/common/images/kanji/180/std_5471.png,u5471-ue0101,ivs_exact,13,678daacbb7cd76ea167800fb37283dd4c4a2bacd77aef435c8748f19156734fe,u5471-ue0101.svg,
CE-001855,呱,1級,親字,https://www.kanjipedia.jp/common/images/kanji/180/std_5471.png,u5471-ue0102,ivs_exact,14,92bc9ed43c2ce24cc9ae82963584f062fd3b599a9847f27cb57eed269fa60f70,u5471-ue0102.svg,
CE-001855,呱,1級,親字,https://www.kanjipedia.jp/common/images/kanji/180/std_5471.png,u5471-k,collection_id_exact,10,678daacbb7cd76ea167800fb37283dd4c4a2bacd77aef435c8748f19156734fe,u5471-k.svg,
CE-001855,呱,1級,親字,https://www.kanjipedia.jp/common/images/kanji/180/std_5471.png,u5471-t,collection_id_exact,2,f9eeddeb4ccec616ba2ece1972735984ad75370b95a5c1e2c53f168b4cbf07f3,u5471-t.svg,
CE-001855,呱,1級,親字,https://www.kanjipedia.jp/common/images/kanji/180/std_5471.png,u5471-j,collection_id_exact,3,678daacbb7cd76ea167800fb37283dd4c4a2bacd77aef435c8748f19156734fe,u5471-j.svg,
CE-001855,呱,1級,親字,https://www.kanjipedia.jp/common/images/kanji/180/std_5471.png,u5471,unicode_exact,18,678daacbb7cd76ea167800fb37283dd4c4a2bacd77aef435c8748f19156734fe,u5471.svg,
CE-001864,孤,1/準1級,旧字,https://www.kanjipedia.jp/common/images/kanji/60/skj_8078.png,u5b64-ue0100,ivs_exact,12,f113ccd1efe97c464f50a648ea7b7cc71c51782dc6b99be1319a69a6c82b747f,u5b64-ue0100.svg,
CE-001864,孤,1/準1級,旧字,https://www.kanjipedia.jp/common/images/kanji/60/skj_8078.png,u5b64-ue0101,ivs_exact,7,f113ccd1efe97c464f50a648ea7b7cc71c51782dc6b99be1319a69a6c82b747f,u5b64-ue0101.svg,
CE-001864,孤,1/準1級,旧字,https://www.kanjipedia.jp/common/images/kanji/60/skj_8078.png,u5b64-ue0102,ivs_exact,3,0f939b87b5ecb07b5dcb6329df08312916b170d25f90b847422788d3fd39a512,u5b64-ue0102.svg,
CE-001864,孤,1/準1級,旧字,https://www.kanjipedia.jp/common/images/kanji/60/skj_8078.png,u5b64-ue0103,ivs_exact,1,cca3f760dfebd9efcd1ce45bd0dba733a67ba9b135d71118441a87dd410687a6,u5b64-ue0103.svg,
CE-001864,孤,1/準1級,旧字,https://www.kanjipedia.jp/common/images/kanji/60/skj_8078.png,u5b64-k,collection_id_exact,2,83d5ff152ab614a21e4f34ebc1b89add0f89f35d39c63df388067dfa350bafec,u5b64-k.svg,
CE-001864,孤,1/準1級,旧字,https://www.kanjipedia.jp/common/images/kanji/60/skj_8078.png,u5b64-j,collection_id_exact,3,f113ccd1efe97c464f50a648ea7b7cc71c51782dc6b99be1319a69a6c82b747f,u5b64-j.svg,
CE-001864,孤,1/準1級,旧字,https://www.kanjipedia.jp/common/images/kanji/60/skj_8078.png,u5b64,unicode_exact,12,f113ccd1efe97c464f50a648ea7b7cc71c51782dc6b99be1319a69a6c82b747f,u5b64.svg,
CE-001866,弧,1/準1級,旧字,https://www.kanjipedia.jp/common/images/kanji/60/skj_8079.png,u5f27-ue0100,ivs_exact,12,bd459776db4dc51a0bccc8919c44e6c4296f6275e9f8c5c13d2ca31234944d71,u5f27-ue0100.svg,
CE-001866,弧,1/準1級,旧字,https://www.kanjipedia.jp/common/images/kanji/60/skj_8079.png,u5f27-ue0101,ivs_exact,7,bd459776db4dc51a0bccc8919c44e6c4296f6275e9f8c5c13d2ca31234944d71,u5f27-ue0101.svg,
CE-001866,弧,1/準1級,旧字,https://www.kanjipedia.jp/common/images/kanji/60/skj_8079.png,u5f27-ue0102,ivs_exact,4,b1699dcbb6c94bd610c535759b1343815bce943fa2747a9473d6be2f9f8615c1,u5f27-ue0102.svg,
CE-001866,弧,1/準1級,旧字,https://www.kanjipedia.jp/common/images/kanji/60/skj_8079.png,u5f27-k,collection_id_exact,5,bd459776db4dc51a0bccc8919c44e6c4296f6275e9f8c5c13d2ca31234944d71,u5f27-k.svg,
CE-001866,弧,1/準1級,旧字,https://www.kanjipedia.jp/common/images/kanji/60/skj_8079.png,u5f27,unicode_exact,12,bd459776db4dc51a0bccc8919c44e6c4296f6275e9f8c5c13d2ca31234944d71,u5f27.svg,
CE-001877,扈,1級,親字,https://www.kanjipedia.jp/common/images/kanji/180/std_6248.png,u6248-ue0100,ivs_exact,9,99ce11ffdc65fa415885af62a51205ca80f32c51ebaf1d0c173469e29ff290c7,u6248-ue0100.svg,
CE-001877,扈,1級,親字,https://www.kanjipedia.jp/common/images/kanji/180/std_6248.png,u6248-ue0101,ivs_exact,9,6a7e21424e56fc7a1c13812ad1e1730d3d9f5e787a3b158e327dbdbc0acedf53,u6248-ue0101.svg,
CE-001877,扈,1級,親字,https://www.kanjipedia.jp/common/images/kanji/180/std_6248.png,u6248-ue0102,ivs_exact,6,99ce11ffdc65fa415885af62a51205ca80f32c51ebaf1d0c173469e29ff290c7,u6248-ue0102.svg,
CE-001877,扈,1級,親字,https://www.kanjipedia.jp/common/images/kanji/180/std_6248.png,u6248-ue0103,ivs_exact,9,6a7e21424e56fc7a1c13812ad1e1730d3d9f5e787a3b158e327dbdbc0acedf53,u6248-ue0103.svg,
CE-001877,扈,1級,親字,https://www.kanjipedia.jp/common/images/kanji/180/std_6248.png,u6248-k,collection_id_exact,8,6a7e21424e56fc7a1c13812ad1e1730d3d9f5e787a3b158e327dbdbc0acedf53,u6248-k.svg,
CE-001877,扈,1級,親字,https://www.kanjipedia.jp/common/images/kanji/180/std_6248.png,u6248-j,collection_id_exact,3,99ce11ffdc65fa415885af62a51205ca80f32c51ebaf1d0c173469e29ff290c7,u6248-j.svg,
CE-001877,扈,1級,親字,https://www.kanjipedia.jp/common/images/kanji/180/std_6248.png,u6248,unicode_exact,9,99ce11ffdc65fa415885af62a51205ca80f32c51ebaf1d0c173469e29ff290c7,u6248.svg,
CE-001880,瓠,1級,親字,https://www.kanjipedia.jp/common/images/kanji/180/std_74E0.png,u74e0-ue0100,ivs_exact,5,e42c8141ab850b8079102c0cfb9c20ffee4c2d0e70b017dec7a7e9386d7a7d14,u74e0-ue0100.svg,
CE-001880,瓠,1級,親字,https://www.kanjipedia.jp/common/images/kanji/180/std_74E0.png,u74e0-ue0101,ivs_exact,4,d4161d86eff948978c0ea1e461b26344c3071da8874f6ee3a50e7eb98d3cdabc,u74e0-ue0101.svg,
CE-001880,瓠,1級,親字,https://www.kanjipedia.jp/common/images/kanji/180/std_74E0.png,u74e0-ue0102,ivs_exact,5,e42c8141ab850b8079102c0cfb9c20ffee4c2d0e70b017dec7a7e9386d7a7d14,u74e0-ue0102.svg,
CE-001880,瓠,1級,親字,https://www.kanjipedia.jp/common/images/kanji/180/std_74E0.png,u74e0-ue0103,ivs_exact,4,d4161d86eff948978c0ea1e461b26344c3071da8874f6ee3a50e7eb98d3cdabc,u74e0-ue0103.svg,
CE-001880,瓠,1級,親字,https://www.kanjipedia.jp/common/images/kanji/180/std_74E0.png,u74e0-k,collection_id_exact,1,68bac051b78b58fa66d1bf8af1fb6630d8062829420e4502f97add15063f74a2,u74e0-k.svg,
CE-001880,瓠,1級,親字,https://www.kanjipedia.jp/common/images/kanji/180/std_74E0.png,u74e0-j,collection_id_exact,4,e42c8141ab850b8079102c0cfb9c20ffee4c2d0e70b017dec7a7e9386d7a7d14,u74e0-j.svg,
CE-001880,瓠,1級,親字,https://www.kanjipedia.jp/common/images/kanji/180/std_74E0.png,u74e0,unicode_exact,6,e42c8141ab850b8079102c0cfb9c20ffee4c2d0e70b017dec7a7e9386d7a7d14,u74e0.svg,
CE-001890,觚,1級,親字,https://www.kanjipedia.jp/common/images/kanji/180/std_89DA.png,u89da-ue0100,ivs_exact,9,ae78a9be4c3c35e1b412c44cc5947f2088d05423b02f411bdab0854475ffac82,u89da-ue0100.svg,
CE-001890,觚,1級,親字,https://www.kanjipedia.jp/common/images/kanji/180/std_89DA.png,u89da-ue0101,ivs_exact,6,ae78a9be4c3c35e1b412c44cc5947f2088d05423b02f411bdab0854475ffac82,u89da-ue0101.svg,
CE-001890,觚,1級,親字,https://www.kanjipedia.jp/common/images/kanji/180/std_89DA.png,u89da-ue0102,ivs_exact,4,d3b006bd48f0c93cebaa11f4a5f2c8326c5101176e55f07b9a6206e19579be6c,u89da-ue0102.svg,
CE-001890,觚,1級,親字,https://www.kanjipedia.jp/common/images/kanji/180/std_89DA.png,u89da,unicode_exact,10,ae78a9be4c3c35e1b412c44cc5947f2088d05423b02f411bdab0854475ffac82,u89da.svg,
CE-001895,雇,1/準1級,旧字,https://www.kanjipedia.jp/common/images/kanji/60/pr_96C7.png,u96c7-ue0100,ivs_exact,3,8bf57a68eedc92883fc4bfc3325f47c320e2fa4b781c80788662fc0607b85e78,u96c7-ue0100.svg,
CE-001895,雇,1/準1級,旧字,https://www.kanjipedia.jp/common/images/kanji/60/pr_96C7.png,u96c7-ue0101,ivs_exact,15,c861abb83bfaab9b70adc6660ef7a6166fe1ae9cbcd7512b716d56c8ee2af37b,u96c7-ue0101.svg,
CE-001895,雇,1/準1級,旧字,https://www.kanjipedia.jp/common/images/kanji/60/pr_96C7.png,u96c7-ue0102,ivs_exact,2,8bf57a68eedc92883fc4bfc3325f47c320e2fa4b781c80788662fc0607b85e78,u96c7-ue0102.svg,
CE-001895,雇,1/準1級,旧字,https://www.kanjipedia.jp/common/images/kanji/60/pr_96C7.png,u96c7-ue0103,ivs_exact,9,c861abb83bfaab9b70adc6660ef7a6166fe1ae9cbcd7512b716d56c8ee2af37b,u96c7-ue0103.svg,
CE-001895,雇,1/準1級,旧字,https://www.kanjipedia.jp/common/images/kanji/60/pr_96C7.png,u96c7-k,collection_id_exact,13,c861abb83bfaab9b70adc6660ef7a6166fe1ae9cbcd7512b716d56c8ee2af37b,u96c7-k.svg,
CE-001895,雇,1/準1級,旧字,https://www.kanjipedia.jp/common/images/kanji/60/pr_96C7.png,u96c7-t,collection_id_exact,13,3ef38d40454c32364f6798f116b118649a47441fddf0411723a1c8c9a00e7215,u96c7-t.svg,
CE-001895,雇,1/準1級,旧字,https://www.kanjipedia.jp/common/images/kanji/60/pr_96C7.png,u96c7-j,collection_id_exact,2,8bf57a68eedc92883fc4bfc3325f47c320e2fa4b781c80788662fc0607b85e78,u96c7-j.svg,
CE-001895,雇,1/準1級,旧字,https://www.kanjipedia.jp/common/images/kanji/60/pr_96C7.png,u96c7,unicode_exact,3,8bf57a68eedc92883fc4bfc3325f47c320e2fa4b781c80788662fc0607b85e78,u96c7.svg,
CE-001903,滬,1級,親字,https://www.kanjipedia.jp/common/images/kanji/180/std_6EEC.png,u6eec-ue0100,ivs_exact,12,4c90fa77563e0d4fad7a78dcbf04790620cb3b53612b689f92c7fa86a3d448c8,u6eec-ue0100.svg,
CE-001903,滬,1級,親字,https://www.kanjipedia.jp/common/images/kanji/180/std_6EEC.png,u6eec-ue0101,ivs_exact,11,e86ce352c34e38ad4d41daaf95f68ba824df380b58bc37e2513a6fbd4cc49f23,u6eec-ue0101.svg,
CE-001903,滬,1級,親字,https://www.kanjipedia.jp/common/images/kanji/180/std_6EEC.png,u6eec-ue0102,ivs_exact,10,4c90fa77563e0d4fad7a78dcbf04790620cb3b53612b689f92c7fa86a3d448c8,u6eec-ue0102.svg,
CE-001903,滬,1級,親字,https://www.kanjipedia.jp/common/images/kanji/180/std_6EEC.png,u6eec-ue0103,ivs_exact,10,e86ce352c34e38ad4d41daaf95f68ba824df380b58bc37e2513a6fbd4cc49f23,u6eec-ue0103.svg,
CE-001903,滬,1級,親字,https://www.kanjipedia.jp/common/images/kanji/180/std_6EEC.png,u6eec-k,collection_id_exact,6,e86ce352c34e38ad4d41daaf95f68ba824df380b58bc37e2513a6fbd4cc49f23,u6eec-k.svg,
CE-001903,滬,1級,親字,https://www.kanjipedia.jp/common/images/kanji/180/std_6EEC.png,u6eec-j,collection_id_exact,6,4c90fa77563e0d4fad7a78dcbf04790620cb3b53612b689f92c7fa86a3d448c8,u6eec-j.svg,
CE-001903,滬,1級,親字,https://www.kanjipedia.jp/common/images/kanji/180/std_6EEC.png,u6eec,unicode_exact,13,4c90fa77563e0d4fad7a78dcbf04790620cb3b53612b689f92c7fa86a3d448c8,u6eec.svg,
CE-001914,顧,1/準1級,旧字,https://www.kanjipedia.jp/common/images/kanji/60/pr_9867.png,u9867-ue0100,ivs_exact,7,84373b6bafff418d9d501fb476366cffbef7699f42b1971fcc85e7cddb928660,u9867-ue0100.svg,
CE-001914,顧,1/準1級,旧字,https://www.kanjipedia.jp/common/images/kanji/60/pr_9867.png,u9867-ue0101,ivs_exact,9,e53d20cc614036acadcefed082b96c2a47209c30cd5c2fac96cb10b67bcea4e4,u9867-ue0101.svg,
CE-001914,顧,1/準1級,旧字,https://www.kanjipedia.jp/common/images/kanji/60/pr_9867.png,u9867-ue0102,ivs_exact,3,84373b6bafff418d9d501fb476366cffbef7699f42b1971fcc85e7cddb928660,u9867-ue0102.svg,
CE-001914,顧,1/準1級,旧字,https://www.kanjipedia.jp/common/images/kanji/60/pr_9867.png,u9867-ue0103,ivs_exact,5,e53d20cc614036acadcefed082b96c2a47209c30cd5c2fac96cb10b67bcea4e4,u9867-ue0103.svg,
CE-001914,顧,1/準1級,旧字,https://www.kanjipedia.jp/common/images/kanji/60/pr_9867.png,u9867-k,collection_id_exact,9,e53d20cc614036acadcefed082b96c2a47209c30cd5c2fac96cb10b67bcea4e4,u9867-k.svg,
CE-001914,顧,1/準1級,旧字,https://www.kanjipedia.jp/common/images/kanji/60/pr_9867.png,u9867-t,collection_id_exact,2,e696652c81b9f7ead71bbeb966f319c5f5425d6f27dc94c63eb97e2250f58a9c,u9867-t.svg,
CE-001914,顧,1/準1級,旧字,https://www.kanjipedia.jp/common/images/kanji/60/pr_9867.png,u9867-j,collection_id_exact,1,84373b6bafff418d9d501fb476366cffbef7699f42b1971fcc85e7cddb928660,u9867-j.svg,
CE-001914,顧,1/準1級,旧字,https://www.kanjipedia.jp/common/images/kanji/60/pr_9867.png,u9867,unicode_exact,7,84373b6bafff418d9d501fb476366cffbef7699f42b1971fcc85e7cddb928660,u9867.svg,
CE-001921,冴,1/準1級,旧字,https://www.kanjipedia.jp/common/images/kanji/60/pr_6C8D.png,u51b4-ue0100,ivs_exact,9,33eefbd0d4297fe17d5e2c4f23d91ea1985142e9c56711096ac6c4fc0aeb647c,u51b4-ue0100.svg,
CE-001921,冴,1/準1級,旧字,https://www.kanjipedia.jp/common/images/kanji/60/pr_6C8D.png,u51b4-ue0101,ivs_exact,5,38ee62e74e2bc4c20e756358bed02b551205383744c17ed911bc013371253b94,u51b4-ue0101.svg,
CE-001921,冴,1/準1級,旧字,https://www.kanjipedia.jp/common/images/kanji/60/pr_6C8D.png,u51b4-ue0102,ivs_exact,6,8c8574522761b82e15d396a2c191c5290be18af1e219f9ba9760b97ff1f82469,u51b4-ue0102.svg,
CE-001921,冴,1/準1級,旧字,https://www.kanjipedia.jp/common/images/kanji/60/pr_6C8D.png,u51b4-ue0103,ivs_exact,8,33eefbd0d4297fe17d5e2c4f23d91ea1985142e9c56711096ac6c4fc0aeb647c,u51b4-ue0103.svg,
CE-001921,冴,1/準1級,旧字,https://www.kanjipedia.jp/common/images/kanji/60/pr_6C8D.png,u51b4-k,collection_id_exact,2,33eefbd0d4297fe17d5e2c4f23d91ea1985142e9c56711096ac6c4fc0aeb647c,u51b4-k.svg,
CE-001921,冴,1/準1級,旧字,https://www.kanjipedia.jp/common/images/kanji/60/pr_6C8D.png,u51b4-t,collection_id_exact,1,a544bfceadafc19e5516ce86c483b818e5c8df1fdf42db390037bfcd307c4329,u51b4-t.svg,
CE-001921,冴,1/準1級,旧字,https://www.kanjipedia.jp/common/images/kanji/60/pr_6C8D.png,u51b4-j,collection_id_exact,3,33eefbd0d4297fe17d5e2c4f23d91ea1985142e9c56711096ac6c4fc0aeb647c,u51b4-j.svg,
CE-001921,冴,1/準1級,旧字,https://www.kanjipedia.jp/common/images/kanji/60/pr_6C8D.png,u51b4,unicode_exact,10,33eefbd0d4297fe17d5e2c4f23d91ea1985142e9c56711096ac6c4fc0aeb647c,u51b4.svg,
CE-001942,護,1/準1級,旧字,https://www.kanjipedia.jp/common/images/kanji/60/skj_807C.png,u8b77-ue0100,ivs_exact,17,23a3f952d1d1674084488937e0349a32d95579fc3377a1886f18165402d9ec59,u8b77-ue0100.svg,
CE-001942,護,1/準1級,旧字,https://www.kanjipedia.jp/common/images/kanji/60/skj_807C.png,u8b77-ue0101,ivs_exact,12,23a3f952d1d1674084488937e0349a32d95579fc3377a1886f18165402d9ec59,u8b77-ue0101.svg,
CE-001942,護,1/準1級,旧字,https://www.kanjipedia.jp/common/images/kanji/60/skj_807C.png,u8b77-ue0102,ivs_exact,8,3cc10e0436e92719957effc6d4cdbdb4947efe1321ab203947cfd12e4b885114,u8b77-ue0102.svg,
CE-001942,護,1/準1級,旧字,https://www.kanjipedia.jp/common/images/kanji/60/skj_807C.png,u8b77-k,collection_id_exact,15,23a3f952d1d1674084488937e0349a32d95579fc3377a1886f18165402d9ec59,u8b77-k.svg,
CE-001942,護,1/準1級,旧字,https://www.kanjipedia.jp/common/images/kanji/60/skj_807C.png,u8b77-t,collection_id_exact,8,5efa97547de78ee6f0c44c10864a5312bbeb8f2031e69ce5648ce8ca85b7556c,u8b77-t.svg,
CE-001942,護,1/準1級,旧字,https://www.kanjipedia.jp/common/images/kanji/60/skj_807C.png,u8b77-j,collection_id_exact,4,23a3f952d1d1674084488937e0349a32d95579fc3377a1886f18165402d9ec59,u8b77-j.svg,
CE-001942,護,1/準1級,旧字,https://www.kanjipedia.jp/common/images/kanji/60/skj_807C.png,u8b77,unicode_exact,17,23a3f952d1d1674084488937e0349a32d95579fc3377a1886f18165402d9ec59,u8b77.svg,
CE-001983,肓,1級,親字,https://www.kanjipedia.jp/common/images/kanji/180/nw_0006.png,u8093-ue0100,ivs_exact,3,d7101ca64618bf4068a7675dfb16d5476e727f5449a6587e8f373baddf5cd839,u8093-ue0100.svg,
CE-001983,肓,1級,親字,https://www.kanjipedia.jp/common/images/kanji/180/nw_0006.png,u8093-ue0101,ivs_exact,3,d7101ca64618bf4068a7675dfb16d5476e727f5449a6587e8f373baddf5cd839,u8093-ue0101.svg,
CE-001983,肓,1級,親字,https://www.kanjipedia.jp/common/images/kanji/180/nw_0006.png,u8093-ue0102,ivs_exact,3,4a3923a8c5bcaf09703b60aa8c8a509ab3043bc01473833fab8740d5e20b6983,u8093-ue0102.svg,
CE-001983,肓,1級,親字,https://www.kanjipedia.jp/common/images/kanji/180/nw_0006.png,u8093-t,collection_id_exact,1,bb0c30527465e625d14c577fdd1933d87af9a15e99c90720ba893f9721ad7fc0,u8093-t.svg,
CE-001983,肓,1級,親字,https://www.kanjipedia.jp/common/images/kanji/180/nw_0006.png,u8093-j,collection_id_exact,2,d7101ca64618bf4068a7675dfb16d5476e727f5449a6587e8f373baddf5cd839,u8093-j.svg,
CE-001983,肓,1級,親字,https://www.kanjipedia.jp/common/images/kanji/180/nw_0006.png,u8093,unicode_exact,7,d7101ca64618bf4068a7675dfb16d5476e727f5449a6587e8f373baddf5cd839,u8093.svg,
CE-002029,冓,1級,親字,https://www.kanjipedia.jp/common/images/kanji/180/std_5193.png,u5193-ue0100,ivs_exact,8,6ee24042b18f6eeabe571499e9231bf47880062afbd40e5d8d6f6c5aa414aa40,u5193-ue0100.svg,
CE-002029,冓,1級,親字,https://www.kanjipedia.jp/common/images/kanji/180/std_5193.png,u5193-ue0101,ivs_exact,4,c27770b96fa7810d9598f7784b5b9d7a527b1eabec635d218504d668cc5833c1,u5193-ue0101.svg,
CE-002029,冓,1級,親字,https://www.kanjipedia.jp/common/images/kanji/180/std_5193.png,u5193-ue0102,ivs_exact,6,6ee24042b18f6eeabe571499e9231bf47880062afbd40e5d8d6f6c5aa414aa40,u5193-ue0102.svg,
CE-002029,冓,1級,親字,https://www.kanjipedia.jp/common/images/kanji/180/std_5193.png,u5193-ue0103,ivs_exact,4,e573c7188e200b798a5a4e41583ffc4e06ab7f5147b1e61d5007abf25db34367,u5193-ue0103.svg,
CE-002029,冓,1級,親字,https://www.kanjipedia.jp/common/images/kanji/180/std_5193.png,u5193-k,collection_id_exact,8,6ee24042b18f6eeabe571499e9231bf47880062afbd40e5d8d6f6c5aa414aa40,u5193-k.svg,
CE-002029,冓,1級,親字,https://www.kanjipedia.jp/common/images/kanji/180/std_5193.png,u5193-t,collection_id_exact,1,6ee24042b18f6eeabe571499e9231bf47880062afbd40e5d8d6f6c5aa414aa40,u5193-t.svg,
CE-002029,冓,1級,親字,https://www.kanjipedia.jp/common/images/kanji/180/std_5193.png,u5193-j,collection_id_exact,2,6ee24042b18f6eeabe571499e9231bf47880062afbd40e5d8d6f6c5aa414aa40,u5193-j.svg,
CE-002029,冓,1級,親字,https://www.kanjipedia.jp/common/images/kanji/180/std_5193.png,u5193,unicode_exact,9,6ee24042b18f6eeabe571499e9231bf47880062afbd40e5d8d6f6c5aa414aa40,u5193.svg,
CE-002051,降,1/準1級,旧字,https://www.kanjipedia.jp/common/images/kanji/60/skj_807D.png,u964d-ue0100,ivs_exact,10,6b7513c420b57ef53625aeb88f4b794299da2f449cf9d1a28b5afe3d1e2ed97e,u964d-ue0100.svg,
CE-002051,降,1/準1級,旧字,https://www.kanjipedia.jp/common/images/kanji/60/skj_807D.png,u964d-ue0101,ivs_exact,9,39d3bc32a476dc7b6b3eea53f753a1d2330d5f6050109e39b520713a0b641a7d,u964d-ue0101.svg,
CE-002051,降,1/準1級,旧字,https://www.kanjipedia.jp/common/images/kanji/60/skj_807D.png,u964d-ue0102,ivs_exact,8,6b7513c420b57ef53625aeb88f4b794299da2f449cf9d1a28b5afe3d1e2ed97e,u964d-ue0102.svg,
CE-002051,降,1/準1級,旧字,https://www.kanjipedia.jp/common/images/kanji/60/skj_807D.png,u964d-ue0103,ivs_exact,9,9b6ebb444139c3b52745df057a5eb48e21f98858447d90cba4d29d4a305728b0,u964d-ue0103.svg,
CE-002051,降,1/準1級,旧字,https://www.kanjipedia.jp/common/images/kanji/60/skj_807D.png,u964d-k,collection_id_exact,7,39d3bc32a476dc7b6b3eea53f753a1d2330d5f6050109e39b520713a0b641a7d,u964d-k.svg,
CE-002051,降,1/準1級,旧字,https://www.kanjipedia.jp/common/images/kanji/60/skj_807D.png,u964d-t,collection_id_exact,2,b8ed670b2e4d575ad9c482bdbcf17ff81998a03d2eec173d710f26111130da24,u964d-t.svg,
CE-002051,降,1/準1級,旧字,https://www.kanjipedia.jp/common/images/kanji/60/skj_807D.png,u964d-j,collection_id_exact,3,6b7513c420b57ef53625aeb88f4b794299da2f449cf9d1a28b5afe3d1e2ed97e,u964d-j.svg,
CE-002051,降,1/準1級,旧字,https://www.kanjipedia.jp/common/images/kanji/60/skj_807D.png,u964d,unicode_exact,11,6b7513c420b57ef53625aeb88f4b794299da2f449cf9d1a28b5afe3d1e2ed97e,u964d.svg,
CE-002073,港,1/準1級,旧字,https://www.kanjipedia.jp/common/images/kanji/60/pr_6E2F.png,u6e2f-ue0100,ivs_exact,14,3ee274b9890861ede082a11d94f09552ca98ed4c5b6c9d83f40e508ae7222f74,u6e2f-ue0100.svg,
CE-002073,港,1/準1級,旧字,https://www.kanjipedia.jp/common/images/kanji/60/pr_6E2F.png,u6e2f-ue0101,ivs_exact,12,1c0d339f237edb21df8eea97e7780b8b6fb449c76bb052506196c8b84caefc18,u6e2f-ue0101.svg,
CE-002073,港,1/準1級,旧字,https://www.kanjipedia.jp/common/images/kanji/60/pr_6E2F.png,u6e2f-ue0102,ivs_exact,12,3ee274b9890861ede082a11d94f09552ca98ed4c5b6c9d83f40e508ae7222f74,u6e2f-ue0102.svg,
CE-002073,港,1/準1級,旧字,https://www.kanjipedia.jp/common/images/kanji/60/pr_6E2F.png,u6e2f-ue0103,ivs_exact,11,1c0d339f237edb21df8eea97e7780b8b6fb449c76bb052506196c8b84caefc18,u6e2f-ue0103.svg,
CE-002073,港,1/準1級,旧字,https://www.kanjipedia.jp/common/images/kanji/60/pr_6E2F.png,u6e2f-k,collection_id_exact,12,3ee274b9890861ede082a11d94f09552ca98ed4c5b6c9d83f40e508ae7222f74,u6e2f-k.svg,
CE-002073,港,1/準1級,旧字,https://www.kanjipedia.jp/common/images/kanji/60/pr_6E2F.png,u6e2f-t,collection_id_exact,4,5a05aba80e59478bc4f6fad4a29826d7ade5848f464954d7ca4b52bf67ce04e1,u6e2f-t.svg,
CE-002073,港,1/準1級,旧字,https://www.kanjipedia.jp/common/images/kanji/60/pr_6E2F.png,u6e2f-j,collection_id_exact,4,3ee274b9890861ede082a11d94f09552ca98ed4c5b6c9d83f40e508ae7222f74,u6e2f-j.svg,
CE-002073,港,1/準1級,旧字,https://www.kanjipedia.jp/common/images/kanji/60/pr_6E2F.png,u6e2f,unicode_exact,15,3ee274b9890861ede082a11d94f09552ca98ed4c5b6c9d83f40e508ae7222f74,u6e2f.svg,
CE-002076,皓,1/準1級,旧字,https://www.kanjipedia.jp/common/images/kanji/60/pr_7693.png,u7693-ue0100,ivs_exact,8,a7e4a8e45428b341711af95861697d69d6055dc619d982be0d3ead07197a2460,u7693-ue0100.svg,
CE-002076,皓,1/準1級,旧字,https://www.kanjipedia.jp/common/images/kanji/60/pr_7693.png,u7693-ue0101,ivs_exact,10,a6b7c3a9736e8fa81a0021398b1d654396fcf8cb31a0451f5359aaf372a0c422,u7693-ue0101.svg,
CE-002076,皓,1/準1級,旧字,https://www.kanjipedia.jp/common/images/kanji/60/pr_7693.png,u7693-ue0102,ivs_exact,4,a7e4a8e45428b341711af95861697d69d6055dc619d982be0d3ead07197a2460,u7693-ue0102.svg,
CE-002076,皓,1/準1級,旧字,https://www.kanjipedia.jp/common/images/kanji/60/pr_7693.png,u7693-ue0103,ivs_exact,5,a6b7c3a9736e8fa81a0021398b1d654396fcf8cb31a0451f5359aaf372a0c422,u7693-ue0103.svg,
CE-002076,皓,1/準1級,旧字,https://www.kanjipedia.jp/common/images/kanji/60/pr_7693.png,u7693-k,collection_id_exact,8,a7e4a8e45428b341711af95861697d69d6055dc619d982be0d3ead07197a2460,u7693-k.svg,
CE-002076,皓,1/準1級,旧字,https://www.kanjipedia.jp/common/images/kanji/60/pr_7693.png,u7693-j,collection_id_exact,2,a7e4a8e45428b341711af95861697d69d6055dc619d982be0d3ead07197a2460,u7693-j.svg,
CE-002076,皓,1/準1級,旧字,https://www.kanjipedia.jp/common/images/kanji/60/pr_7693.png,u7693,unicode_exact,9,a7e4a8e45428b341711af95861697d69d6055dc619d982be0d3ead07197a2460,u7693.svg,
CE-002089,媾,1級,親字,https://www.kanjipedia.jp/common/images/kanji/180/std_5ABE.png,u5abe-ue0100,ivs_exact,13,c42008d1dbfb48a36954fdde060b8261a42c3e8f1b595ad5bfcce96828a376d4,u5abe-ue0100.svg,
CE-002089,媾,1級,親字,https://www.kanjipedia.jp/common/images/kanji/180/std_5ABE.png,u5abe-ue0101,ivs_exact,7,9a97ebd7ee495b9dde6c51ac959fcef05402551ec03bbac63b35f44c6dcb2af6,u5abe-ue0101.svg,
CE-002089,媾,1級,親字,https://www.kanjipedia.jp/common/images/kanji/180/std_5ABE.png,u5abe-ue0102,ivs_exact,8,47f4e645778ac5e6b0fc4a6817522d53e1157f8cad002ec9354835873b4efa74,u5abe-ue0102.svg,
CE-002089,媾,1級,親字,https://www.kanjipedia.jp/common/images/kanji/180/std_5ABE.png,u5abe-ue0103,ivs_exact,8,c42008d1dbfb48a36954fdde060b8261a42c3e8f1b595ad5bfcce96828a376d4,u5abe-ue0103.svg,
CE-002089,媾,1級,親字,https://www.kanjipedia.jp/common/images/kanji/180/std_5ABE.png,u5abe,unicode_exact,14,c42008d1dbfb48a36954fdde060b8261a42c3e8f1b595ad5bfcce96828a376d4,u5abe.svg,
CE-002092,搆,1級,親字,https://www.kanjipedia.jp/common/images/kanji/180/std_6406.png,u6406-ue0100,ivs_exact,9,fab87e6900b065e0949859670a440e1a514d5405b7432bfadeca0ed2ba47e6fe,u6406-ue0100.svg,
CE-002092,搆,1級,親字,https://www.kanjipedia.jp/common/images/kanji/180/std_6406.png,u6406-ue0101,ivs_exact,5,24a652ccf6fb413ed56323d4a9f2541ae59aea8c1222d6a5c6f7adcd6455cd00,u6406-ue0101.svg,
CE-002092,搆,1級,親字,https://www.kanjipedia.jp/common/images/kanji/180/std_6406.png,u6406-ue0102,ivs_exact,4,fab87e6900b065e0949859670a440e1a514d5405b7432bfadeca0ed2ba47e6fe,u6406-ue0102.svg,
CE-002092,搆,1級,親字,https://www.kanjipedia.jp/common/images/kanji/180/std_6406.png,u6406-ue0103,ivs_exact,3,24a652ccf6fb413ed56323d4a9f2541ae59aea8c1222d6a5c6f7adcd6455cd00,u6406-ue0103.svg,
CE-002092,搆,1級,親字,https://www.kanjipedia.jp/common/images/kanji/180/std_6406.png,u6406,unicode_exact,9,fab87e6900b065e0949859670a440e1a514d5405b7432bfadeca0ed2ba47e6fe,u6406.svg,
CE-002095,溝,1/準1級,旧字,https://www.kanjipedia.jp/common/images/kanji/60/pr_6E9D.png,u6e9d-ue0100,ivs_exact,16,35b2dc07ec63a54a77c2c4034eda012fab8614a8f8dbc2bcea2885a625ff9742,u6e9d-ue0100.svg,
CE-002095,溝,1/準1級,旧字,https://www.kanjipedia.jp/common/images/kanji/60/pr_6E9D.png,u6e9d-ue0101,ivs_exact,13,5866b4dda17bc1c81313340f633f5ae1e5034abb756e6502171a2a71a6443946,u6e9d-ue0101.svg,
CE-002095,溝,1/準1級,旧字,https://www.kanjipedia.jp/common/images/kanji/60/pr_6E9D.png,u6e9d-ue0102,ivs_exact,11,35b2dc07ec63a54a77c2c4034eda012fab8614a8f8dbc2bcea2885a625ff9742,u6e9d-ue0102.svg,
CE-002095,溝,1/準1級,旧字,https://www.kanjipedia.jp/common/images/kanji/60/pr_6E9D.png,u6e9d-ue0103,ivs_exact,12,5866b4dda17bc1c81313340f633f5ae1e5034abb756e6502171a2a71a6443946,u6e9d-ue0103.svg,
CE-002095,溝,1/準1級,旧字,https://www.kanjipedia.jp/common/images/kanji/60/pr_6E9D.png,u6e9d-k,collection_id_exact,12,5866b4dda17bc1c81313340f633f5ae1e5034abb756e6502171a2a71a6443946,u6e9d-k.svg,
CE-002095,溝,1/準1級,旧字,https://www.kanjipedia.jp/common/images/kanji/60/pr_6E9D.png,u6e9d-t,collection_id_exact,1,fb292e3491fda71dfbdd29cbb0e749d8fa183a4643be32682dbe36487fff8704,u6e9d-t.svg,
CE-002095,溝,1/準1級,旧字,https://www.kanjipedia.jp/common/images/kanji/60/pr_6E9D.png,u6e9d-j,collection_id_exact,6,35b2dc07ec63a54a77c2c4034eda012fab8614a8f8dbc2bcea2885a625ff9742,u6e9d-j.svg,
CE-002095,溝,1/準1級,旧字,https://www.kanjipedia.jp/common/images/kanji/60/pr_6E9D.png,u6e9d,unicode_exact,17,35b2dc07ec63a54a77c2c4034eda012fab8614a8f8dbc2bcea2885a625ff9742,u6e9d.svg,
CE-002113,構,1/準1級,旧字,https://www.kanjipedia.jp/common/images/kanji/60/pr_69CB.png,u69cb-ue0100,ivs_exact,12,2bf15fb42f0b78931e444e54f3df94c5ca9478b7dee09c4fdce495608857eaa3,u69cb-ue0100.svg,
CE-002113,構,1/準1級,旧字,https://www.kanjipedia.jp/common/images/kanji/60/pr_69CB.png,u69cb-ue0101,ivs_exact,8,f7340fc11b08c62bbd6d6a5c18cc665500d922cb1b24c6ce1fef510eebd37b7e,u69cb-ue0101.svg,
CE-002113,構,1/準1級,旧字,https://www.kanjipedia.jp/common/images/kanji/60/pr_69CB.png,u69cb-ue0102,ivs_exact,9,2bf15fb42f0b78931e444e54f3df94c5ca9478b7dee09c4fdce495608857eaa3,u69cb-ue0102.svg,
CE-002113,構,1/準1級,旧字,https://www.kanjipedia.jp/common/images/kanji/60/pr_69CB.png,u69cb-ue0103,ivs_exact,8,f7340fc11b08c62bbd6d6a5c18cc665500d922cb1b24c6ce1fef510eebd37b7e,u69cb-ue0103.svg,
CE-002113,構,1/準1級,旧字,https://www.kanjipedia.jp/common/images/kanji/60/pr_69CB.png,u69cb-k,collection_id_exact,8,f7340fc11b08c62bbd6d6a5c18cc665500d922cb1b24c6ce1fef510eebd37b7e,u69cb-k.svg,
CE-002113,構,1/準1級,旧字,https://www.kanjipedia.jp/common/images/kanji/60/pr_69CB.png,u69cb-t,collection_id_exact,3,2bf15fb42f0b78931e444e54f3df94c5ca9478b7dee09c4fdce495608857eaa3,u69cb-t.svg,
CE-002113,構,1/準1級,旧字,https://www.kanjipedia.jp/common/images/kanji/60/pr_69CB.png,u69cb-j,collection_id_exact,2,2bf15fb42f0b78931e444e54f3df94c5ca9478b7dee09c4fdce495608857eaa3,u69cb-j.svg,
CE-002113,構,1/準1級,旧字,https://www.kanjipedia.jp/common/images/kanji/60/pr_69CB.png,u69cb,unicode_exact,15,2bf15fb42f0b78931e444e54f3df94c5ca9478b7dee09c4fdce495608857eaa3,u69cb.svg,
CE-002116,槹,1級,親字,https://www.kanjipedia.jp/common/images/kanji/180/std_69F9.png,u69f9-ue0100,ivs_exact,7,df06e086d860fdc7fcaa1440e7742390b1320a1e602d2d143782b9f340facfb4,u69f9-ue0100.svg,
CE-002116,槹,1級,親字,https://www.kanjipedia.jp/common/images/kanji/180/std_69F9.png,u69f9,unicode_exact,10,df06e086d860fdc7fcaa1440e7742390b1320a1e602d2d143782b9f340facfb4,u69f9.svg,
CE-002125,遘,1級,親字,https://www.kanjipedia.jp/common/images/kanji/180/std_9058.png,u9058-ue0100,ivs_exact,6,be690d1b62c1d784f67ee130356f7ef229affc2394d894b3b74d598c29209309,u9058-ue0100.svg,
CE-002125,遘,1級,親字,https://www.kanjipedia.jp/common/images/kanji/180/std_9058.png,u9058-ue0101,ivs_exact,9,25cc8e547846aa621d12dffa2b10d7e3a3e762b2b8a3654600db02a326b9abe7,u9058-ue0101.svg,
CE-002125,遘,1級,親字,https://www.kanjipedia.jp/common/images/kanji/180/std_9058.png,u9058-ue0102,ivs_exact,3,be690d1b62c1d784f67ee130356f7ef229affc2394d894b3b74d598c29209309,u9058-ue0102.svg,
CE-002125,遘,1級,親字,https://www.kanjipedia.jp/common/images/kanji/180/std_9058.png,u9058-ue0103,ivs_exact,6,25cc8e547846aa621d12dffa2b10d7e3a3e762b2b8a3654600db02a326b9abe7,u9058-ue0103.svg,
CE-002125,遘,1級,親字,https://www.kanjipedia.jp/common/images/kanji/180/std_9058.png,u9058-j,collection_id_exact,1,be690d1b62c1d784f67ee130356f7ef229affc2394d894b3b74d598c29209309,u9058-j.svg,
CE-002125,遘,1級,親字,https://www.kanjipedia.jp/common/images/kanji/180/std_9058.png,u9058,unicode_exact,7,be690d1b62c1d784f67ee130356f7ef229affc2394d894b3b74d598c29209309,u9058.svg,
CE-002149,覯,1級,親字,https://www.kanjipedia.jp/common/images/kanji/180/std_89AF.png,u89af-ue0100,ivs_exact,12,c3f8f0cc1932acf07cf946051a5d717798abe5188eb4e5b2bbf6350e5653b815,u89af-ue0100.svg,
CE-002149,覯,1級,親字,https://www.kanjipedia.jp/common/images/kanji/180/std_89AF.png,u89af-ue0101,ivs_exact,11,bbffc7e6c916c43f123deb3af7e49b3398c652c55aefd60ffd1a1b35f047f488,u89af-ue0101.svg,
CE-002149,覯,1級,親字,https://www.kanjipedia.jp/common/images/kanji/180/std_89AF.png,u89af-ue0102,ivs_exact,4,c3f8f0cc1932acf07cf946051a5d717798abe5188eb4e5b2bbf6350e5653b815,u89af-ue0102.svg,
CE-002149,覯,1級,親字,https://www.kanjipedia.jp/common/images/kanji/180/std_89AF.png,u89af-ue0103,ivs_exact,6,bbffc7e6c916c43f123deb3af7e49b3398c652c55aefd60ffd1a1b35f047f488,u89af-ue0103.svg,
CE-002149,覯,1級,親字,https://www.kanjipedia.jp/common/images/kanji/180/std_89AF.png,u89af-j,collection_id_exact,2,c3f8f0cc1932acf07cf946051a5d717798abe5188eb4e5b2bbf6350e5653b815,u89af-j.svg,
CE-002149,覯,1級,親字,https://www.kanjipedia.jp/common/images/kanji/180/std_89AF.png,u89af,unicode_exact,12,c3f8f0cc1932acf07cf946051a5d717798abe5188eb4e5b2bbf6350e5653b815,u89af.svg,
CE-002152,講,1/準1級,旧字,https://www.kanjipedia.jp/common/images/kanji/60/pr_8B1B.png,u8b1b-ue0100,ivs_exact,11,fbaff1b9a1cd675e3eebd328ef61a663cf2424b2c82181475aef80c8a3940095,u8b1b-ue0100.svg,
CE-002152,講,1/準1級,旧字,https://www.kanjipedia.jp/common/images/kanji/60/pr_8B1B.png,u8b1b-ue0101,ivs_exact,4,46849679548f6d15645462436bfe72e83720f82e9990dd7e40d367d4577896d6,u8b1b-ue0101.svg,
CE-002152,講,1/準1級,旧字,https://www.kanjipedia.jp/common/images/kanji/60/pr_8B1B.png,u8b1b-ue0102,ivs_exact,4,fbaff1b9a1cd675e3eebd328ef61a663cf2424b2c82181475aef80c8a3940095,u8b1b-ue0102.svg,
CE-002152,講,1/準1級,旧字,https://www.kanjipedia.jp/common/images/kanji/60/pr_8B1B.png,u8b1b-ue0103,ivs_exact,3,46849679548f6d15645462436bfe72e83720f82e9990dd7e40d367d4577896d6,u8b1b-ue0103.svg,
CE-002152,講,1/準1級,旧字,https://www.kanjipedia.jp/common/images/kanji/60/pr_8B1B.png,u8b1b-k,collection_id_exact,5,46849679548f6d15645462436bfe72e83720f82e9990dd7e40d367d4577896d6,u8b1b-k.svg,
CE-002152,講,1/準1級,旧字,https://www.kanjipedia.jp/common/images/kanji/60/pr_8B1B.png,u8b1b-t,collection_id_exact,7,57903ff73c0d31aa97bb96051d684d28129bfddc8d84dd987a65a6dea11a5c29,u8b1b-t.svg,
CE-002152,講,1/準1級,旧字,https://www.kanjipedia.jp/common/images/kanji/60/pr_8B1B.png,u8b1b-j,collection_id_exact,1,fbaff1b9a1cd675e3eebd328ef61a663cf2424b2c82181475aef80c8a3940095,u8b1b-j.svg,
CE-002152,講,1/準1級,旧字,https://www.kanjipedia.jp/common/images/kanji/60/pr_8B1B.png,u8b1b,unicode_exact,11,fbaff1b9a1cd675e3eebd328ef61a663cf2424b2c82181475aef80c8a3940095,u8b1b.svg,
CE-002154,購,1/準1級,旧字,https://www.kanjipedia.jp/common/images/kanji/60/pr_8CFC.png,u8cfc-ue0100,ivs_exact,14,ba1df2bd818d8c079de14ad358ea618c07f3445a8f3fe6cacba6eb96f6b4d235,u8cfc-ue0100.svg,
CE-002154,購,1/準1級,旧字,https://www.kanjipedia.jp/common/images/kanji/60/pr_8CFC.png,u8cfc-ue0101,ivs_exact,9,a47a7951cdfe5ff0a158a3e497e501ddae43981494f60a4000023f984cb92ee2,u8cfc-ue0101.svg,
CE-002154,購,1/準1級,旧字,https://www.kanjipedia.jp/common/images/kanji/60/pr_8CFC.png,u8cfc-ue0102,ivs_exact,8,8805fff76daafc3e448259c622d2ba9b6b324b6ee85ca09c8dfdb563a676418f,u8cfc-ue0102.svg,
CE-002154,購,1/準1級,旧字,https://www.kanjipedia.jp/common/images/kanji/60/pr_8CFC.png,u8cfc-ue0103,ivs_exact,6,ba1df2bd818d8c079de14ad358ea618c07f3445a8f3fe6cacba6eb96f6b4d235,u8cfc-ue0103.svg,
CE-002154,購,1/準1級,旧字,https://www.kanjipedia.jp/common/images/kanji/60/pr_8CFC.png,u8cfc-k,collection_id_exact,9,8805fff76daafc3e448259c622d2ba9b6b324b6ee85ca09c8dfdb563a676418f,u8cfc-k.svg,
CE-002154,購,1/準1級,旧字,https://www.kanjipedia.jp/common/images/kanji/60/pr_8CFC.png,u8cfc-t,collection_id_exact,4,8021bedd2936cbf3f9b8c86178788c4cd7ecfe15d240f6aefabd4b56843470da,u8cfc-t.svg,
CE-002154,購,1/準1級,旧字,https://www.kanjipedia.jp/common/images/kanji/60/pr_8CFC.png,u8cfc-j,collection_id_exact,3,ba1df2bd818d8c079de14ad358ea618c07f3445a8f3fe6cacba6eb96f6b4d235,u8cfc-j.svg,
CE-002154,購,1/準1級,旧字,https://www.kanjipedia.jp/common/images/kanji/60/pr_8CFC.png,u8cfc,unicode_exact,14,ba1df2bd818d8c079de14ad358ea618c07f3445a8f3fe6cacba6eb96f6b4d235,u8cfc.svg,
CE-002237,鮗,1級,親字,https://www.kanjipedia.jp/common/images/kanji/180/std_9B97.png,u9b97-ue0100,ivs_exact,9,cd6877298ab2fb20276fcba88f1185042675404a501ffceb1ad196d4528d2c53,u9b97-ue0100.svg,
CE-002237,鮗,1級,親字,https://www.kanjipedia.jp/common/images/kanji/180/std_9B97.png,u9b97-ue0101,ivs_exact,9,493fb5d53b67c6c7f817b01ef95c727c34fc53eab1015f25f744ae51d2d5bc60,u9b97-ue0101.svg,
CE-002237,鮗,1級,親字,https://www.kanjipedia.jp/common/images/kanji/180/std_9B97.png,u9b97-ue0102,ivs_exact,5,cd6877298ab2fb20276fcba88f1185042675404a501ffceb1ad196d4528d2c53,u9b97-ue0102.svg,
CE-002237,鮗,1級,親字,https://www.kanjipedia.jp/common/images/kanji/180/std_9B97.png,u9b97-ue0103,ivs_exact,6,493fb5d53b67c6c7f817b01ef95c727c34fc53eab1015f25f744ae51d2d5bc60,u9b97-ue0103.svg,
CE-002237,鮗,1級,親字,https://www.kanjipedia.jp/common/images/kanji/180/std_9B97.png,u9b97-k,collection_id_exact,3,493fb5d53b67c6c7f817b01ef95c727c34fc53eab1015f25f744ae51d2d5bc60,u9b97-k.svg,
CE-002237,鮗,1級,親字,https://www.kanjipedia.jp/common/images/kanji/180/std_9B97.png,u9b97-t,collection_id_exact,1,cd6877298ab2fb20276fcba88f1185042675404a501ffceb1ad196d4528d2c53,u9b97-t.svg,
CE-002237,鮗,1級,親字,https://www.kanjipedia.jp/common/images/kanji/180/std_9B97.png,u9b97-j,collection_id_exact,2,cd6877298ab2fb20276fcba88f1185042675404a501ffceb1ad196d4528d2c53,u9b97-j.svg,
CE-002237,鮗,1級,親字,https://www.kanjipedia.jp/common/images/kanji/180/std_9B97.png,u9b97,unicode_exact,9,cd6877298ab2fb20276fcba88f1185042675404a501ffceb1ad196d4528d2c53,u9b97.svg,
CE-002243,込,1/準1級,旧字,https://www.kanjipedia.jp/common/images/kanji/60/pr_8FBC.png,u8fbc-ue0100,ivs_exact,17,45a670d8e56d105978509aacf9acf91a61418082875ef9724518c0f107bf4b43,u8fbc-ue0100.svg,
CE-002243,込,1/準1級,旧字,https://www.kanjipedia.jp/common/images/kanji/60/pr_8FBC.png,u8fbc-ue0101,ivs_exact,15,1aa570cdafd64e7c1f4615c32548cb764fac8aee84aa7a81ce11fc731ccd4af3,u8fbc-ue0101.svg,
CE-002243,込,1/準1級,旧字,https://www.kanjipedia.jp/common/images/kanji/60/pr_8FBC.png,u8fbc-ue0102,ivs_exact,12,45a670d8e56d105978509aacf9acf91a61418082875ef9724518c0f107bf4b43,u8fbc-ue0102.svg,
CE-002243,込,1/準1級,旧字,https://www.kanjipedia.jp/common/images/kanji/60/pr_8FBC.png,u8fbc-ue0103,ivs_exact,10,1aa570cdafd64e7c1f4615c32548cb764fac8aee84aa7a81ce11fc731ccd4af3,u8fbc-ue0103.svg,
CE-002243,込,1/準1級,旧字,https://www.kanjipedia.jp/common/images/kanji/60/pr_8FBC.png,u8fbc-k,collection_id_exact,15,1212c6eba5c1db8e6131ac4424a8ad8c88199e1c4bbc52b341c2e968f12dd18e,u8fbc-k.svg,
CE-002243,込,1/準1級,旧字,https://www.kanjipedia.jp/common/images/kanji/60/pr_8FBC.png,u8fbc-t,collection_id_exact,13,c5fc1739cf606c4a2e390ecaa41db7eb2464a896fbba9f8684cb0483dbee544d,u8fbc-t.svg,
CE-002243,込,1/準1級,旧字,https://www.kanjipedia.jp/common/images/kanji/60/pr_8FBC.png,u8fbc-j,collection_id_exact,7,45a670d8e56d105978509aacf9acf91a61418082875ef9724518c0f107bf4b43,u8fbc-j.svg,
CE-002243,込,1/準1級,旧字,https://www.kanjipedia.jp/common/images/kanji/60/pr_8FBC.png,u8fbc,unicode_exact,17,45a670d8e56d105978509aacf9acf91a61418082875ef9724518c0f107bf4b43,u8fbc.svg,
CE-002258,袞,1級,親字,https://www.kanjipedia.jp/common/images/kanji/180/std_889E.png,u889e-ue0100,ivs_exact,7,6b0703254c51601972a65006c6f1e37d569978a591794b7cbcf6ed20fa30ff9f,u889e-ue0100.svg,
CE-002258,袞,1級,親字,https://www.kanjipedia.jp/common/images/kanji/180/std_889E.png,u889e-ue0101,ivs_exact,2,694e28e83647a4595ee19431bbabea6b95ce593cd04ab8d6828657eeef501177,u889e-ue0101.svg,
CE-002258,袞,1級,親字,https://www.kanjipedia.jp/common/images/kanji/180/std_889E.png,u889e-ue0102,ivs_exact,7,6b0703254c51601972a65006c6f1e37d569978a591794b7cbcf6ed20fa30ff9f,u889e-ue0102.svg,
CE-002258,袞,1級,親字,https://www.kanjipedia.jp/common/images/kanji/180/std_889E.png,u889e-ue0103,ivs_exact,2,694e28e83647a4595ee19431bbabea6b95ce593cd04ab8d6828657eeef501177,u889e-ue0103.svg,
CE-002258,袞,1級,親字,https://www.kanjipedia.jp/common/images/kanji/180/std_889E.png,u889e-k,collection_id_exact,2,694e28e83647a4595ee19431bbabea6b95ce593cd04ab8d6828657eeef501177,u889e-k.svg,
CE-002258,袞,1級,親字,https://www.kanjipedia.jp/common/images/kanji/180/std_889E.png,u889e-t,collection_id_exact,3,886f6d82af7999b368990ea87f7572c9048cc58508cb2c015795c51c87873b24,u889e-t.svg,
CE-002258,袞,1級,親字,https://www.kanjipedia.jp/common/images/kanji/180/std_889E.png,u889e-j,collection_id_exact,5,1a2dbbc629da11830639eccb64760a842b35f677101da5389a6fa3c414ca66f0,u889e-j.svg,
CE-002258,袞,1級,親字,https://www.kanjipedia.jp/common/images/kanji/180/std_889E.png,u889e,unicode_exact,7,6b0703254c51601972a65006c6f1e37d569978a591794b7cbcf6ed20fa30ff9f,u889e.svg,
CE-002455,産,1/準1級,旧字,https://www.kanjipedia.jp/common/images/kanji/60/pr_7522.png,u7523-ue0100,ivs_exact,5,def5fe094dd91d8f51c9b6263bc0bdb43a07b8d8fb69d00d1265cbce374b63bc,u7523-ue0100.svg,
CE-002455,産,1/準1級,旧字,https://www.kanjipedia.jp/common/images/kanji/60/pr_7522.png,u7523-k,collection_id_exact,4,def5fe094dd91d8f51c9b6263bc0bdb43a07b8d8fb69d00d1265cbce374b63bc,u7523-k.svg,
CE-002455,産,1/準1級,旧字,https://www.kanjipedia.jp/common/images/kanji/60/pr_7522.png,u7523-t,collection_id_exact,1,4dfe396f750f8b9a7a3211459191c794fc9443de01e347da92ea570e41399625,u7523-t.svg,
CE-002455,産,1/準1級,旧字,https://www.kanjipedia.jp/common/images/kanji/60/pr_7522.png,u7523-j,collection_id_exact,2,def5fe094dd91d8f51c9b6263bc0bdb43a07b8d8fb69d00d1265cbce374b63bc,u7523-j.svg,
CE-002455,産,1/準1級,旧字,https://www.kanjipedia.jp/common/images/kanji/60/pr_7522.png,u7523,unicode_exact,5,def5fe094dd91d8f51c9b6263bc0bdb43a07b8d8fb69d00d1265cbce374b63bc,u7523.svg,
CE-002467,簒,1級,親字,https://www.kanjipedia.jp/common/images/kanji/180/std_7C12.png,u7c12-ue0100,ivs_exact,12,9e7108a56a0f93b78be5bbc4afde2f8494390f35f12f8fbe1260576466eac4e5,u7c12-ue0100.svg,
CE-002467,簒,1級,親字,https://www.kanjipedia.jp/common/images/kanji/180/std_7C12.png,u7c12-k,collection_id_exact,11,9e7108a56a0f93b78be5bbc4afde2f8494390f35f12f8fbe1260576466eac4e5,u7c12-k.svg,
CE-002467,簒,1級,親字,https://www.kanjipedia.jp/common/images/kanji/180/std_7C12.png,u7c12,unicode_exact,13,9e7108a56a0f93b78be5bbc4afde2f8494390f35f12f8fbe1260576466eac4e5,u7c12.svg,
CE-002577,耜,1級,親字,https://www.kanjipedia.jp/common/images/kanji/180/std_801C.png,u801c-ue0100,ivs_exact,6,c6820dff36f9d173ccdc94a8b7f0cca5a440e55f767a33090d2c2f53897adff7,u801c-ue0100.svg,
CE-002577,耜,1級,親字,https://www.kanjipedia.jp/common/images/kanji/180/std_801C.png,u801c-ue0101,ivs_exact,5,c6820dff36f9d173ccdc94a8b7f0cca5a440e55f767a33090d2c2f53897adff7,u801c-ue0101.svg,
CE-002577,耜,1級,親字,https://www.kanjipedia.jp/common/images/kanji/180/std_801C.png,u801c-ue0102,ivs_exact,1,f076a4fe17917133130d848d663705fe617f599cdb3d54bab37168a1da859b79,u801c-ue0102.svg,
CE-002577,耜,1級,親字,https://www.kanjipedia.jp/common/images/kanji/180/std_801C.png,u801c-ue0103,ivs_exact,3,d21a93d11f3aa43b7395765f73ca4234a69d038644073b1c268a6057b25c2bdc,u801c-ue0103.svg,
CE-002577,耜,1級,親字,https://www.kanjipedia.jp/common/images/kanji/180/std_801C.png,u801c-j,collection_id_exact,4,c6820dff36f9d173ccdc94a8b7f0cca5a440e55f767a33090d2c2f53897adff7,u801c-j.svg,
CE-002577,耜,1級,親字,https://www.kanjipedia.jp/common/images/kanji/180/std_801C.png,u801c,unicode_exact,9,c6820dff36f9d173ccdc94a8b7f0cca5a440e55f767a33090d2c2f53897adff7,u801c.svg,
CE-002661,孳,1級,親字,https://www.kanjipedia.jp/common/images/kanji/180/std_5B73.png,u5b73-ue0100,ivs_exact,5,4c46d84a054ab3a45128b1430bb4d581a813d1be8208281cfd5ec5c08b62c037,u5b73-ue0100.svg,
CE-002661,孳,1級,親字,https://www.kanjipedia.jp/common/images/kanji/180/std_5B73.png,u5b73-ue0101,ivs_exact,1,9c54957dfba072a75b03fbc8639e277100aa7dd4ca2f368f852694651a21df67,u5b73-ue0101.svg,
CE-002661,孳,1級,親字,https://www.kanjipedia.jp/common/images/kanji/180/std_5B73.png,u5b73-ue0102,ivs_exact,5,4c46d84a054ab3a45128b1430bb4d581a813d1be8208281cfd5ec5c08b62c037,u5b73-ue0102.svg,
CE-002661,孳,1級,親字,https://www.kanjipedia.jp/common/images/kanji/180/std_5B73.png,u5b73-ue0103,ivs_exact,1,9c54957dfba072a75b03fbc8639e277100aa7dd4ca2f368f852694651a21df67,u5b73-ue0103.svg,
CE-002661,孳,1級,親字,https://www.kanjipedia.jp/common/images/kanji/180/std_5B73.png,u5b73,unicode_exact,5,4c46d84a054ab3a45128b1430bb4d581a813d1be8208281cfd5ec5c08b62c037,u5b73.svg,
CE-002729,捨,1/準1級,旧字,https://www.kanjipedia.jp/common/images/kanji/60/pr_820D.png,u6368-ue0100,ivs_exact,15,ab3b8c15619b8af635d30c39a16bcf8db8851d9aa53ff6d91f5cf651ff98269d,u6368-ue0100.svg,
CE-002729,捨,1/準1級,旧字,https://www.kanjipedia.jp/common/images/kanji/60/pr_820D.png,u6368-ue0101,ivs_exact,12,be6664648afec9b8f72fc7dfe67aa5b6ce9541dbadfe8e76028f194cf6eefef0,u6368-ue0101.svg,
CE-002729,捨,1/準1級,旧字,https://www.kanjipedia.jp/common/images/kanji/60/pr_820D.png,u6368-ue0102,ivs_exact,11,ab3b8c15619b8af635d30c39a16bcf8db8851d9aa53ff6d91f5cf651ff98269d,u6368-ue0102.svg,
CE-002729,捨,1/準1級,旧字,https://www.kanjipedia.jp/common/images/kanji/60/pr_820D.png,u6368-ue0103,ivs_exact,10,be6664648afec9b8f72fc7dfe67aa5b6ce9541dbadfe8e76028f194cf6eefef0,u6368-ue0103.svg,
CE-002729,捨,1/準1級,旧字,https://www.kanjipedia.jp/common/images/kanji/60/pr_820D.png,u6368-k,collection_id_exact,8,be6664648afec9b8f72fc7dfe67aa5b6ce9541dbadfe8e76028f194cf6eefef0,u6368-k.svg,
CE-002729,捨,1/準1級,旧字,https://www.kanjipedia.jp/common/images/kanji/60/pr_820D.png,u6368-t,collection_id_exact,2,0f4da5350c50a28cb5feb79c60b30b1ca747fb8bd1c6e7b4eeab18ec9f27beb8,u6368-t.svg,
CE-002729,捨,1/準1級,旧字,https://www.kanjipedia.jp/common/images/kanji/60/pr_820D.png,u6368-j,collection_id_exact,4,ab3b8c15619b8af635d30c39a16bcf8db8851d9aa53ff6d91f5cf651ff98269d,u6368-j.svg,
CE-002729,捨,1/準1級,旧字,https://www.kanjipedia.jp/common/images/kanji/60/pr_820D.png,u6368,unicode_exact,15,ab3b8c15619b8af635d30c39a16bcf8db8851d9aa53ff6d91f5cf651ff98269d,u6368.svg,
CE-002740,遮,1/準1級,旧字,https://www.kanjipedia.jp/common/images/kanji/60/pr_906E.png,u906e-ue0100,ivs_exact,10,f35997d071192f0b236444d3f2daddb3bb375aa6f26f9d58ad398c884dc83aa4,u906e-ue0100.svg,
CE-002740,遮,1/準1級,旧字,https://www.kanjipedia.jp/common/images/kanji/60/pr_906E.png,u906e-ue0101,ivs_exact,7,771ade9b31391346b8509ff67a6b300eab696d08a38d42dff96fabfc22cde3be,u906e-ue0101.svg,
CE-002740,遮,1/準1級,旧字,https://www.kanjipedia.jp/common/images/kanji/60/pr_906E.png,u906e-ue0102,ivs_exact,7,f35997d071192f0b236444d3f2daddb3bb375aa6f26f9d58ad398c884dc83aa4,u906e-ue0102.svg,
CE-002740,遮,1/準1級,旧字,https://www.kanjipedia.jp/common/images/kanji/60/pr_906E.png,u906e-ue0103,ivs_exact,7,538ef03e1ba5f2bdf910262666d5b24f9e3760c01d91c1bc8ac4444d35a050bf,u906e-ue0103.svg,
CE-002740,遮,1/準1級,旧字,https://www.kanjipedia.jp/common/images/kanji/60/pr_906E.png,u906e-k,collection_id_exact,5,771ade9b31391346b8509ff67a6b300eab696d08a38d42dff96fabfc22cde3be,u906e-k.svg,
CE-002740,遮,1/準1級,旧字,https://www.kanjipedia.jp/common/images/kanji/60/pr_906E.png,u906e-t,collection_id_exact,3,44f85cc06700ef5e1bd959235f66dd8df897e277c0a3fd00f33795e08ba3b216,u906e-t.svg,
CE-002740,遮,1/準1級,旧字,https://www.kanjipedia.jp/common/images/kanji/60/pr_906E.png,u906e-j,collection_id_exact,5,f35997d071192f0b236444d3f2daddb3bb375aa6f26f9d58ad398c884dc83aa4,u906e-j.svg,
CE-002740,遮,1/準1級,旧字,https://www.kanjipedia.jp/common/images/kanji/60/pr_906E.png,u906e,unicode_exact,10,f35997d071192f0b236444d3f2daddb3bb375aa6f26f9d58ad398c884dc83aa4,u906e.svg,
CE-002747,邪,1/準1級,旧字,https://www.kanjipedia.jp/common/images/kanji/60/pr_90AA.png,u90aa-ue0100,ivs_exact,14,0348cd9e773c4e8fe66474c739ac10089daf0d8db233a4683a2945f67ca37c01,u90aa-ue0100.svg,
CE-002747,邪,1/準1級,旧字,https://www.kanjipedia.jp/common/images/kanji/60/pr_90AA.png,u90aa-ue0101,ivs_exact,12,1e0b4a3bd73fe90dda8d8276d9ee0820cca0eef1d919140c1de05ff97011788d,u90aa-ue0101.svg,
CE-002747,邪,1/準1級,旧字,https://www.kanjipedia.jp/common/images/kanji/60/pr_90AA.png,u90aa-ue0102,ivs_exact,13,f1fadfb2570f6d0a9549d6c9e67d57cbc97ea62b3e1d868d4098b6a245a27851,u90aa-ue0102.svg,
CE-002747,邪,1/準1級,旧字,https://www.kanjipedia.jp/common/images/kanji/60/pr_90AA.png,u90aa-ue0103,ivs_exact,8,0348cd9e773c4e8fe66474c739ac10089daf0d8db233a4683a2945f67ca37c01,u90aa-ue0103.svg,
CE-002747,邪,1/準1級,旧字,https://www.kanjipedia.jp/common/images/kanji/60/pr_90AA.png,u90aa-k,collection_id_exact,8,0348cd9e773c4e8fe66474c739ac10089daf0d8db233a4683a2945f67ca37c01,u90aa-k.svg,
CE-002747,邪,1/準1級,旧字,https://www.kanjipedia.jp/common/images/kanji/60/pr_90AA.png,u90aa-t,collection_id_exact,4,68c2b848e112e7e7365ccee42120406ab544a554de6b4411e697d9f68e92b15c,u90aa-t.svg,
CE-002747,邪,1/準1級,旧字,https://www.kanjipedia.jp/common/images/kanji/60/pr_90AA.png,u90aa-j,collection_id_exact,3,0348cd9e773c4e8fe66474c739ac10089daf0d8db233a4683a2945f67ca37c01,u90aa-j.svg,
CE-002747,邪,1/準1級,旧字,https://www.kanjipedia.jp/common/images/kanji/60/pr_90AA.png,u90aa,unicode_exact,14,0348cd9e773c4e8fe66474c739ac10089daf0d8db233a4683a2945f67ca37c01,u90aa.svg,
CE-002752,妁,1級,親字,https://www.kanjipedia.jp/common/images/kanji/180/std_5981.png,u5981-ue0100,ivs_exact,14,cdd4bffa7b292a52bc44d0b1aaf0907423293fa249c01c7cb59800f3c1033cd4,u5981-ue0100.svg,
CE-002752,妁,1級,親字,https://www.kanjipedia.jp/common/images/kanji/180/std_5981.png,u5981-ue0101,ivs_exact,9,cdd4bffa7b292a52bc44d0b1aaf0907423293fa249c01c7cb59800f3c1033cd4,u5981-ue0101.svg,
CE-002752,妁,1級,親字,https://www.kanjipedia.jp/common/images/kanji/180/std_5981.png,u5981-ue0102,ivs_exact,10,ad2e8ca4cd9b6ece018e4a2be3349f7442c8e08de17a85cc27e3c7397e5d0562,u5981-ue0102.svg,
CE-002752,妁,1級,親字,https://www.kanjipedia.jp/common/images/kanji/180/std_5981.png,u5981-k,collection_id_exact,4,ad2e8ca4cd9b6ece018e4a2be3349f7442c8e08de17a85cc27e3c7397e5d0562,u5981-k.svg,
CE-002752,妁,1級,親字,https://www.kanjipedia.jp/common/images/kanji/180/std_5981.png,u5981-j,collection_id_exact,4,cdd4bffa7b292a52bc44d0b1aaf0907423293fa249c01c7cb59800f3c1033cd4,u5981-j.svg,
CE-002752,妁,1級,親字,https://www.kanjipedia.jp/common/images/kanji/180/std_5981.png,u5981,unicode_exact,16,cdd4bffa7b292a52bc44d0b1aaf0907423293fa249c01c7cb59800f3c1033cd4,u5981.svg,
CE-002754,芍,1級,親字,https://www.kanjipedia.jp/common/images/kanji/180/std_828D.png,u828d-ue0100,ivs_exact,13,fbea805708213a75023aefe8dfa14202f44ced8ad7165c35651b5bdfe5a4356f,u828d-ue0100.svg,
CE-002754,芍,1級,親字,https://www.kanjipedia.jp/common/images/kanji/180/std_828D.png,u828d-ue0101,ivs_exact,12,764b02c42f75238a7ea5000239727a53a8c20826d8faf39f8e13f5d4e3266e85,u828d-ue0101.svg,
CE-002754,芍,1級,親字,https://www.kanjipedia.jp/common/images/kanji/180/std_828D.png,u828d-ue0102,ivs_exact,9,fbea805708213a75023aefe8dfa14202f44ced8ad7165c35651b5bdfe5a4356f,u828d-ue0102.svg,
CE-002754,芍,1級,親字,https://www.kanjipedia.jp/common/images/kanji/180/std_828D.png,u828d-ue0103,ivs_exact,11,fb39c159dd4ff435d97a348dddbe3fdc616e9b59655aa9b116ff094d862dc89e,u828d-ue0103.svg,
CE-002754,芍,1級,親字,https://www.kanjipedia.jp/common/images/kanji/180/std_828D.png,u828d-k,collection_id_exact,9,fb39c159dd4ff435d97a348dddbe3fdc616e9b59655aa9b116ff094d862dc89e,u828d-k.svg,
CE-002754,芍,1級,親字,https://www.kanjipedia.jp/common/images/kanji/180/std_828D.png,u828d-t,collection_id_exact,4,917d5bb37b611572d178e75184e8338a385da6c125e9c6ebe66b8c9fa0d2dab5,u828d-t.svg,
CE-002754,芍,1級,親字,https://www.kanjipedia.jp/common/images/kanji/180/std_828D.png,u828d-j,collection_id_exact,4,fbea805708213a75023aefe8dfa14202f44ced8ad7165c35651b5bdfe5a4356f,u828d-j.svg,
CE-002754,芍,1級,親字,https://www.kanjipedia.jp/common/images/kanji/180/std_828D.png,u828d,unicode_exact,13,fbea805708213a75023aefe8dfa14202f44ced8ad7165c35651b5bdfe5a4356f,u828d.svg,
CE-002763,酌,1/準1級,旧字,https://www.kanjipedia.jp/common/images/kanji/60/pr_914C.png,u914c-ue0100,ivs_exact,12,973a6f6eb94edcf7d2dfd1f05c881541b619bc0aca40e5d9df786257a79a5b19,u914c-ue0100.svg,
CE-002763,酌,1/準1級,旧字,https://www.kanjipedia.jp/common/images/kanji/60/pr_914C.png,u914c-ue0101,ivs_exact,11,803cd0446d6da87efa8b8512391837961021fd76c3b9bc4cd93c23f5f5eb3b0c,u914c-ue0101.svg,
CE-002763,酌,1/準1級,旧字,https://www.kanjipedia.jp/common/images/kanji/60/pr_914C.png,u914c-ue0102,ivs_exact,8,774e9d1abe81342bb5209ad88f79224929e8d43367d86c291b6efb92d0ce9256,u914c-ue0102.svg,
CE-002763,酌,1/準1級,旧字,https://www.kanjipedia.jp/common/images/kanji/60/pr_914C.png,u914c-ue0103,ivs_exact,10,e6b90f237349ed668fd92f144899222d99a141cd871a7b1227e04d24165133c0,u914c-ue0103.svg,
CE-002763,酌,1/準1級,旧字,https://www.kanjipedia.jp/common/images/kanji/60/pr_914C.png,u914c-k,collection_id_exact,9,973a6f6eb94edcf7d2dfd1f05c881541b619bc0aca40e5d9df786257a79a5b19,u914c-k.svg,
CE-002763,酌,1/準1級,旧字,https://www.kanjipedia.jp/common/images/kanji/60/pr_914C.png,u914c-j,collection_id_exact,2,973a6f6eb94edcf7d2dfd1f05c881541b619bc0aca40e5d9df786257a79a5b19,u914c-j.svg,
CE-002763,酌,1/準1級,旧字,https://www.kanjipedia.jp/common/images/kanji/60/pr_914C.png,u914c,unicode_exact,12,973a6f6eb94edcf7d2dfd1f05c881541b619bc0aca40e5d9df786257a79a5b19,u914c.svg,
CE-002769,爵,1/準1級,旧字,https://www.kanjipedia.jp/common/images/kanji/60/pr_2F921.png,u7235-ue0100,ivs_exact,11,4f8cf2e3d29c5b2fb26bf0797439da519f184a7b1c5a20bb65b933c7d16fc753,u7235-ue0100.svg,
CE-002769,爵,1/準1級,旧字,https://www.kanjipedia.jp/common/images/kanji/60/pr_2F921.png,u7235-ue0101,ivs_exact,13,349e3baadb6cdfcaddfbab175aca73e1c3127f29e264618c57fefca38d1103a8,u7235-ue0101.svg,
CE-002769,爵,1/準1級,旧字,https://www.kanjipedia.jp/common/images/kanji/60/pr_2F921.png,u7235-ue0102,ivs_exact,11,89b01f7c20fa72101427c5b624832c09fb5b7b5939c6d7aad19eb96bb69c5d6f,u7235-ue0102.svg,
CE-002769,爵,1/準1級,旧字,https://www.kanjipedia.jp/common/images/kanji/60/pr_2F921.png,u7235-ue0103,ivs_exact,8,349e3baadb6cdfcaddfbab175aca73e1c3127f29e264618c57fefca38d1103a8,u7235-ue0103.svg,
CE-002769,爵,1/準1級,旧字,https://www.kanjipedia.jp/common/images/kanji/60/pr_2F921.png,u7235-k,collection_id_exact,11,89b01f7c20fa72101427c5b624832c09fb5b7b5939c6d7aad19eb96bb69c5d6f,u7235-k.svg,
CE-002769,爵,1/準1級,旧字,https://www.kanjipedia.jp/common/images/kanji/60/pr_2F921.png,u7235-t,collection_id_exact,4,7120ae9ebb337e149c115ba109fee69b5e8f3cbf830b718ec2cfabcce4f7f5d8,u7235-t.svg,
CE-002769,爵,1/準1級,旧字,https://www.kanjipedia.jp/common/images/kanji/60/pr_2F921.png,u7235-j,collection_id_exact,4,349e3baadb6cdfcaddfbab175aca73e1c3127f29e264618c57fefca38d1103a8,u7235-j.svg,
CE-002769,爵,1/準1級,旧字,https://www.kanjipedia.jp/common/images/kanji/60/pr_2F921.png,u7235,unicode_exact,13,349e3baadb6cdfcaddfbab175aca73e1c3127f29e264618c57fefca38d1103a8,u7235.svg,
CE-002777,弱,1/準1級,旧字,https://www.kanjipedia.jp/common/images/kanji/60/pr_5F31.png,u5f31-ue0100,ivs_exact,3,3b7f1bbec6c3e7739f33e15d74c92ee30208229a9da2c0889c36400adb482b7c,u5f31-ue0100.svg,
CE-002777,弱,1/準1級,旧字,https://www.kanjipedia.jp/common/images/kanji/60/pr_5F31.png,u5f31-ue0101,ivs_exact,5,a44fed4b063f546bf27f1edd5615f4aa2103350c118eb16a2ad6281faefeb5e5,u5f31-ue0101.svg,
CE-002777,弱,1/準1級,旧字,https://www.kanjipedia.jp/common/images/kanji/60/pr_5F31.png,u5f31-ue0102,ivs_exact,3,3b7f1bbec6c3e7739f33e15d74c92ee30208229a9da2c0889c36400adb482b7c,u5f31-ue0102.svg,
CE-002777,弱,1/準1級,旧字,https://www.kanjipedia.jp/common/images/kanji/60/pr_5F31.png,u5f31-ue0103,ivs_exact,5,a44fed4b063f546bf27f1edd5615f4aa2103350c118eb16a2ad6281faefeb5e5,u5f31-ue0103.svg,
CE-002777,弱,1/準1級,旧字,https://www.kanjipedia.jp/common/images/kanji/60/pr_5F31.png,u5f31-k,collection_id_exact,3,de8f8d557831697017722ba1ead8245d9ba1e2f1252369239f2101a062bd053f,u5f31-k.svg,
CE-002777,弱,1/準1級,旧字,https://www.kanjipedia.jp/common/images/kanji/60/pr_5F31.png,u5f31-t,collection_id_exact,1,3e81495ed0f9e44c9fcd10a6caa840f68b8b79e7540bb3b6b14a0504175ac6b6,u5f31-t.svg,
CE-002777,弱,1/準1級,旧字,https://www.kanjipedia.jp/common/images/kanji/60/pr_5F31.png,u5f31-j,collection_id_exact,2,3b7f1bbec6c3e7739f33e15d74c92ee30208229a9da2c0889c36400adb482b7c,u5f31-j.svg,
CE-002777,弱,1/準1級,旧字,https://www.kanjipedia.jp/common/images/kanji/60/pr_5F31.png,u5f31,unicode_exact,4,3b7f1bbec6c3e7739f33e15d74c92ee30208229a9da2c0889c36400adb482b7c,u5f31.svg,
CE-002835,周,1/準1級,旧字,https://www.kanjipedia.jp/common/images/kanji/60/pr_2F83F_01.png,u5468-ue0100,ivs_exact,4,07ba49a4fc457b39274cd66ff6cfdbef689ed537c427813855e7c04925a81116,u5468-ue0100.svg,
CE-002835,周,1/準1級,旧字,https://www.kanjipedia.jp/common/images/kanji/60/pr_2F83F_01.png,u5468-ue0101,ivs_exact,3,6aa08354ce3ced044f8c51e101008447580554b9ee7f9eb487ba6316c013a245,u5468-ue0101.svg,
CE-002835,周,1/準1級,旧字,https://www.kanjipedia.jp/common/images/kanji/60/pr_2F83F_01.png,u5468-ue0102,ivs_exact,3,6aa08354ce3ced044f8c51e101008447580554b9ee7f9eb487ba6316c013a245,u5468-ue0102.svg,
CE-002835,周,1/準1級,旧字,https://www.kanjipedia.jp/common/images/kanji/60/pr_2F83F_01.png,u5468-ue0103,ivs_exact,4,07ba49a4fc457b39274cd66ff6cfdbef689ed537c427813855e7c04925a81116,u5468-ue0103.svg,
CE-002835,周,1/準1級,旧字,https://www.kanjipedia.jp/common/images/kanji/60/pr_2F83F_01.png,u5468-k,collection_id_exact,6,6aa08354ce3ced044f8c51e101008447580554b9ee7f9eb487ba6316c013a245,u5468-k.svg,
CE-002835,周,1/準1級,旧字,https://www.kanjipedia.jp/common/images/kanji/60/pr_2F83F_01.png,u5468-t,collection_id_exact,1,440c32458ebb205f718345185366c606b544ee6da961c8d474741aea52782e57,u5468-t.svg,
CE-002835,周,1/準1級,旧字,https://www.kanjipedia.jp/common/images/kanji/60/pr_2F83F_01.png,u5468-j,collection_id_exact,2,6aa08354ce3ced044f8c51e101008447580554b9ee7f9eb487ba6316c013a245,u5468-j.svg,
CE-002835,周,1/準1級,旧字,https://www.kanjipedia.jp/common/images/kanji/60/pr_2F83F_01.png,u5468,unicode_exact,4,6aa08354ce3ced044f8c51e101008447580554b9ee7f9eb487ba6316c013a245,u5468.svg,
CE-002851,終,1/準1級,旧字,https://www.kanjipedia.jp/common/images/kanji/60/pr_7D42.png,u7d42-ue0100,ivs_exact,12,01b8f4f0dbcab93053074e8135c1f667af34fd6ca80529eef5275269b4e1ff61,u7d42-ue0100.svg,
CE-002851,終,1/準1級,旧字,https://www.kanjipedia.jp/common/images/kanji/60/pr_7D42.png,u7d42-ue0101,ivs_exact,13,ad9be39e0a10cc623962c9247ea73476ca2c07f072c5bf6db7b63a0f1f780d46,u7d42-ue0101.svg,
CE-002851,終,1/準1級,旧字,https://www.kanjipedia.jp/common/images/kanji/60/pr_7D42.png,u7d42-ue0102,ivs_exact,9,01b8f4f0dbcab93053074e8135c1f667af34fd6ca80529eef5275269b4e1ff61,u7d42-ue0102.svg,
CE-002851,終,1/準1級,旧字,https://www.kanjipedia.jp/common/images/kanji/60/pr_7D42.png,u7d42-ue0103,ivs_exact,11,ad9be39e0a10cc623962c9247ea73476ca2c07f072c5bf6db7b63a0f1f780d46,u7d42-ue0103.svg,
CE-002851,終,1/準1級,旧字,https://www.kanjipedia.jp/common/images/kanji/60/pr_7D42.png,u7d42-k,collection_id_exact,10,01b8f4f0dbcab93053074e8135c1f667af34fd6ca80529eef5275269b4e1ff61,u7d42-k.svg,
CE-002851,終,1/準1級,旧字,https://www.kanjipedia.jp/common/images/kanji/60/pr_7D42.png,u7d42-t,collection_id_exact,10,21a9c1b88bbd42ccb7e6dacd7f8453961aa002a6f17b364ea185f2c81d6bfba4,u7d42-t.svg,
CE-002851,終,1/準1級,旧字,https://www.kanjipedia.jp/common/images/kanji/60/pr_7D42.png,u7d42-j,collection_id_exact,5,01b8f4f0dbcab93053074e8135c1f667af34fd6ca80529eef5275269b4e1ff61,u7d42-j.svg,
CE-002851,終,1/準1級,旧字,https://www.kanjipedia.jp/common/images/kanji/60/pr_7D42.png,u7d42,unicode_exact,14,01b8f4f0dbcab93053074e8135c1f667af34fd6ca80529eef5275269b4e1ff61,u7d42.svg,
CE-002854,習,1/準1級,旧字,https://www.kanjipedia.jp/common/images/kanji/60/pr_7FD2.png,u7fd2-ue0100,ivs_exact,8,a3ca8292b48ddde3a6e2fad32f2b53b0bc4b02aae4920c0ed070cbb072ce0766,u7fd2-ue0100.svg,
CE-002854,習,1/準1級,旧字,https://www.kanjipedia.jp/common/images/kanji/60/pr_7FD2.png,u7fd2-ue0101,ivs_exact,5,79a4532e064c68fe87d8332b542c1fa6e40aebe4b55a2f858b0230eab9e56e50,u7fd2-ue0101.svg,
CE-002854,習,1/準1級,旧字,https://www.kanjipedia.jp/common/images/kanji/60/pr_7FD2.png,u7fd2-ue0102,ivs_exact,7,a3ca8292b48ddde3a6e2fad32f2b53b0bc4b02aae4920c0ed070cbb072ce0766,u7fd2-ue0102.svg,
CE-002854,習,1/準1級,旧字,https://www.kanjipedia.jp/common/images/kanji/60/pr_7FD2.png,u7fd2-ue0103,ivs_exact,10,9ca31f629afe7322c177cf016134983df3d8e32fd7d1f922dcc7d07a45252fa9,u7fd2-ue0103.svg,
CE-002854,習,1/準1級,旧字,https://www.kanjipedia.jp/common/images/kanji/60/pr_7FD2.png,u7fd2-k,collection_id_exact,11,384426197920f0f139416f97bc385b90c67129b2c321366f8426775faa81f8ca,u7fd2-k.svg,
CE-002854,習,1/準1級,旧字,https://www.kanjipedia.jp/common/images/kanji/60/pr_7FD2.png,u7fd2-t,collection_id_exact,4,f0f2e17d191b8fedff66fc09b640897d377e3985ce84d8fc6a9254b4072c7707,u7fd2-t.svg,
CE-002854,習,1/準1級,旧字,https://www.kanjipedia.jp/common/images/kanji/60/pr_7FD2.png,u7fd2-j,collection_id_exact,4,a3ca8292b48ddde3a6e2fad32f2b53b0bc4b02aae4920c0ed070cbb072ce0766,u7fd2-j.svg,
CE-002854,習,1/準1級,旧字,https://www.kanjipedia.jp/common/images/kanji/60/pr_7FD2.png,u7fd2,unicode_exact,10,a3ca8292b48ddde3a6e2fad32f2b53b0bc4b02aae4920c0ed070cbb072ce0766,u7fd2.svg,
CE-002857,週,1/準1級,旧字,https://www.kanjipedia.jp/common/images/kanji/60/pr_2F83F_02.png,u9031-ue0100,ivs_exact,14,73a5ff9dbc481cbf3e54a01b5c773eba1be7b2a10f99070d93dbb5b84e4aff6e,u9031-ue0100.svg,
CE-002857,週,1/準1級,旧字,https://www.kanjipedia.jp/common/images/kanji/60/pr_2F83F_02.png,u9031-ue0101,ivs_exact,9,e4ebf9e447b8b7900bd007ba442b8227285def20c05c218e87acaedf039be533,u9031-ue0101.svg,
CE-002857,週,1/準1級,旧字,https://www.kanjipedia.jp/common/images/kanji/60/pr_2F83F_02.png,u9031-ue0102,ivs_exact,10,73a5ff9dbc481cbf3e54a01b5c773eba1be7b2a10f99070d93dbb5b84e4aff6e,u9031-ue0102.svg,
CE-002857,週,1/準1級,旧字,https://www.kanjipedia.jp/common/images/kanji/60/pr_2F83F_02.png,u9031-ue0103,ivs_exact,6,e4ebf9e447b8b7900bd007ba442b8227285def20c05c218e87acaedf039be533,u9031-ue0103.svg,
CE-002857,週,1/準1級,旧字,https://www.kanjipedia.jp/common/images/kanji/60/pr_2F83F_02.png,u9031-k,collection_id_exact,9,5acf10d74f48e7c2568ca0264899a479194a5e96ca6a683296381fde5341ff21,u9031-k.svg,
CE-002857,週,1/準1級,旧字,https://www.kanjipedia.jp/common/images/kanji/60/pr_2F83F_02.png,u9031-t,collection_id_exact,3,22f15801bd2047e9706c221d9da10ebcf7abcf5c96d4a9f4292173a7fc2aebf7,u9031-t.svg,
CE-002857,週,1/準1級,旧字,https://www.kanjipedia.jp/common/images/kanji/60/pr_2F83F_02.png,u9031-j,collection_id_exact,2,73a5ff9dbc481cbf3e54a01b5c773eba1be7b2a10f99070d93dbb5b84e4aff6e,u9031-j.svg,
CE-002857,週,1/準1級,旧字,https://www.kanjipedia.jp/common/images/kanji/60/pr_2F83F_02.png,u9031,unicode_exact,14,73a5ff9dbc481cbf3e54a01b5c773eba1be7b2a10f99070d93dbb5b84e4aff6e,u9031.svg,
CE-002881,螽,1級,親字,https://www.kanjipedia.jp/common/images/kanji/180/std_87BD.png,u87bd-ue0100,ivs_exact,1,1345742cb3cf1b4c5f2a4cb02cc8b2bafb86fe3e2655c869dcaf15b03019a6aa,u87bd-ue0100.svg,
CE-002881,螽,1級,親字,https://www.kanjipedia.jp/common/images/kanji/180/std_87BD.png,u87bd-ue0101,ivs_exact,1,3cf3dadf1140c285769e17778945110108c6dc6fabc2153868da4b5b76220957,u87bd-ue0101.svg,
CE-002881,螽,1級,親字,https://www.kanjipedia.jp/common/images/kanji/180/std_87BD.png,u87bd-ue0102,ivs_exact,1,1345742cb3cf1b4c5f2a4cb02cc8b2bafb86fe3e2655c869dcaf15b03019a6aa,u87bd-ue0102.svg,
CE-002881,螽,1級,親字,https://www.kanjipedia.jp/common/images/kanji/180/std_87BD.png,u87bd-ue0103,ivs_exact,1,3cf3dadf1140c285769e17778945110108c6dc6fabc2153868da4b5b76220957,u87bd-ue0103.svg,
CE-002881,螽,1級,親字,https://www.kanjipedia.jp/common/images/kanji/180/std_87BD.png,u87bd-k,collection_id_exact,1,1345742cb3cf1b4c5f2a4cb02cc8b2bafb86fe3e2655c869dcaf15b03019a6aa,u87bd-k.svg,
CE-002881,螽,1級,親字,https://www.kanjipedia.jp/common/images/kanji/180/std_87BD.png,u87bd,unicode_exact,2,1345742cb3cf1b4c5f2a4cb02cc8b2bafb86fe3e2655c869dcaf15b03019a6aa,u87bd.svg,
CE-002902,充,1/準1級,旧字,https://www.kanjipedia.jp/common/images/kanji/60/skj_80AB.png,u5145-ue0100,ivs_exact,4,afebdcc3789d8e6e1319a3ff16ffdb5bcf330188e3725022aebda6545999e16e,u5145-ue0100.svg,
CE-002902,充,1/準1級,旧字,https://www.kanjipedia.jp/common/images/kanji/60/skj_80AB.png,u5145-ue0101,ivs_exact,4,afebdcc3789d8e6e1319a3ff16ffdb5bcf330188e3725022aebda6545999e16e,u5145-ue0101.svg,
CE-002902,充,1/準1級,旧字,https://www.kanjipedia.jp/common/images/kanji/60/skj_80AB.png,u5145-ue0102,ivs_exact,3,d395077da122bb4d4632f3c8f4559f66f89959b152b8baee7e13aad9830e0956,u5145-ue0102.svg,
CE-002902,充,1/準1級,旧字,https://www.kanjipedia.jp/common/images/kanji/60/skj_80AB.png,u5145-k,collection_id_exact,2,ac13f6598be018b272b8272857bdb0a0cc70668a50b7f378b0a8a59483185767,u5145-k.svg,
CE-002902,充,1/準1級,旧字,https://www.kanjipedia.jp/common/images/kanji/60/skj_80AB.png,u5145-t,collection_id_exact,2,8107ee3b89e4ebdd6bdb6d877a5b5a4c30bc2b6ecd2676cda15cb1e9b68d06db,u5145-t.svg,
CE-002902,充,1/準1級,旧字,https://www.kanjipedia.jp/common/images/kanji/60/skj_80AB.png,u5145-j,collection_id_exact,2,ac13f6598be018b272b8272857bdb0a0cc70668a50b7f378b0a8a59483185767,u5145-j.svg,
CE-002902,充,1/準1級,旧字,https://www.kanjipedia.jp/common/images/kanji/60/skj_80AB.png,u5145,unicode_exact,4,afebdcc3789d8e6e1319a3ff16ffdb5bcf330188e3725022aebda6545999e16e,u5145.svg,
CE-002946,述,1/準1級,旧字,https://www.kanjipedia.jp/common/images/kanji/60/pr_8FF0.png,u8ff0-ue0100,ivs_exact,13,e2cb20b0723320b36eea73de4af92f39de65d92e7d1b10b44bb5857cf2981a55,u8ff0-ue0100.svg,
CE-002946,述,1/準1級,旧字,https://www.kanjipedia.jp/common/images/kanji/60/pr_8FF0.png,u8ff0-ue0101,ivs_exact,13,27d3f22cd542eec32f0b18c43ce69eab29a9371baad97293d17312fc24c3da68,u8ff0-ue0101.svg,
CE-002946,述,1/準1級,旧字,https://www.kanjipedia.jp/common/images/kanji/60/pr_8FF0.png,u8ff0-ue0102,ivs_exact,10,e2cb20b0723320b36eea73de4af92f39de65d92e7d1b10b44bb5857cf2981a55,u8ff0-ue0102.svg,
CE-002946,述,1/準1級,旧字,https://www.kanjipedia.jp/common/images/kanji/60/pr_8FF0.png,u8ff0-ue0103,ivs_exact,10,27d3f22cd542eec32f0b18c43ce69eab29a9371baad97293d17312fc24c3da68,u8ff0-ue0103.svg,
CE-002946,述,1/準1級,旧字,https://www.kanjipedia.jp/common/images/kanji/60/pr_8FF0.png,u8ff0-k,collection_id_exact,14,27d3f22cd542eec32f0b18c43ce69eab29a9371baad97293d17312fc24c3da68,u8ff0-k.svg,
CE-002946,述,1/準1級,旧字,https://www.kanjipedia.jp/common/images/kanji/60/pr_8FF0.png,u8ff0-t,collection_id_exact,18,fc561a447d33917d257445316a9e2bf4e1b88b49587d6ed4219d99b9461880b6,u8ff0-t.svg,
CE-002946,述,1/準1級,旧字,https://www.kanjipedia.jp/common/images/kanji/60/pr_8FF0.png,u8ff0-j,collection_id_exact,9,e2cb20b0723320b36eea73de4af92f39de65d92e7d1b10b44bb5857cf2981a55,u8ff0-j.svg,
CE-002946,述,1/準1級,旧字,https://www.kanjipedia.jp/common/images/kanji/60/pr_8FF0.png,u8ff0,unicode_exact,15,e2cb20b0723320b36eea73de4af92f39de65d92e7d1b10b44bb5857cf2981a55,u8ff0.svg,
CE-002961,舜,1/準1級,旧字,https://www.kanjipedia.jp/common/images/kanji/60/skj_80A3.png,u821c-ue0100,ivs_exact,3,6285dd0f66260921e72c406ff4b578c9557f48fbeb8b425609a27d500cb0e296,u821c-ue0100.svg,
CE-002961,舜,1/準1級,旧字,https://www.kanjipedia.jp/common/images/kanji/60/skj_80A3.png,u821c-ue0101,ivs_exact,4,179fe1161a2938d877f8751cbfa74f88bd7a4126194c1261c974d0e88723c018,u821c-ue0101.svg,
CE-002961,舜,1/準1級,旧字,https://www.kanjipedia.jp/common/images/kanji/60/skj_80A3.png,u821c-ue0102,ivs_exact,3,6285dd0f66260921e72c406ff4b578c9557f48fbeb8b425609a27d500cb0e296,u821c-ue0102.svg,
CE-002961,舜,1/準1級,旧字,https://www.kanjipedia.jp/common/images/kanji/60/skj_80A3.png,u821c-ue0103,ivs_exact,7,96afc85213b68ffdbb23c2f479eb9e5aeb952996cf74a8c1cb2c91ca431b3f33,u821c-ue0103.svg,
CE-002961,舜,1/準1級,旧字,https://www.kanjipedia.jp/common/images/kanji/60/skj_80A3.png,u821c-k,collection_id_exact,6,6285dd0f66260921e72c406ff4b578c9557f48fbeb8b425609a27d500cb0e296,u821c-k.svg,
CE-002961,舜,1/準1級,旧字,https://www.kanjipedia.jp/common/images/kanji/60/skj_80A3.png,u821c-t,collection_id_exact,2,0e14fcb63d46b9ab48664da255bf4051ae9bafa8829c47061fd1aec870cba589,u821c-t.svg,
CE-002961,舜,1/準1級,旧字,https://www.kanjipedia.jp/common/images/kanji/60/skj_80A3.png,u821c-j,collection_id_exact,3,6285dd0f66260921e72c406ff4b578c9557f48fbeb8b425609a27d500cb0e296,u821c-j.svg,
CE-002961,舜,1/準1級,旧字,https://www.kanjipedia.jp/common/images/kanji/60/skj_80A3.png,u821c,unicode_exact,4,6285dd0f66260921e72c406ff4b578c9557f48fbeb8b425609a27d500cb0e296,u821c.svg,
CE-002968,瞬,1/準1級,旧字,https://www.kanjipedia.jp/common/images/kanji/60/skj_80A4.png,u77ac-ue0100,ivs_exact,12,7c5f6dea4da421f39dc48bca947d307fffbfa3ce06260d2de7f4bfd0a9b007cf,u77ac-ue0100.svg,
CE-002968,瞬,1/準1級,旧字,https://www.kanjipedia.jp/common/images/kanji/60/skj_80A4.png,u77ac-ue0101,ivs_exact,11,a8cf8350ca78934f0ab175fea0fa34bde790427a2672a1bb9dfbf3aacb39babc,u77ac-ue0101.svg,
CE-002968,瞬,1/準1級,旧字,https://www.kanjipedia.jp/common/images/kanji/60/skj_80A4.png,u77ac-ue0102,ivs_exact,8,7c5f6dea4da421f39dc48bca947d307fffbfa3ce06260d2de7f4bfd0a9b007cf,u77ac-ue0102.svg,
CE-002968,瞬,1/準1級,旧字,https://www.kanjipedia.jp/common/images/kanji/60/skj_80A4.png,u77ac-ue0103,ivs_exact,8,8d3994a8fa61bf0d4537219867aa8203e01428298e84b08be4da6f6bab4914af,u77ac-ue0103.svg,
CE-002968,瞬,1/準1級,旧字,https://www.kanjipedia.jp/common/images/kanji/60/skj_80A4.png,u77ac-k,collection_id_exact,10,7c5f6dea4da421f39dc48bca947d307fffbfa3ce06260d2de7f4bfd0a9b007cf,u77ac-k.svg,
CE-002968,瞬,1/準1級,旧字,https://www.kanjipedia.jp/common/images/kanji/60/skj_80A4.png,u77ac-t,collection_id_exact,1,cb9d7f37418c6c622fa8d7b7bb8926aeb2f91c4ab7f9c69ff77d56d802d91bfe,u77ac-t.svg,
CE-002968,瞬,1/準1級,旧字,https://www.kanjipedia.jp/common/images/kanji/60/skj_80A4.png,u77ac-j,collection_id_exact,5,7c5f6dea4da421f39dc48bca947d307fffbfa3ce06260d2de7f4bfd0a9b007cf,u77ac-j.svg,
CE-002968,瞬,1/準1級,旧字,https://www.kanjipedia.jp/common/images/kanji/60/skj_80A4.png,u77ac,unicode_exact,12,7c5f6dea4da421f39dc48bca947d307fffbfa3ce06260d2de7f4bfd0a9b007cf,u77ac.svg,
CE-002972,巡,1/準1級,旧字,https://www.kanjipedia.jp/common/images/kanji/60/pr_5DE1.png,u5de1-ue0100,ivs_exact,14,b6ba6892a144bd5e6d57272b62599dab01ef5de0ab204fac02048ccf33f71d87,u5de1-ue0100.svg,
CE-002972,巡,1/準1級,旧字,https://www.kanjipedia.jp/common/images/kanji/60/pr_5DE1.png,u5de1-ue0101,ivs_exact,8,feffc68b7f830e2966075849095e1b196d4bc5a2e357b5e6665e977a66f7065f,u5de1-ue0101.svg,
CE-002972,巡,1/準1級,旧字,https://www.kanjipedia.jp/common/images/kanji/60/pr_5DE1.png,u5de1-ue0102,ivs_exact,11,b6ba6892a144bd5e6d57272b62599dab01ef5de0ab204fac02048ccf33f71d87,u5de1-ue0102.svg,
CE-002972,巡,1/準1級,旧字,https://www.kanjipedia.jp/common/images/kanji/60/pr_5DE1.png,u5de1-ue0103,ivs_exact,5,feffc68b7f830e2966075849095e1b196d4bc5a2e357b5e6665e977a66f7065f,u5de1-ue0103.svg,
CE-002972,巡,1/準1級,旧字,https://www.kanjipedia.jp/common/images/kanji/60/pr_5DE1.png,u5de1-k,collection_id_exact,5,feffc68b7f830e2966075849095e1b196d4bc5a2e357b5e6665e977a66f7065f,u5de1-k.svg,
CE-002972,巡,1/準1級,旧字,https://www.kanjipedia.jp/common/images/kanji/60/pr_5DE1.png,u5de1-t,collection_id_exact,3,b8f4ead89c2ef4d88bf9a722bf36bc80bbad29f2d806ea729de900140e060bf0,u5de1-t.svg,
CE-002972,巡,1/準1級,旧字,https://www.kanjipedia.jp/common/images/kanji/60/pr_5DE1.png,u5de1-j,collection_id_exact,2,b6ba6892a144bd5e6d57272b62599dab01ef5de0ab204fac02048ccf33f71d87,u5de1-j.svg,
CE-002972,巡,1/準1級,旧字,https://www.kanjipedia.jp/common/images/kanji/60/pr_5DE1.png,u5de1,unicode_exact,14,b6ba6892a144bd5e6d57272b62599dab01ef5de0ab204fac02048ccf33f71d87,u5de1.svg,
CE-002993,蓴,1級,親字,https://www.kanjipedia.jp/common/images/kanji/180/nw_0007.png,u84f4-ue0100,ivs_exact,8,67a6acf44cdf04dfeb1555bae35fda7779e16c9b6cfc951d085570c9edf2c3d5,u84f4-ue0100.svg,
CE-002993,蓴,1級,親字,https://www.kanjipedia.jp/common/images/kanji/180/nw_0007.png,u84f4-ue0101,ivs_exact,11,f036e3a687f70f77002ea029e10a98285637bc4e09d93fc629aa9f5a7db81425,u84f4-ue0101.svg,
CE-002993,蓴,1級,親字,https://www.kanjipedia.jp/common/images/kanji/180/nw_0007.png,u84f4-ue0102,ivs_exact,5,67a6acf44cdf04dfeb1555bae35fda7779e16c9b6cfc951d085570c9edf2c3d5,u84f4-ue0102.svg,
CE-002993,蓴,1級,親字,https://www.kanjipedia.jp/common/images/kanji/180/nw_0007.png,u84f4-ue0103,ivs_exact,8,3d3a096389a70af9e22508d1df02d9e94b271f566f8763b808541c59d4047d69,u84f4-ue0103.svg,
CE-002993,蓴,1級,親字,https://www.kanjipedia.jp/common/images/kanji/180/nw_0007.png,u84f4-k,collection_id_exact,10,3d3a096389a70af9e22508d1df02d9e94b271f566f8763b808541c59d4047d69,u84f4-k.svg,
CE-002993,蓴,1級,親字,https://www.kanjipedia.jp/common/images/kanji/180/nw_0007.png,u84f4-j,collection_id_exact,2,67a6acf44cdf04dfeb1555bae35fda7779e16c9b6cfc951d085570c9edf2c3d5,u84f4-j.svg,
CE-002993,蓴,1級,親字,https://www.kanjipedia.jp/common/images/kanji/180/nw_0007.png,u84f4,unicode_exact,10,67a6acf44cdf04dfeb1555bae35fda7779e16c9b6cfc951d085570c9edf2c3d5,u84f4.svg,
CE-002998,遵,1/準1級,旧字,https://www.kanjipedia.jp/common/images/kanji/60/pr_9075.png,u9075-ue0100,ivs_exact,16,40ddb8ba436cd728a665a20779db5695ac11ec165f3dbcf45df29056779aabee,u9075-ue0100.svg,
CE-002998,遵,1/準1級,旧字,https://www.kanjipedia.jp/common/images/kanji/60/pr_9075.png,u9075-ue0101,ivs_exact,12,a068463f5ff8ba1d8c1888c74387520fe2a961ada54033ed169168a08d49afc3,u9075-ue0101.svg,
CE-002998,遵,1/準1級,旧字,https://www.kanjipedia.jp/common/images/kanji/60/pr_9075.png,u9075-ue0102,ivs_exact,16,cf3c8a7863d4e42f6abf04cf8363409f12afc8772ed386f4f5592de080a4a9a4,u9075-ue0102.svg,
CE-002998,遵,1/準1級,旧字,https://www.kanjipedia.jp/common/images/kanji/60/pr_9075.png,u9075-ue0103,ivs_exact,12,40ddb8ba436cd728a665a20779db5695ac11ec165f3dbcf45df29056779aabee,u9075-ue0103.svg,
CE-002998,遵,1/準1級,旧字,https://www.kanjipedia.jp/common/images/kanji/60/pr_9075.png,u9075-k,collection_id_exact,11,a068463f5ff8ba1d8c1888c74387520fe2a961ada54033ed169168a08d49afc3,u9075-k.svg,
CE-002998,遵,1/準1級,旧字,https://www.kanjipedia.jp/common/images/kanji/60/pr_9075.png,u9075-t,collection_id_exact,4,ef633fd1aab0f003ec1ec189f727d1f6a36d0c45a5870063ef201653a45620f8,u9075-t.svg,
CE-002998,遵,1/準1級,旧字,https://www.kanjipedia.jp/common/images/kanji/60/pr_9075.png,u9075-j,collection_id_exact,1,40ddb8ba436cd728a665a20779db5695ac11ec165f3dbcf45df29056779aabee,u9075-j.svg,
CE-002998,遵,1/準1級,旧字,https://www.kanjipedia.jp/common/images/kanji/60/pr_9075.png,u9075,unicode_exact,16,40ddb8ba436cd728a665a20779db5695ac11ec165f3dbcf45df29056779aabee,u9075.svg,
CE-003005,所,1/準1級,旧字,https://www.kanjipedia.jp/common/images/kanji/60/pr_6240.png,u6240-ue0100,ivs_exact,10,39a4a145c846acaa9da77cde689c43d4365f124c5fa3684bd94e841a9088a845,u6240-ue0100.svg,
CE-003005,所,1/準1級,旧字,https://www.kanjipedia.jp/common/images/kanji/60/pr_6240.png,u6240-ue0101,ivs_exact,18,586dc01408ab37dc925215e5fd57fffff78070a9b97fd3f21b185bcdf8958621,u6240-ue0101.svg,
CE-003005,所,1/準1級,旧字,https://www.kanjipedia.jp/common/images/kanji/60/pr_6240.png,u6240-ue0102,ivs_exact,7,39a4a145c846acaa9da77cde689c43d4365f124c5fa3684bd94e841a9088a845,u6240-ue0102.svg,
CE-003005,所,1/準1級,旧字,https://www.kanjipedia.jp/common/images/kanji/60/pr_6240.png,u6240-ue0103,ivs_exact,14,586dc01408ab37dc925215e5fd57fffff78070a9b97fd3f21b185bcdf8958621,u6240-ue0103.svg,
CE-003005,所,1/準1級,旧字,https://www.kanjipedia.jp/common/images/kanji/60/pr_6240.png,u6240-k,collection_id_exact,14,586dc01408ab37dc925215e5fd57fffff78070a9b97fd3f21b185bcdf8958621,u6240-k.svg,
CE-003005,所,1/準1級,旧字,https://www.kanjipedia.jp/common/images/kanji/60/pr_6240.png,u6240-t,collection_id_exact,3,e01a236ad343a87f235ddc15da5d6ddfb764d98412a63e7c4c429269c1c18714,u6240-t.svg,
CE-003005,所,1/準1級,旧字,https://www.kanjipedia.jp/common/images/kanji/60/pr_6240.png,u6240-j,collection_id_exact,3,39a4a145c846acaa9da77cde689c43d4365f124c5fa3684bd94e841a9088a845,u6240-j.svg,
CE-003005,所,1/準1級,旧字,https://www.kanjipedia.jp/common/images/kanji/60/pr_6240.png,u6240,unicode_exact,10,39a4a145c846acaa9da77cde689c43d4365f124c5fa3684bd94e841a9088a845,u6240.svg,
CE-003031,曙,1/準1級,旧字,https://www.kanjipedia.jp/common/images/kanji/60/pr_66D9.png,u66d9-ue0100,ivs_exact,20,0d3a35a24eef0661af10ba893d19a748e1672a1e32b458b37cb821b9a10e1e37,u66d9-ue0100.svg,
CE-003031,曙,1/準1級,旧字,https://www.kanjipedia.jp/common/images/kanji/60/pr_66D9.png,u66d9-ue0101,ivs_exact,20,d1be6fd357d127e9acb9d0414ee2e9987a1b9dd2655b19a3bc90606cbf0c818f,u66d9-ue0101.svg,
CE-003031,曙,1/準1級,旧字,https://www.kanjipedia.jp/common/images/kanji/60/pr_66D9.png,u66d9-ue0102,ivs_exact,14,0d3a35a24eef0661af10ba893d19a748e1672a1e32b458b37cb821b9a10e1e37,u66d9-ue0102.svg,
CE-003031,曙,1/準1級,旧字,https://www.kanjipedia.jp/common/images/kanji/60/pr_66D9.png,u66d9-ue0103,ivs_exact,14,d1be6fd357d127e9acb9d0414ee2e9987a1b9dd2655b19a3bc90606cbf0c818f,u66d9-ue0103.svg,
CE-003031,曙,1/準1級,旧字,https://www.kanjipedia.jp/common/images/kanji/60/pr_66D9.png,u66d9-k,collection_id_exact,20,d1be6fd357d127e9acb9d0414ee2e9987a1b9dd2655b19a3bc90606cbf0c818f,u66d9-k.svg,
CE-003031,曙,1/準1級,旧字,https://www.kanjipedia.jp/common/images/kanji/60/pr_66D9.png,u66d9-j,collection_id_exact,2,0d3a35a24eef0661af10ba893d19a748e1672a1e32b458b37cb821b9a10e1e37,u66d9-j.svg,
CE-003031,曙,1/準1級,旧字,https://www.kanjipedia.jp/common/images/kanji/60/pr_66D9.png,u66d9,unicode_exact,20,0d3a35a24eef0661af10ba893d19a748e1672a1e32b458b37cb821b9a10e1e37,u66d9.svg,
CE-003064,肖,1/準1級,旧字,https://www.kanjipedia.jp/common/images/kanji/60/pr_8096.png,u8096-ue0100,ivs_exact,4,9a0b5c010802a963ac2fb802e36f29cbeb26b9e6942a491d42d00ab4df4324c6,u8096-ue0100.svg,
CE-003064,肖,1/準1級,旧字,https://www.kanjipedia.jp/common/images/kanji/60/pr_8096.png,u8096-ue0101,ivs_exact,3,38ae3180332ddfecfb2e393ed9c7be3bdfb1cd0d72cb02271506e1a7883d1527,u8096-ue0101.svg,
CE-003064,肖,1/準1級,旧字,https://www.kanjipedia.jp/common/images/kanji/60/pr_8096.png,u8096-ue0102,ivs_exact,4,9a0b5c010802a963ac2fb802e36f29cbeb26b9e6942a491d42d00ab4df4324c6,u8096-ue0102.svg,
CE-003064,肖,1/準1級,旧字,https://www.kanjipedia.jp/common/images/kanji/60/pr_8096.png,u8096-ue0103,ivs_exact,3,38ae3180332ddfecfb2e393ed9c7be3bdfb1cd0d72cb02271506e1a7883d1527,u8096-ue0103.svg,
CE-003064,肖,1/準1級,旧字,https://www.kanjipedia.jp/common/images/kanji/60/pr_8096.png,u8096-k,collection_id_exact,3,38ae3180332ddfecfb2e393ed9c7be3bdfb1cd0d72cb02271506e1a7883d1527,u8096-k.svg,
CE-003064,肖,1/準1級,旧字,https://www.kanjipedia.jp/common/images/kanji/60/pr_8096.png,u8096-t,collection_id_exact,2,bf99ccab22ef93543139dd65a179514610c7b0909c50695d139b1e4fce7d847f,u8096-t.svg,
CE-003064,肖,1/準1級,旧字,https://www.kanjipedia.jp/common/images/kanji/60/pr_8096.png,u8096-j,collection_id_exact,4,9a0b5c010802a963ac2fb802e36f29cbeb26b9e6942a491d42d00ab4df4324c6,u8096-j.svg,
CE-003064,肖,1/準1級,旧字,https://www.kanjipedia.jp/common/images/kanji/60/pr_8096.png,u8096,unicode_exact,4,9a0b5c010802a963ac2fb802e36f29cbeb26b9e6942a491d42d00ab4df4324c6,u8096.svg,
CE-003067,尚,1/準1級,旧字,https://www.kanjipedia.jp/common/images/kanji/60/pr_5C19.png,u5c1a-ue0100,ivs_exact,12,e82b2ecbf513c52f549f76157b6860ac896c65930f7b464f1c51aaaaac3f5dc0,u5c1a-ue0100.svg,
CE-003067,尚,1/準1級,旧字,https://www.kanjipedia.jp/common/images/kanji/60/pr_5C19.png,u5c1a-t,collection_id_exact,3,5a55f5e030c496c35018581a6a86e72ac0229b06844dd73fd60f056bf15b18b9,u5c1a-t.svg,
CE-003067,尚,1/準1級,旧字,https://www.kanjipedia.jp/common/images/kanji/60/pr_5C19.png,u5c1a-j,collection_id_exact,5,e82b2ecbf513c52f549f76157b6860ac896c65930f7b464f1c51aaaaac3f5dc0,u5c1a-j.svg,
CE-003067,尚,1/準1級,旧字,https://www.kanjipedia.jp/common/images/kanji/60/pr_5C19.png,u5c1a,unicode_exact,12,e82b2ecbf513c52f549f76157b6860ac896c65930f7b464f1c51aaaaac3f5dc0,u5c1a.svg,
CE-003083,宵,1/準1級,旧字,https://www.kanjipedia.jp/common/images/kanji/60/pr_5BB5.png,u5bb5-ue0100,ivs_exact,8,a0cdcf6587bec63dc1063d2f86ab9ab43d65b564fa93e35710288086e2eeca6f,u5bb5-ue0100.svg,
CE-003083,宵,1/準1級,旧字,https://www.kanjipedia.jp/common/images/kanji/60/pr_5BB5.png,u5bb5-ue0101,ivs_exact,13,386f7e4cbd328697368101ea9bea2d5d2705b51a3ced771831ab8abb2c7fc82f,u5bb5-ue0101.svg,
CE-003083,宵,1/準1級,旧字,https://www.kanjipedia.jp/common/images/kanji/60/pr_5BB5.png,u5bb5-ue0102,ivs_exact,5,a0cdcf6587bec63dc1063d2f86ab9ab43d65b564fa93e35710288086e2eeca6f,u5bb5-ue0102.svg,
CE-003083,宵,1/準1級,旧字,https://www.kanjipedia.jp/common/images/kanji/60/pr_5BB5.png,u5bb5-ue0103,ivs_exact,10,386f7e4cbd328697368101ea9bea2d5d2705b51a3ced771831ab8abb2c7fc82f,u5bb5-ue0103.svg,
CE-003083,宵,1/準1級,旧字,https://www.kanjipedia.jp/common/images/kanji/60/pr_5BB5.png,u5bb5-k,collection_id_exact,10,386f7e4cbd328697368101ea9bea2d5d2705b51a3ced771831ab8abb2c7fc82f,u5bb5-k.svg,
CE-003083,宵,1/準1級,旧字,https://www.kanjipedia.jp/common/images/kanji/60/pr_5BB5.png,u5bb5-t,collection_id_exact,1,5ffda9cfb9ff0c34840e7b9abd85aa4087ae50fd86ba3f10529c8c9a6873efbf,u5bb5-t.svg,
CE-003083,宵,1/準1級,旧字,https://www.kanjipedia.jp/common/images/kanji/60/pr_5BB5.png,u5bb5-j,collection_id_exact,3,a0cdcf6587bec63dc1063d2f86ab9ab43d65b564fa93e35710288086e2eeca6f,u5bb5-j.svg,
CE-003083,宵,1/準1級,旧字,https://www.kanjipedia.jp/common/images/kanji/60/pr_5BB5.png,u5bb5,unicode_exact,11,a0cdcf6587bec63dc1063d2f86ab9ab43d65b564fa93e35710288086e2eeca6f,u5bb5.svg,
CE-003090,消,1/準1級,旧字,https://www.kanjipedia.jp/common/images/kanji/60/pr_6D88.png,u6d88-ue0100,ivs_exact,14,63d0c2e58f2a7e26d1338e3d2a3d4e01ad2d3a16e5cbcabba9abe91d6e7c41bd,u6d88-ue0100.svg,
CE-003090,消,1/準1級,旧字,https://www.kanjipedia.jp/common/images/kanji/60/pr_6D88.png,u6d88-ue0101,ivs_exact,10,62754166ed0cb6d9675bd5639245afb5f22f345524fbcfaeb6847e93b85f8c08,u6d88-ue0101.svg,
CE-003090,消,1/準1級,旧字,https://www.kanjipedia.jp/common/images/kanji/60/pr_6D88.png,u6d88-ue0102,ivs_exact,9,63d0c2e58f2a7e26d1338e3d2a3d4e01ad2d3a16e5cbcabba9abe91d6e7c41bd,u6d88-ue0102.svg,
CE-003090,消,1/準1級,旧字,https://www.kanjipedia.jp/common/images/kanji/60/pr_6D88.png,u6d88-ue0103,ivs_exact,9,62754166ed0cb6d9675bd5639245afb5f22f345524fbcfaeb6847e93b85f8c08,u6d88-ue0103.svg,
CE-003090,消,1/準1級,旧字,https://www.kanjipedia.jp/common/images/kanji/60/pr_6D88.png,u6d88-k,collection_id_exact,9,62754166ed0cb6d9675bd5639245afb5f22f345524fbcfaeb6847e93b85f8c08,u6d88-k.svg,
CE-003090,消,1/準1級,旧字,https://www.kanjipedia.jp/common/images/kanji/60/pr_6D88.png,u6d88-t,collection_id_exact,5,a177f879348c9d5075570c4fd50079adc73f9f8626385445afcb9de03e23edfb,u6d88-t.svg,
CE-003090,消,1/準1級,旧字,https://www.kanjipedia.jp/common/images/kanji/60/pr_6D88.png,u6d88-j,collection_id_exact,6,63d0c2e58f2a7e26d1338e3d2a3d4e01ad2d3a16e5cbcabba9abe91d6e7c41bd,u6d88-j.svg,
CE-003090,消,1/準1級,旧字,https://www.kanjipedia.jp/common/images/kanji/60/pr_6D88.png,u6d88,unicode_exact,15,63d0c2e58f2a7e26d1338e3d2a3d4e01ad2d3a16e5cbcabba9abe91d6e7c41bd,u6d88.svg,
CE-003119,勝,1/準1級,旧字,https://www.kanjipedia.jp/common/images/kanji/60/pr_52DD.png,u52dd-ue0100,ivs_exact,7,d1b8d7422fcf3d3cc15ecfbf270b72f43a6464752c32c023f1ba4d4db8abd9d9,u52dd-ue0100.svg,
CE-003119,勝,1/準1級,旧字,https://www.kanjipedia.jp/common/images/kanji/60/pr_52DD.png,u52dd-ue0101,ivs_exact,7,c4c986b747b37eabe03f01e214ad283cd6f44fb3a47e35f1dd87c24d76f1412b,u52dd-ue0101.svg,
CE-003119,勝,1/準1級,旧字,https://www.kanjipedia.jp/common/images/kanji/60/pr_52DD.png,u52dd-ue0102,ivs_exact,4,d1b8d7422fcf3d3cc15ecfbf270b72f43a6464752c32c023f1ba4d4db8abd9d9,u52dd-ue0102.svg,
CE-003119,勝,1/準1級,旧字,https://www.kanjipedia.jp/common/images/kanji/60/pr_52DD.png,u52dd-ue0103,ivs_exact,7,c4c986b747b37eabe03f01e214ad283cd6f44fb3a47e35f1dd87c24d76f1412b,u52dd-ue0103.svg,
CE-003119,勝,1/準1級,旧字,https://www.kanjipedia.jp/common/images/kanji/60/pr_52DD.png,u52dd-k,collection_id_exact,6,aa20c836ac95c5f0ea053b2905d91f6bb9d694bf0884795415b746207e7438ab,u52dd-k.svg,
CE-003119,勝,1/準1級,旧字,https://www.kanjipedia.jp/common/images/kanji/60/pr_52DD.png,u52dd-t,collection_id_exact,3,07af2da856f41ec64c049eed897fbc1d1bd2a12f66f921c8f921cccc15206bed,u52dd-t.svg,
CE-003119,勝,1/準1級,旧字,https://www.kanjipedia.jp/common/images/kanji/60/pr_52DD.png,u52dd-j,collection_id_exact,2,d1b8d7422fcf3d3cc15ecfbf270b72f43a6464752c32c023f1ba4d4db8abd9d9,u52dd-j.svg,
CE-003119,勝,1/準1級,旧字,https://www.kanjipedia.jp/common/images/kanji/60/pr_52DD.png,u52dd,unicode_exact,10,d1b8d7422fcf3d3cc15ecfbf270b72f43a6464752c32c023f1ba4d4db8abd9d9,u52dd.svg,
CE-003131,硝,1/準1級,旧字,https://www.kanjipedia.jp/common/images/kanji/60/pr_785D.png,u785d-ue0100,ivs_exact,16,bf987aa76661851265b30d331a15f1492ebd0f7f7a45c4923a011b93fab74668,u785d-ue0100.svg,
CE-003131,硝,1/準1級,旧字,https://www.kanjipedia.jp/common/images/kanji/60/pr_785D.png,u785d-ue0101,ivs_exact,5,63cf06ffc075464c9599d0d38aa6dd7117e3c41183e5c20a3c658e6e7301c32f,u785d-ue0101.svg,
CE-003131,硝,1/準1級,旧字,https://www.kanjipedia.jp/common/images/kanji/60/pr_785D.png,u785d-ue0102,ivs_exact,11,bf987aa76661851265b30d331a15f1492ebd0f7f7a45c4923a011b93fab74668,u785d-ue0102.svg,
CE-003131,硝,1/準1級,旧字,https://www.kanjipedia.jp/common/images/kanji/60/pr_785D.png,u785d-ue0103,ivs_exact,4,63cf06ffc075464c9599d0d38aa6dd7117e3c41183e5c20a3c658e6e7301c32f,u785d-ue0103.svg,
CE-003131,硝,1/準1級,旧字,https://www.kanjipedia.jp/common/images/kanji/60/pr_785D.png,u785d-k,collection_id_exact,5,63cf06ffc075464c9599d0d38aa6dd7117e3c41183e5c20a3c658e6e7301c32f,u785d-k.svg,
CE-003131,硝,1/準1級,旧字,https://www.kanjipedia.jp/common/images/kanji/60/pr_785D.png,u785d-j,collection_id_exact,4,bf987aa76661851265b30d331a15f1492ebd0f7f7a45c4923a011b93fab74668,u785d-j.svg,
CE-003131,硝,1/準1級,旧字,https://www.kanjipedia.jp/common/images/kanji/60/pr_785D.png,u785d,unicode_exact,16,bf987aa76661851265b30d331a15f1492ebd0f7f7a45c4923a011b93fab74668,u785d.svg,
CE-003136,翔,1/準1級,旧字,https://www.kanjipedia.jp/common/images/kanji/60/pr_7FD4.png,u7fd4-ue0100,ivs_exact,10,72d83e119595b103669fb1e2107e2e5b586c4519137fc0f55a4ab959aeab1490,u7fd4-ue0100.svg,
CE-003136,翔,1/準1級,旧字,https://www.kanjipedia.jp/common/images/kanji/60/pr_7FD4.png,u7fd4-ue0101,ivs_exact,10,4fb89eaa25e8ae1a8dc0d5999aeeed62690b09a37132be843fd1897c3d274673,u7fd4-ue0101.svg,
CE-003136,翔,1/準1級,旧字,https://www.kanjipedia.jp/common/images/kanji/60/pr_7FD4.png,u7fd4-ue0102,ivs_exact,7,72d83e119595b103669fb1e2107e2e5b586c4519137fc0f55a4ab959aeab1490,u7fd4-ue0102.svg,
CE-003136,翔,1/準1級,旧字,https://www.kanjipedia.jp/common/images/kanji/60/pr_7FD4.png,u7fd4-ue0103,ivs_exact,8,4fb89eaa25e8ae1a8dc0d5999aeeed62690b09a37132be843fd1897c3d274673,u7fd4-ue0103.svg,
CE-003136,翔,1/準1級,旧字,https://www.kanjipedia.jp/common/images/kanji/60/pr_7FD4.png,u7fd4-k,collection_id_exact,7,b59e3eb74d9029cca6b1f9d713fb58635d7bbc33aee5636b1f8243f3c9803d5e,u7fd4-k.svg,
CE-003136,翔,1/準1級,旧字,https://www.kanjipedia.jp/common/images/kanji/60/pr_7FD4.png,u7fd4-t,collection_id_exact,3,5a17d6047b6ccf2d5198fc0ab853f9526b07284ccb19eedc1549edf67a61425d,u7fd4-t.svg,
CE-003136,翔,1/準1級,旧字,https://www.kanjipedia.jp/common/images/kanji/60/pr_7FD4.png,u7fd4-j,collection_id_exact,5,72d83e119595b103669fb1e2107e2e5b586c4519137fc0f55a4ab959aeab1490,u7fd4-j.svg,
CE-003136,翔,1/準1級,旧字,https://www.kanjipedia.jp/common/images/kanji/60/pr_7FD4.png,u7fd4,unicode_exact,12,72d83e119595b103669fb1e2107e2e5b586c4519137fc0f55a4ab959aeab1490,u7fd4.svg,
CE-003236,城,1/準1級,旧字,https://www.kanjipedia.jp/common/images/kanji/60/pr_2F852.png,u57ce-ue0100,ivs_exact,9,419ed5f849f498bd7360d44affbc7b01c8a17821403753fd1cd59c95bcb65171,u57ce-ue0100.svg,
CE-003236,城,1/準1級,旧字,https://www.kanjipedia.jp/common/images/kanji/60/pr_2F852.png,u57ce-ue0101,ivs_exact,11,22fc6013ef3c358283b637f74018e2795b43ea83ee33d1a057bc849a6ac2d524,u57ce-ue0101.svg,
CE-003236,城,1/準1級,旧字,https://www.kanjipedia.jp/common/images/kanji/60/pr_2F852.png,u57ce-ue0102,ivs_exact,5,22fc6013ef3c358283b637f74018e2795b43ea83ee33d1a057bc849a6ac2d524,u57ce-ue0102.svg,
CE-003236,城,1/準1級,旧字,https://www.kanjipedia.jp/common/images/kanji/60/pr_2F852.png,u57ce-ue0103,ivs_exact,5,419ed5f849f498bd7360d44affbc7b01c8a17821403753fd1cd59c95bcb65171,u57ce-ue0103.svg,
CE-003236,城,1/準1級,旧字,https://www.kanjipedia.jp/common/images/kanji/60/pr_2F852.png,u57ce-k,collection_id_exact,5,22fc6013ef3c358283b637f74018e2795b43ea83ee33d1a057bc849a6ac2d524,u57ce-k.svg,
CE-003236,城,1/準1級,旧字,https://www.kanjipedia.jp/common/images/kanji/60/pr_2F852.png,u57ce-t,collection_id_exact,2,22fc6013ef3c358283b637f74018e2795b43ea83ee33d1a057bc849a6ac2d524,u57ce-t.svg,
CE-003236,城,1/準1級,旧字,https://www.kanjipedia.jp/common/images/kanji/60/pr_2F852.png,u57ce-j,collection_id_exact,2,22fc6013ef3c358283b637f74018e2795b43ea83ee33d1a057bc849a6ac2d524,u57ce-j.svg,
CE-003236,城,1/準1級,旧字,https://www.kanjipedia.jp/common/images/kanji/60/pr_2F852.png,u57ce,unicode_exact,12,22fc6013ef3c358283b637f74018e2795b43ea83ee33d1a057bc849a6ac2d524,u57ce.svg,
CE-003246,情,1/準1級,旧字,https://www.kanjipedia.jp/common/images/kanji/60/pr_60C5.png,u60c5-ue0100,ivs_exact,11,b71c95b90f00d2b7a92fed0bf100be031c99ff1fab87920697c77ecc41e200d2,u60c5-ue0100.svg,
CE-003246,情,1/準1級,旧字,https://www.kanjipedia.jp/common/images/kanji/60/pr_60C5.png,u60c5-ue0101,ivs_exact,11,d59885b5d227743277f48495f27d6bf996dfa12d665158d69858e5932bf79fa7,u60c5-ue0101.svg,
CE-003246,情,1/準1級,旧字,https://www.kanjipedia.jp/common/images/kanji/60/pr_60C5.png,u60c5-ue0102,ivs_exact,7,b71c95b90f00d2b7a92fed0bf100be031c99ff1fab87920697c77ecc41e200d2,u60c5-ue0102.svg,
CE-003246,情,1/準1級,旧字,https://www.kanjipedia.jp/common/images/kanji/60/pr_60C5.png,u60c5-ue0103,ivs_exact,11,d59885b5d227743277f48495f27d6bf996dfa12d665158d69858e5932bf79fa7,u60c5-ue0103.svg,
CE-003246,情,1/準1級,旧字,https://www.kanjipedia.jp/common/images/kanji/60/pr_60C5.png,u60c5-k,collection_id_exact,10,341d5fefba01b3864178c4be6941572059a477cd374cf2b4051b85fb008ff406,u60c5-k.svg,
CE-003246,情,1/準1級,旧字,https://www.kanjipedia.jp/common/images/kanji/60/pr_60C5.png,u60c5-t,collection_id_exact,3,1d5303042ac1fc85260882c5a99e1416d6a25d81917dfea6d44decbbc428bc1f,u60c5-t.svg,
CE-003246,情,1/準1級,旧字,https://www.kanjipedia.jp/common/images/kanji/60/pr_60C5.png,u60c5-j,collection_id_exact,2,b71c95b90f00d2b7a92fed0bf100be031c99ff1fab87920697c77ecc41e200d2,u60c5-j.svg,
CE-003246,情,1/準1級,旧字,https://www.kanjipedia.jp/common/images/kanji/60/pr_60C5.png,u60c5,unicode_exact,12,b71c95b90f00d2b7a92fed0bf100be031c99ff1fab87920697c77ecc41e200d2,u60c5.svg,
CE-003294,飾,1/準1級,旧字,https://www.kanjipedia.jp/common/images/kanji/60/pr_991D.png,u98fe-ue0100,ivs_exact,6,a28160825b66f2f1c475caac5da23a684e70e3cf4d82eb92e06da553f8b06d61,u98fe-ue0100.svg,
CE-003294,飾,1/準1級,旧字,https://www.kanjipedia.jp/common/images/kanji/60/pr_991D.png,u98fe-ue0101,ivs_exact,7,8861f2e418bc11a91f30f405f2c34a81ab2b9b953c6efd1c0d1f040bb2102f99,u98fe-ue0101.svg,
CE-003294,飾,1/準1級,旧字,https://www.kanjipedia.jp/common/images/kanji/60/pr_991D.png,u98fe-ue0102,ivs_exact,3,a28160825b66f2f1c475caac5da23a684e70e3cf4d82eb92e06da553f8b06d61,u98fe-ue0102.svg,
CE-003294,飾,1/準1級,旧字,https://www.kanjipedia.jp/common/images/kanji/60/pr_991D.png,u98fe-ue0103,ivs_exact,4,8861f2e418bc11a91f30f405f2c34a81ab2b9b953c6efd1c0d1f040bb2102f99,u98fe-ue0103.svg,
CE-003294,飾,1/準1級,旧字,https://www.kanjipedia.jp/common/images/kanji/60/pr_991D.png,u98fe-k,collection_id_exact,6,8861f2e418bc11a91f30f405f2c34a81ab2b9b953c6efd1c0d1f040bb2102f99,u98fe-k.svg,
CE-003294,飾,1/準1級,旧字,https://www.kanjipedia.jp/common/images/kanji/60/pr_991D.png,u98fe-j,collection_id_exact,2,a28160825b66f2f1c475caac5da23a684e70e3cf4d82eb92e06da553f8b06d61,u98fe-j.svg,
CE-003294,飾,1/準1級,旧字,https://www.kanjipedia.jp/common/images/kanji/60/pr_991D.png,u98fe,unicode_exact,6,a28160825b66f2f1c475caac5da23a684e70e3cf4d82eb92e06da553f8b06d61,u98fe.svg,
CE-003329,侵,1/準1級,旧字,https://www.kanjipedia.jp/common/images/kanji/60/pr_4FB5.png,u4fb5-ue0100,ivs_exact,12,92aec8f25364391d2f9fd64cc3c6f81cdc492afa9f4b7855857f3c9d7d9013ef,u4fb5-ue0100.svg,
CE-003329,侵,1/準1級,旧字,https://www.kanjipedia.jp/common/images/kanji/60/pr_4FB5.png,u4fb5-ue0101,ivs_exact,16,d6ca68fe4255b7104a829b5c52c98e013cc160b821605116b4723b86df5b2065,u4fb5-ue0101.svg,
CE-003329,侵,1/準1級,旧字,https://www.kanjipedia.jp/common/images/kanji/60/pr_4FB5.png,u4fb5-ue0102,ivs_exact,6,92aec8f25364391d2f9fd64cc3c6f81cdc492afa9f4b7855857f3c9d7d9013ef,u4fb5-ue0102.svg,
CE-003329,侵,1/準1級,旧字,https://www.kanjipedia.jp/common/images/kanji/60/pr_4FB5.png,u4fb5-ue0103,ivs_exact,7,d6ca68fe4255b7104a829b5c52c98e013cc160b821605116b4723b86df5b2065,u4fb5-ue0103.svg,
CE-003329,侵,1/準1級,旧字,https://www.kanjipedia.jp/common/images/kanji/60/pr_4FB5.png,u4fb5-k,collection_id_exact,7,d6ca68fe4255b7104a829b5c52c98e013cc160b821605116b4723b86df5b2065,u4fb5-k.svg,
CE-003329,侵,1/準1級,旧字,https://www.kanjipedia.jp/common/images/kanji/60/pr_4FB5.png,u4fb5-t,collection_id_exact,3,aca07966e9cd914273a8fb7505de24fde0c1591c49b108184d268dee2ebc5753,u4fb5-t.svg,
CE-003329,侵,1/準1級,旧字,https://www.kanjipedia.jp/common/images/kanji/60/pr_4FB5.png,u4fb5-j,collection_id_exact,6,92aec8f25364391d2f9fd64cc3c6f81cdc492afa9f4b7855857f3c9d7d9013ef,u4fb5-j.svg,
CE-003329,侵,1/準1級,旧字,https://www.kanjipedia.jp/common/images/kanji/60/pr_4FB5.png,u4fb5,unicode_exact,13,92aec8f25364391d2f9fd64cc3c6f81cdc492afa9f4b7855857f3c9d7d9013ef,u4fb5.svg,
CE-003354,進,1/準1級,旧字,https://www.kanjipedia.jp/common/images/kanji/60/pr_9032.png,u9032-ue0100,ivs_exact,14,9162f7a70ecc919de48e75f23eda17cdbfec6bc806eb2fe7bf15416a4f5bb2af,u9032-ue0100.svg,
CE-003354,進,1/準1級,旧字,https://www.kanjipedia.jp/common/images/kanji/60/pr_9032.png,u9032-ue0101,ivs_exact,11,eed3249e19c5b15f4c80a7e7e024d2c7c2f2a5f91fb3ea9771b31b4a5b6bc52b,u9032-ue0101.svg,
CE-003354,進,1/準1級,旧字,https://www.kanjipedia.jp/common/images/kanji/60/pr_9032.png,u9032-ue0102,ivs_exact,10,9162f7a70ecc919de48e75f23eda17cdbfec6bc806eb2fe7bf15416a4f5bb2af,u9032-ue0102.svg,
CE-003354,進,1/準1級,旧字,https://www.kanjipedia.jp/common/images/kanji/60/pr_9032.png,u9032-ue0103,ivs_exact,7,eed3249e19c5b15f4c80a7e7e024d2c7c2f2a5f91fb3ea9771b31b4a5b6bc52b,u9032-ue0103.svg,
CE-003354,進,1/準1級,旧字,https://www.kanjipedia.jp/common/images/kanji/60/pr_9032.png,u9032-k,collection_id_exact,11,eed3249e19c5b15f4c80a7e7e024d2c7c2f2a5f91fb3ea9771b31b4a5b6bc52b,u9032-k.svg,
CE-003354,進,1/準1級,旧字,https://www.kanjipedia.jp/common/images/kanji/60/pr_9032.png,u9032-t,collection_id_exact,4,de2984eb5678bc1aa9212cba2ef6321b4429412f33c62289da28411402ab720c,u9032-t.svg,
CE-003354,進,1/準1級,旧字,https://www.kanjipedia.jp/common/images/kanji/60/pr_9032.png,u9032-j,collection_id_exact,6,9162f7a70ecc919de48e75f23eda17cdbfec6bc806eb2fe7bf15416a4f5bb2af,u9032-j.svg,
CE-003354,進,1/準1級,旧字,https://www.kanjipedia.jp/common/images/kanji/60/pr_9032.png,u9032,unicode_exact,16,9162f7a70ecc919de48e75f23eda17cdbfec6bc806eb2fe7bf15416a4f5bb2af,u9032.svg,
CE-003377,蕈,1級,親字,https://www.kanjipedia.jp/common/images/kanji/180/std_8548.png,u8548-ue0100,ivs_exact,8,a1b6cacd91d3587c2f5b9fef53ff5e34713e01afbfd2426d60ef2c7523b93a4f,u8548-ue0100.svg,
CE-003377,蕈,1級,親字,https://www.kanjipedia.jp/common/images/kanji/180/std_8548.png,u8548-ue0101,ivs_exact,6,a1b6cacd91d3587c2f5b9fef53ff5e34713e01afbfd2426d60ef2c7523b93a4f,u8548-ue0101.svg,
CE-003377,蕈,1級,親字,https://www.kanjipedia.jp/common/images/kanji/180/std_8548.png,u8548-ue0102,ivs_exact,9,a29c07731cccbc83925ef4a3573a0d75a3040356fe1ba7ce08f4d9c1794e5147,u8548-ue0102.svg,
CE-003377,蕈,1級,親字,https://www.kanjipedia.jp/common/images/kanji/180/std_8548.png,u8548-ue0103,ivs_exact,9,99ffc52b7e5201a80b188d0cc427998d8a1bdca4ea27650c4fd4e8af63d4fd97,u8548-ue0103.svg,
CE-003377,蕈,1級,親字,https://www.kanjipedia.jp/common/images/kanji/180/std_8548.png,u8548-k,collection_id_exact,2,99ffc52b7e5201a80b188d0cc427998d8a1bdca4ea27650c4fd4e8af63d4fd97,u8548-k.svg,
CE-003377,蕈,1級,親字,https://www.kanjipedia.jp/common/images/kanji/180/std_8548.png,u8548-t,collection_id_exact,1,a82d2c3107678d3a9ad407c8a99aabb663f62bdaf5cfebd9dc3edff5db17eedd,u8548-t.svg,
CE-003377,蕈,1級,親字,https://www.kanjipedia.jp/common/images/kanji/180/std_8548.png,u8548-j,collection_id_exact,2,a1b6cacd91d3587c2f5b9fef53ff5e34713e01afbfd2426d60ef2c7523b93a4f,u8548-j.svg,
CE-003377,蕈,1級,親字,https://www.kanjipedia.jp/common/images/kanji/180/std_8548.png,u8548,unicode_exact,11,a1b6cacd91d3587c2f5b9fef53ff5e34713e01afbfd2426d60ef2c7523b93a4f,u8548.svg,
CE-003386,齔,1級,親字,https://www.kanjipedia.jp/common/images/kanji/180/std_9F54.png,u9f54-ue0100,ivs_exact,5,110d19c9726e7078657902a9729ccd13cc5d8e16e9b28d3c8c36a8a2ebd338b0,u9f54-ue0100.svg,
CE-003386,齔,1級,親字,https://www.kanjipedia.jp/common/images/kanji/180/std_9F54.png,u9f54,unicode_exact,7,110d19c9726e7078657902a9729ccd13cc5d8e16e9b28d3c8c36a8a2ebd338b0,u9f54.svg,
CE-003389,簪,1級,親字,https://www.kanjipedia.jp/common/images/kanji/180/std_7C2A.png,u7c2a-ue0100,ivs_exact,8,a7a570229cd0e1b31f0ad7e3b50251862d9cfe36efd7c6fb9d70f6716d12bcf0,u7c2a-ue0100.svg,
CE-003389,簪,1級,親字,https://www.kanjipedia.jp/common/images/kanji/180/std_7C2A.png,u7c2a-ue0101,ivs_exact,6,7e0f7d5ae72c53a749907611162a41910e9663246a489523d34b5982cb35af27,u7c2a-ue0101.svg,
CE-003389,簪,1級,親字,https://www.kanjipedia.jp/common/images/kanji/180/std_7C2A.png,u7c2a-ue0102,ivs_exact,6,63ba33a9511b49eab9e6bd474318a4ad29cb786a149c33de4c759164cd6dca5b,u7c2a-ue0102.svg,
CE-003389,簪,1級,親字,https://www.kanjipedia.jp/common/images/kanji/180/std_7C2A.png,u7c2a-ue0103,ivs_exact,8,96bdc1abe947ba38ff3eab55df9152f6115ff795e7dd3a08d0129176c2cbe2d2,u7c2a-ue0103.svg,
CE-003389,簪,1級,親字,https://www.kanjipedia.jp/common/images/kanji/180/std_7C2A.png,u7c2a-k,collection_id_exact,7,a7a570229cd0e1b31f0ad7e3b50251862d9cfe36efd7c6fb9d70f6716d12bcf0,u7c2a-k.svg,
CE-003389,簪,1級,親字,https://www.kanjipedia.jp/common/images/kanji/180/std_7C2A.png,u7c2a,unicode_exact,11,a7a570229cd0e1b31f0ad7e3b50251862d9cfe36efd7c6fb9d70f6716d12bcf0,u7c2a.svg,
CE-003405,迅,1/準1級,旧字,https://www.kanjipedia.jp/common/images/kanji/60/pr_8FC5.png,u8fc5-ue0100,ivs_exact,11,f4b663a6f122013445d837522888c21c2e32177583d1f017333d0bd69f9cb19f,u8fc5-ue0100.svg,
CE-003405,迅,1/準1級,旧字,https://www.kanjipedia.jp/common/images/kanji/60/pr_8FC5.png,u8fc5-ue0101,ivs_exact,9,2cae3dcc9325e77a55a61929a6dd68461dafd48c11c6307c4535a4f3d9a4a64a,u8fc5-ue0101.svg,
CE-003405,迅,1/準1級,旧字,https://www.kanjipedia.jp/common/images/kanji/60/pr_8FC5.png,u8fc5-ue0102,ivs_exact,6,13c26154fbdfd7a5f664fb64e71b920db728e27d7282c3eabb2216cd7916c63a,u8fc5-ue0102.svg,
CE-003405,迅,1/準1級,旧字,https://www.kanjipedia.jp/common/images/kanji/60/pr_8FC5.png,u8fc5-ue0103,ivs_exact,8,f4b663a6f122013445d837522888c21c2e32177583d1f017333d0bd69f9cb19f,u8fc5-ue0103.svg,
CE-003405,迅,1/準1級,旧字,https://www.kanjipedia.jp/common/images/kanji/60/pr_8FC5.png,u8fc5-k,collection_id_exact,8,42f5f29c4526b76ede7bef615dcea1bcf23344afabbc0161c905d1fb75cd4b9a,u8fc5-k.svg,
CE-003405,迅,1/準1級,旧字,https://www.kanjipedia.jp/common/images/kanji/60/pr_8FC5.png,u8fc5-t,collection_id_exact,3,6d4696ac108a90d1d5a3ab02a0fd97dece810f9980a50f4308f8516e40cb4147,u8fc5-t.svg,
CE-003405,迅,1/準1級,旧字,https://www.kanjipedia.jp/common/images/kanji/60/pr_8FC5.png,u8fc5-j,collection_id_exact,5,f4b663a6f122013445d837522888c21c2e32177583d1f017333d0bd69f9cb19f,u8fc5-j.svg,
CE-003405,迅,1/準1級,旧字,https://www.kanjipedia.jp/common/images/kanji/60/pr_8FC5.png,u8fc5,unicode_exact,11,f4b663a6f122013445d837522888c21c2e32177583d1f017333d0bd69f9cb19f,u8fc5.svg,
CE-003415,尋,1/準1級,旧字,https://www.kanjipedia.jp/common/images/kanji/60/pr_5C0B.png,u5c0b-ue0100,ivs_exact,13,0f8608d0727791c4bfffbf04a461df502222cb9d69422ea4036599a921a842ad,u5c0b-ue0100.svg,
CE-003415,尋,1/準1級,旧字,https://www.kanjipedia.jp/common/images/kanji/60/pr_5C0B.png,u5c0b-ue0101,ivs_exact,14,038fe0d44b193d3dfc0096f6648b5bb874f7359058df6e6708407f1697bcae4e,u5c0b-ue0101.svg,
CE-003415,尋,1/準1級,旧字,https://www.kanjipedia.jp/common/images/kanji/60/pr_5C0B.png,u5c0b-ue0102,ivs_exact,13,0f8608d0727791c4bfffbf04a461df502222cb9d69422ea4036599a921a842ad,u5c0b-ue0102.svg,
CE-003415,尋,1/準1級,旧字,https://www.kanjipedia.jp/common/images/kanji/60/pr_5C0B.png,u5c0b-ue0103,ivs_exact,14,038fe0d44b193d3dfc0096f6648b5bb874f7359058df6e6708407f1697bcae4e,u5c0b-ue0103.svg,
CE-003415,尋,1/準1級,旧字,https://www.kanjipedia.jp/common/images/kanji/60/pr_5C0B.png,u5c0b-k,collection_id_exact,7,038fe0d44b193d3dfc0096f6648b5bb874f7359058df6e6708407f1697bcae4e,u5c0b-k.svg,
CE-003415,尋,1/準1級,旧字,https://www.kanjipedia.jp/common/images/kanji/60/pr_5C0B.png,u5c0b-t,collection_id_exact,10,67651cef5707a9b4fe464105f3b37047c1695b62ec00ebbf410378e0a5513646,u5c0b-t.svg,
CE-003415,尋,1/準1級,旧字,https://www.kanjipedia.jp/common/images/kanji/60/pr_5C0B.png,u5c0b-j,collection_id_exact,8,0f8608d0727791c4bfffbf04a461df502222cb9d69422ea4036599a921a842ad,u5c0b-j.svg,
CE-003415,尋,1/準1級,旧字,https://www.kanjipedia.jp/common/images/kanji/60/pr_5C0B.png,u5c0b,unicode_exact,15,0f8608d0727791c4bfffbf04a461df502222cb9d69422ea4036599a921a842ad,u5c0b.svg,
CE-003452,遂,1/準1級,旧字,https://www.kanjipedia.jp/common/images/kanji/60/pr_9042.png,u9042-ue0100,ivs_exact,11,b39c85daee6498065ecf5d55ace1ad2f58bf4ec94dd9aeae2b5df0b683f079e0,u9042-ue0100.svg,
CE-003452,遂,1/準1級,旧字,https://www.kanjipedia.jp/common/images/kanji/60/pr_9042.png,u9042-ue0101,ivs_exact,11,ea51890c5bfeddd779c2ef0a5fed9b044925ee0f99a457550999fbfbc03f2d51,u9042-ue0101.svg,
CE-003452,遂,1/準1級,旧字,https://www.kanjipedia.jp/common/images/kanji/60/pr_9042.png,u9042-ue0102,ivs_exact,10,779dccf4aafde05b9f6068c4bfcdec9eb16a3bb47063a0f1621073a5dd115e72,u9042-ue0102.svg,
CE-003452,遂,1/準1級,旧字,https://www.kanjipedia.jp/common/images/kanji/60/pr_9042.png,u9042-ue0103,ivs_exact,8,b39c85daee6498065ecf5d55ace1ad2f58bf4ec94dd9aeae2b5df0b683f079e0,u9042-ue0103.svg,
CE-003452,遂,1/準1級,旧字,https://www.kanjipedia.jp/common/images/kanji/60/pr_9042.png,u9042-k,collection_id_exact,9,76b8266de09c58461d63f83bac8b080433c8b3d96270721db855ae44aa165ca1,u9042-k.svg,
CE-003452,遂,1/準1級,旧字,https://www.kanjipedia.jp/common/images/kanji/60/pr_9042.png,u9042-t,collection_id_exact,7,de91296f81d4574923f0354e360618f81341f9ae3b8ae828646fb53db10ff916,u9042-t.svg,
CE-003452,遂,1/準1級,旧字,https://www.kanjipedia.jp/common/images/kanji/60/pr_9042.png,u9042-j,collection_id_exact,6,b39c85daee6498065ecf5d55ace1ad2f58bf4ec94dd9aeae2b5df0b683f079e0,u9042-j.svg,
CE-003452,遂,1/準1級,旧字,https://www.kanjipedia.jp/common/images/kanji/60/pr_9042.png,u9042,unicode_exact,11,b39c85daee6498065ecf5d55ace1ad2f58bf4ec94dd9aeae2b5df0b683f079e0,u9042.svg,
CE-003467,邃,1級,親字,https://www.kanjipedia.jp/common/images/kanji/180/std_9083.png,u9083-ue0100,ivs_exact,16,8753dae7a2206f1c2b2b2446445ff47899c0cf23d87575755b9051becd0e4055,u9083-ue0100.svg,
CE-003467,邃,1級,親字,https://www.kanjipedia.jp/common/images/kanji/180/std_9083.png,u9083-ue0101,ivs_exact,12,c2ec1a233e12cdd1ecb2d3e6cfa07a3bc762170f4e453f218697443a1ee09b0b,u9083-ue0101.svg,
CE-003467,邃,1級,親字,https://www.kanjipedia.jp/common/images/kanji/180/std_9083.png,u9083-ue0102,ivs_exact,6,8753dae7a2206f1c2b2b2446445ff47899c0cf23d87575755b9051becd0e4055,u9083-ue0102.svg,
CE-003467,邃,1級,親字,https://www.kanjipedia.jp/common/images/kanji/180/std_9083.png,u9083-ue0103,ivs_exact,8,af80b52ed9116152c507407227046d85c8128bfb3b3325f0bc4e3ca64674ed05,u9083-ue0103.svg,
CE-003467,邃,1級,親字,https://www.kanjipedia.jp/common/images/kanji/180/std_9083.png,u9083-k,collection_id_exact,16,ca020c6709f3628653efbff4c70d576d33c544055c201db3a6277136d8299053,u9083-k.svg,
CE-003467,邃,1級,親字,https://www.kanjipedia.jp/common/images/kanji/180/std_9083.png,u9083-t,collection_id_exact,1,78c6f2a26abd6b526d45eb108b9ea137791821d7330f16350e6dcc817ee4dd41,u9083-t.svg,
CE-003467,邃,1級,親字,https://www.kanjipedia.jp/common/images/kanji/180/std_9083.png,u9083-j,collection_id_exact,1,8753dae7a2206f1c2b2b2446445ff47899c0cf23d87575755b9051becd0e4055,u9083-j.svg,
CE-003467,邃,1級,親字,https://www.kanjipedia.jp/common/images/kanji/180/std_9083.png,u9083,unicode_exact,18,8753dae7a2206f1c2b2b2446445ff47899c0cf23d87575755b9051becd0e4055,u9083.svg,
CE-003509,成,1/準1級,旧字,https://www.kanjipedia.jp/common/images/kanji/60/pr_2F8B2.png,u6210-ue0100,ivs_exact,5,832f25c756eba5e1b18b4987849e249336c93692daaa2aac4d3140cc3d1a9fce,u6210-ue0100.svg,
CE-003509,成,1/準1級,旧字,https://www.kanjipedia.jp/common/images/kanji/60/pr_2F8B2.png,u6210-ue0101,ivs_exact,9,eed0d50ea63efd94a0bf5c13e4fa20cf5d5a9144f8d68c38a61fe4600499f0f8,u6210-ue0101.svg,
CE-003509,成,1/準1級,旧字,https://www.kanjipedia.jp/common/images/kanji/60/pr_2F8B2.png,u6210-ue0102,ivs_exact,2,832f25c756eba5e1b18b4987849e249336c93692daaa2aac4d3140cc3d1a9fce,u6210-ue0102.svg,
CE-003509,成,1/準1級,旧字,https://www.kanjipedia.jp/common/images/kanji/60/pr_2F8B2.png,u6210-ue0103,ivs_exact,7,eed0d50ea63efd94a0bf5c13e4fa20cf5d5a9144f8d68c38a61fe4600499f0f8,u6210-ue0103.svg,
CE-003509,成,1/準1級,旧字,https://www.kanjipedia.jp/common/images/kanji/60/pr_2F8B2.png,u6210-k,collection_id_exact,7,832f25c756eba5e1b18b4987849e249336c93692daaa2aac4d3140cc3d1a9fce,u6210-k.svg,
CE-003509,成,1/準1級,旧字,https://www.kanjipedia.jp/common/images/kanji/60/pr_2F8B2.png,u6210-t,collection_id_exact,2,832f25c756eba5e1b18b4987849e249336c93692daaa2aac4d3140cc3d1a9fce,u6210-t.svg,
CE-003509,成,1/準1級,旧字,https://www.kanjipedia.jp/common/images/kanji/60/pr_2F8B2.png,u6210-j,collection_id_exact,2,832f25c756eba5e1b18b4987849e249336c93692daaa2aac4d3140cc3d1a9fce,u6210-j.svg,
CE-003509,成,1/準1級,旧字,https://www.kanjipedia.jp/common/images/kanji/60/pr_2F8B2.png,u6210,unicode_exact,6,832f25c756eba5e1b18b4987849e249336c93692daaa2aac4d3140cc3d1a9fce,u6210.svg,
CE-003530,晟,1/準1級,旧字,https://www.kanjipedia.jp/common/images/kanji/60/pr_665F.png,u665f-ue0100,ivs_exact,7,5051078ea59104eb304c761a19fd62bc4616957d49b4f9e4a336ef4ec47c1ff2,u665f-ue0100.svg,
CE-003530,晟,1/準1級,旧字,https://www.kanjipedia.jp/common/images/kanji/60/pr_665F.png,u665f-ue0101,ivs_exact,13,c7a2842c33eece2dc0e7fa961763940c407d1d69ad23daf159e267bd668cece8,u665f-ue0101.svg,
CE-003530,晟,1/準1級,旧字,https://www.kanjipedia.jp/common/images/kanji/60/pr_665F.png,u665f-ue0102,ivs_exact,6,d8b548c6ecb9d93e2a50b506adf9f954284ed09dbf1917fab6f37245ba076b73,u665f-ue0102.svg,
CE-003530,晟,1/準1級,旧字,https://www.kanjipedia.jp/common/images/kanji/60/pr_665F.png,u665f-ue0103,ivs_exact,7,0e625060769fa1e19bcc3c86b1ec415b6d9b797e5b2cf162caf658acf3646ccb,u665f-ue0103.svg,
CE-003530,晟,1/準1級,旧字,https://www.kanjipedia.jp/common/images/kanji/60/pr_665F.png,u665f-k,collection_id_exact,5,5051078ea59104eb304c761a19fd62bc4616957d49b4f9e4a336ef4ec47c1ff2,u665f-k.svg,
CE-003530,晟,1/準1級,旧字,https://www.kanjipedia.jp/common/images/kanji/60/pr_665F.png,u665f-j,collection_id_exact,2,5051078ea59104eb304c761a19fd62bc4616957d49b4f9e4a336ef4ec47c1ff2,u665f-j.svg,
CE-003530,晟,1/準1級,旧字,https://www.kanjipedia.jp/common/images/kanji/60/pr_665F.png,u665f,unicode_exact,7,5051078ea59104eb304c761a19fd62bc4616957d49b4f9e4a336ef4ec47c1ff2,u665f.svg,
CE-003535,逝,1/準1級,旧字,https://www.kanjipedia.jp/common/images/kanji/60/pr_901D.png,u901d-ue0100,ivs_exact,20,294d282ef9fca6c25cf306818e39e392f3cb5a69d0163cc2827a7be4fab904cd,u901d-ue0100.svg,
CE-003535,逝,1/準1級,旧字,https://www.kanjipedia.jp/common/images/kanji/60/pr_901D.png,u901d-ue0101,ivs_exact,17,dca82d898294b736a58808efa8d8a3f4cdefec42d1d073e032c1797231231669,u901d-ue0101.svg,
CE-003535,逝,1/準1級,旧字,https://www.kanjipedia.jp/common/images/kanji/60/pr_901D.png,u901d-ue0102,ivs_exact,13,294d282ef9fca6c25cf306818e39e392f3cb5a69d0163cc2827a7be4fab904cd,u901d-ue0102.svg,
CE-003535,逝,1/準1級,旧字,https://www.kanjipedia.jp/common/images/kanji/60/pr_901D.png,u901d-ue0103,ivs_exact,9,dca82d898294b736a58808efa8d8a3f4cdefec42d1d073e032c1797231231669,u901d-ue0103.svg,
CE-003535,逝,1/準1級,旧字,https://www.kanjipedia.jp/common/images/kanji/60/pr_901D.png,u901d-k,collection_id_exact,14,dca82d898294b736a58808efa8d8a3f4cdefec42d1d073e032c1797231231669,u901d-k.svg,
CE-003535,逝,1/準1級,旧字,https://www.kanjipedia.jp/common/images/kanji/60/pr_901D.png,u901d-t,collection_id_exact,6,35f19600c0db3c20ae5c795af646e62e77aa0b40ce06447a9e8d7ea53ae2df6a,u901d-t.svg,
CE-003535,逝,1/準1級,旧字,https://www.kanjipedia.jp/common/images/kanji/60/pr_901D.png,u901d-j,collection_id_exact,5,294d282ef9fca6c25cf306818e39e392f3cb5a69d0163cc2827a7be4fab904cd,u901d-j.svg,
CE-003535,逝,1/準1級,旧字,https://www.kanjipedia.jp/common/images/kanji/60/pr_901D.png,u901d,unicode_exact,24,294d282ef9fca6c25cf306818e39e392f3cb5a69d0163cc2827a7be4fab904cd,u901d.svg,
CE-003542,盛,1/準1級,旧字,https://www.kanjipedia.jp/common/images/kanji/60/pr_76DB.png,u76db-ue0100,ivs_exact,8,953c88ef51b3d2265da370c2b9cd565e773437bd35dc5c430c96294610f9cf92,u76db-ue0100.svg,
CE-003542,盛,1/準1級,旧字,https://www.kanjipedia.jp/common/images/kanji/60/pr_76DB.png,u76db-ue0101,ivs_exact,10,62517c0bbae70c331bd7b9a427d47e7f8284a7735b91f544c0f463b2a97156ec,u76db-ue0101.svg,
CE-003542,盛,1/準1級,旧字,https://www.kanjipedia.jp/common/images/kanji/60/pr_76DB.png,u76db-ue0102,ivs_exact,5,953c88ef51b3d2265da370c2b9cd565e773437bd35dc5c430c96294610f9cf92,u76db-ue0102.svg,
CE-003542,盛,1/準1級,旧字,https://www.kanjipedia.jp/common/images/kanji/60/pr_76DB.png,u76db-ue0103,ivs_exact,8,62517c0bbae70c331bd7b9a427d47e7f8284a7735b91f544c0f463b2a97156ec,u76db-ue0103.svg,
CE-003542,盛,1/準1級,旧字,https://www.kanjipedia.jp/common/images/kanji/60/pr_76DB.png,u76db-k,collection_id_exact,8,953c88ef51b3d2265da370c2b9cd565e773437bd35dc5c430c96294610f9cf92,u76db-k.svg,
CE-003542,盛,1/準1級,旧字,https://www.kanjipedia.jp/common/images/kanji/60/pr_76DB.png,u76db-t,collection_id_exact,2,953c88ef51b3d2265da370c2b9cd565e773437bd35dc5c430c96294610f9cf92,u76db-t.svg,
CE-003542,盛,1/準1級,旧字,https://www.kanjipedia.jp/common/images/kanji/60/pr_76DB.png,u76db-j,collection_id_exact,3,953c88ef51b3d2265da370c2b9cd565e773437bd35dc5c430c96294610f9cf92,u76db-j.svg,
CE-003542,盛,1/準1級,旧字,https://www.kanjipedia.jp/common/images/kanji/60/pr_76DB.png,u76db,unicode_exact,9,953c88ef51b3d2265da370c2b9cd565e773437bd35dc5c430c96294610f9cf92,u76db.svg,
CE-003559,筬,1級,親字,https://www.kanjipedia.jp/common/images/kanji/180/std_7B6C.png,u7b6c-ue0100,ivs_exact,7,a56c35d42a747936b97343eba1b4f2979a5d084c68687bdd086ac824717f0d44,u7b6c-ue0100.svg,
CE-003559,筬,1級,親字,https://www.kanjipedia.jp/common/images/kanji/180/std_7B6C.png,u7b6c-ue0101,ivs_exact,5,a56c35d42a747936b97343eba1b4f2979a5d084c68687bdd086ac824717f0d44,u7b6c-ue0101.svg,
CE-003559,筬,1級,親字,https://www.kanjipedia.jp/common/images/kanji/180/std_7B6C.png,u7b6c-ue0102,ivs_exact,6,714f41a20202bf55526daaa427ad4b7601fd2a2a0e51c883003183fc15260dfb,u7b6c-ue0102.svg,
CE-003559,筬,1級,親字,https://www.kanjipedia.jp/common/images/kanji/180/std_7B6C.png,u7b6c-ue0103,ivs_exact,5,48d4fd60e8b8592d7444b03bc7ed230fe6d60d16074453116ecbc486ab6d65b1,u7b6c-ue0103.svg,
CE-003559,筬,1級,親字,https://www.kanjipedia.jp/common/images/kanji/180/std_7B6C.png,u7b6c-k,collection_id_exact,6,a56c35d42a747936b97343eba1b4f2979a5d084c68687bdd086ac824717f0d44,u7b6c-k.svg,
CE-003559,筬,1級,親字,https://www.kanjipedia.jp/common/images/kanji/180/std_7B6C.png,u7b6c,unicode_exact,8,a56c35d42a747936b97343eba1b4f2979a5d084c68687bdd086ac824717f0d44,u7b6c.svg,
CE-003564,誠,1/準1級,旧字,https://www.kanjipedia.jp/common/images/kanji/60/pr_8AA0.png,u8aa0-ue0100,ivs_exact,8,39b581a369c9cc9ef263b2eb24be7daa8d65b044d10554f98eb71d6f0f6bab8b,u8aa0-ue0100.svg,
CE-003564,誠,1/準1級,旧字,https://www.kanjipedia.jp/common/images/kanji/60/pr_8AA0.png,u8aa0-ue0101,ivs_exact,4,afb1e44d57e1ac5edd05a24cff42887f47ee8b922bc2eef1a3a63c9f3094921f,u8aa0-ue0101.svg,
CE-003564,誠,1/準1級,旧字,https://www.kanjipedia.jp/common/images/kanji/60/pr_8AA0.png,u8aa0-ue0102,ivs_exact,3,39b581a369c9cc9ef263b2eb24be7daa8d65b044d10554f98eb71d6f0f6bab8b,u8aa0-ue0102.svg,
CE-003564,誠,1/準1級,旧字,https://www.kanjipedia.jp/common/images/kanji/60/pr_8AA0.png,u8aa0-ue0103,ivs_exact,3,afb1e44d57e1ac5edd05a24cff42887f47ee8b922bc2eef1a3a63c9f3094921f,u8aa0-ue0103.svg,
CE-003564,誠,1/準1級,旧字,https://www.kanjipedia.jp/common/images/kanji/60/pr_8AA0.png,u8aa0-k,collection_id_exact,6,39b581a369c9cc9ef263b2eb24be7daa8d65b044d10554f98eb71d6f0f6bab8b,u8aa0-k.svg,
CE-003564,誠,1/準1級,旧字,https://www.kanjipedia.jp/common/images/kanji/60/pr_8AA0.png,u8aa0-t,collection_id_exact,2,a4aeb721dd62df278b3aa156812405d1d476a946a57d8dfae26d01a64e6929cd,u8aa0-t.svg,
CE-003564,誠,1/準1級,旧字,https://www.kanjipedia.jp/common/images/kanji/60/pr_8AA0.png,u8aa0-j,collection_id_exact,3,39b581a369c9cc9ef263b2eb24be7daa8d65b044d10554f98eb71d6f0f6bab8b,u8aa0-j.svg,
CE-003564,誠,1/準1級,旧字,https://www.kanjipedia.jp/common/images/kanji/60/pr_8AA0.png,u8aa0,unicode_exact,11,39b581a369c9cc9ef263b2eb24be7daa8d65b044d10554f98eb71d6f0f6bab8b,u8aa0.svg,
CE-003576,請,1/準1級,旧字,https://www.kanjipedia.jp/common/images/kanji/60/pr_8ACB.png,u8acb-ue0100,ivs_exact,10,e40efaa4d82a22d0daeca07497611bc5a6e2701c3636bcdebb64279990367af7,u8acb-ue0100.svg,
CE-003576,請,1/準1級,旧字,https://www.kanjipedia.jp/common/images/kanji/60/pr_8ACB.png,u8acb-ue0101,ivs_exact,3,386e0cfa261524077545ff88feed125a7a5e5904572cf44fa2e8ece4be044f5f,u8acb-ue0101.svg,
CE-003576,請,1/準1級,旧字,https://www.kanjipedia.jp/common/images/kanji/60/pr_8ACB.png,u8acb-ue0102,ivs_exact,2,e40efaa4d82a22d0daeca07497611bc5a6e2701c3636bcdebb64279990367af7,u8acb-ue0102.svg,
CE-003576,請,1/準1級,旧字,https://www.kanjipedia.jp/common/images/kanji/60/pr_8ACB.png,u8acb-ue0103,ivs_exact,2,386e0cfa261524077545ff88feed125a7a5e5904572cf44fa2e8ece4be044f5f,u8acb-ue0103.svg,
CE-003576,請,1/準1級,旧字,https://www.kanjipedia.jp/common/images/kanji/60/pr_8ACB.png,u8acb-k,collection_id_exact,3,386e0cfa261524077545ff88feed125a7a5e5904572cf44fa2e8ece4be044f5f,u8acb-k.svg,
CE-003576,請,1/準1級,旧字,https://www.kanjipedia.jp/common/images/kanji/60/pr_8ACB.png,u8acb-t,collection_id_exact,8,813be069941062e23951865faa6b136207f0c874faa2ff03a40e5bb1de28e0a7,u8acb-t.svg,
CE-003576,請,1/準1級,旧字,https://www.kanjipedia.jp/common/images/kanji/60/pr_8ACB.png,u8acb-j,collection_id_exact,2,e40efaa4d82a22d0daeca07497611bc5a6e2701c3636bcdebb64279990367af7,u8acb-j.svg,
CE-003576,請,1/準1級,旧字,https://www.kanjipedia.jp/common/images/kanji/60/pr_8ACB.png,u8acb,unicode_exact,10,e40efaa4d82a22d0daeca07497611bc5a6e2701c3636bcdebb64279990367af7,u8acb.svg,
CE-003595,税,1/準1級,旧字,https://www.kanjipedia.jp/common/images/kanji/60/pr_7A05.png,u7a0e-ue0100,ivs_exact,8,3b2c8f06321ba332299a1af2699e4ae3002a9211bb873ed7b94abf07c8c70eca,u7a0e-ue0100.svg,
CE-003595,税,1/準1級,旧字,https://www.kanjipedia.jp/common/images/kanji/60/pr_7A05.png,u7a0e-t,collection_id_exact,1,6efbf6dbc776d369779edb1d6bf8d38f41fd25a25a573464db09c1c190dd27a7,u7a0e-t.svg,
CE-003595,税,1/準1級,旧字,https://www.kanjipedia.jp/common/images/kanji/60/pr_7A05.png,u7a0e-j,collection_id_exact,5,3b2c8f06321ba332299a1af2699e4ae3002a9211bb873ed7b94abf07c8c70eca,u7a0e-j.svg,
CE-003595,税,1/準1級,旧字,https://www.kanjipedia.jp/common/images/kanji/60/pr_7A05.png,u7a0e,unicode_exact,10,3b2c8f06321ba332299a1af2699e4ae3002a9211bb873ed7b94abf07c8c70eca,u7a0e.svg,
CE-003663,節,1/準1級,旧字,https://www.kanjipedia.jp/common/images/kanji/60/pr_FA56.png,u7bc0-ue0100,ivs_exact,19,a159fb17329f75c07310de14f7f26920eba1c0662341c7e6149b7206559595b6,u7bc0-ue0100.svg,
CE-003663,節,1/準1級,旧字,https://www.kanjipedia.jp/common/images/kanji/60/pr_FA56.png,u7bc0-ue0101,ivs_exact,14,b7cafcc048af0764fec4396346fc15124c6649304cfe47d79a9be20126429325,u7bc0-ue0101.svg,
CE-003663,節,1/準1級,旧字,https://www.kanjipedia.jp/common/images/kanji/60/pr_FA56.png,u7bc0-ue0102,ivs_exact,21,cb3a9a197a17c25a8b554e5291652dcafb0393da44ae63920d61be265fb332ad,u7bc0-ue0102.svg,
CE-003663,節,1/準1級,旧字,https://www.kanjipedia.jp/common/images/kanji/60/pr_FA56.png,u7bc0-ue0103,ivs_exact,10,a159fb17329f75c07310de14f7f26920eba1c0662341c7e6149b7206559595b6,u7bc0-ue0103.svg,
CE-003663,節,1/準1級,旧字,https://www.kanjipedia.jp/common/images/kanji/60/pr_FA56.png,u7bc0-k,collection_id_exact,14,b7cafcc048af0764fec4396346fc15124c6649304cfe47d79a9be20126429325,u7bc0-k.svg,
CE-003663,節,1/準1級,旧字,https://www.kanjipedia.jp/common/images/kanji/60/pr_FA56.png,u7bc0-t,collection_id_exact,3,c0f37085b5fb078e85897682a4b1206251e60b66826d07db5e532f33350e5f76,u7bc0-t.svg,
CE-003663,節,1/準1級,旧字,https://www.kanjipedia.jp/common/images/kanji/60/pr_FA56.png,u7bc0-j,collection_id_exact,6,a159fb17329f75c07310de14f7f26920eba1c0662341c7e6149b7206559595b6,u7bc0-j.svg,
CE-003663,節,1/準1級,旧字,https://www.kanjipedia.jp/common/images/kanji/60/pr_FA56.png,u7bc0,unicode_exact,19,a159fb17329f75c07310de14f7f26920eba1c0662341c7e6149b7206559595b6,u7bc0.svg,
CE-003670,鱈,準1級,親字,https://www.kanjipedia.jp/common/images/kanji/180/std_9C48.png,u9c48-ue0100,ivs_exact,13,2bbd526b81091ea7a378916f33d903a2a75be457bc93245b422c2f599fa1dc93,u9c48-ue0100.svg,
CE-003670,鱈,準1級,親字,https://www.kanjipedia.jp/common/images/kanji/180/std_9C48.png,u9c48-ue0101,ivs_exact,13,7eda5db0446de3da2abff99973966f93614124069d4a5659290c676422f4ff68,u9c48-ue0101.svg,
CE-003670,鱈,準1級,親字,https://www.kanjipedia.jp/common/images/kanji/180/std_9C48.png,u9c48-ue0102,ivs_exact,8,2bbd526b81091ea7a378916f33d903a2a75be457bc93245b422c2f599fa1dc93,u9c48-ue0102.svg,
CE-003670,鱈,準1級,親字,https://www.kanjipedia.jp/common/images/kanji/180/std_9C48.png,u9c48-ue0103,ivs_exact,8,7eda5db0446de3da2abff99973966f93614124069d4a5659290c676422f4ff68,u9c48-ue0103.svg,
CE-003670,鱈,準1級,親字,https://www.kanjipedia.jp/common/images/kanji/180/std_9C48.png,u9c48-k,collection_id_exact,4,7eda5db0446de3da2abff99973966f93614124069d4a5659290c676422f4ff68,u9c48-k.svg,
CE-003670,鱈,準1級,親字,https://www.kanjipedia.jp/common/images/kanji/180/std_9C48.png,u9c48-t,collection_id_exact,1,34bdbc84f813fde9494da73be0eb7fffa2c6880ef4cbbf615ab77948701004e3,u9c48-t.svg,
CE-003670,鱈,準1級,親字,https://www.kanjipedia.jp/common/images/kanji/180/std_9C48.png,u9c48-j,collection_id_exact,5,2bbd526b81091ea7a378916f33d903a2a75be457bc93245b422c2f599fa1dc93,u9c48-j.svg,
CE-003670,鱈,準1級,親字,https://www.kanjipedia.jp/common/images/kanji/180/std_9C48.png,u9c48,unicode_exact,13,2bbd526b81091ea7a378916f33d903a2a75be457bc93245b422c2f599fa1dc93,u9c48.svg,
CE-003702,扇,1/準1級,旧字,https://www.kanjipedia.jp/common/images/kanji/60/pr_6247.png,u6247-ue0100,ivs_exact,3,5554bf04ff41c672a4c6cde0493eff819821c1e6a5c0763c24484311d789b380,u6247-ue0100.svg,
CE-003702,扇,1/準1級,旧字,https://www.kanjipedia.jp/common/images/kanji/60/pr_6247.png,u6247-ue0101,ivs_exact,11,12e97cc1acd464f51a2f443b3a9fd008f8651516b802b747befb34ee971b0fad,u6247-ue0101.svg,
CE-003702,扇,1/準1級,旧字,https://www.kanjipedia.jp/common/images/kanji/60/pr_6247.png,u6247-ue0102,ivs_exact,2,5554bf04ff41c672a4c6cde0493eff819821c1e6a5c0763c24484311d789b380,u6247-ue0102.svg,
CE-003702,扇,1/準1級,旧字,https://www.kanjipedia.jp/common/images/kanji/60/pr_6247.png,u6247-ue0103,ivs_exact,11,12e97cc1acd464f51a2f443b3a9fd008f8651516b802b747befb34ee971b0fad,u6247-ue0103.svg,
CE-003702,扇,1/準1級,旧字,https://www.kanjipedia.jp/common/images/kanji/60/pr_6247.png,u6247-k,collection_id_exact,10,283c3986b8f3fcc1da58a3bd10eb72cb4df549c36ce972b55fa86934a7173362,u6247-k.svg,
CE-003702,扇,1/準1級,旧字,https://www.kanjipedia.jp/common/images/kanji/60/pr_6247.png,u6247-t,collection_id_exact,3,87a9b954a108fecc74862463aa752568d1b3f707aeeda9496518dd9e513e82e0,u6247-t.svg,
CE-003702,扇,1/準1級,旧字,https://www.kanjipedia.jp/common/images/kanji/60/pr_6247.png,u6247-j,collection_id_exact,2,5554bf04ff41c672a4c6cde0493eff819821c1e6a5c0763c24484311d789b380,u6247-j.svg,
CE-003702,扇,1/準1級,旧字,https://www.kanjipedia.jp/common/images/kanji/60/pr_6247.png,u6247,unicode_exact,3,5554bf04ff41c672a4c6cde0493eff819821c1e6a5c0763c24484311d789b380,u6247.svg,
CE-003723,僊,1級,親字,https://www.kanjipedia.jp/common/images/kanji/180/std_50CA.png,u50ca-ue0101,ivs_exact,7,24c70f9437b89e11a00a52cbf47c6f56ce135862d2b655c24aabbaaff9df5991,u50ca-ue0101.svg,
CE-003723,僊,1級,親字,https://www.kanjipedia.jp/common/images/kanji/180/std_50CA.png,u50ca-ue0102,ivs_exact,4,6cd0e42bf06dd56989c09fb585ea2500d019f57ed03124bf714f3955f002b05a,u50ca-ue0102.svg,
CE-003723,僊,1級,親字,https://www.kanjipedia.jp/common/images/kanji/180/std_50CA.png,u50ca-ue0103,ivs_exact,9,61045d283cf522b320829cd52e566ce3a98380c319258d413b717deafdbfeb88,u50ca-ue0103.svg,
CE-003723,僊,1級,親字,https://www.kanjipedia.jp/common/images/kanji/180/std_50CA.png,u50ca-k,collection_id_exact,5,24c70f9437b89e11a00a52cbf47c6f56ce135862d2b655c24aabbaaff9df5991,u50ca-k.svg,
CE-003723,僊,1級,親字,https://www.kanjipedia.jp/common/images/kanji/180/std_50CA.png,u50ca-t,collection_id_exact,4,20983c65e573d2fc34984b577520a70b200749deaeabe470a4cdead76337eb8f,u50ca-t.svg,
CE-003723,僊,1級,親字,https://www.kanjipedia.jp/common/images/kanji/180/std_50CA.png,u50ca-j,collection_id_exact,7,61045d283cf522b320829cd52e566ce3a98380c319258d413b717deafdbfeb88,u50ca-j.svg,
CE-003723,僊,1級,親字,https://www.kanjipedia.jp/common/images/kanji/180/std_50CA.png,u50ca,unicode_exact,12,61045d283cf522b320829cd52e566ce3a98380c319258d413b717deafdbfeb88,u50ca.svg,
CE-003762,選,1/準1級,旧字,https://www.kanjipedia.jp/common/images/kanji/60/pr_9078.png,u9078-ue0100,ivs_exact,9,cfd2aa6ac73d283680bed49dc7f5ec37fab36ae96afada860919cc285fc3cf8f,u9078-ue0100.svg,
CE-003762,選,1/準1級,旧字,https://www.kanjipedia.jp/common/images/kanji/60/pr_9078.png,u9078-ue0101,ivs_exact,11,d0e6961428b4ad34d6b9e810cdcaf4e52f3c1cecf84eebadce7ed309abe0ef5d,u9078-ue0101.svg,
CE-003762,選,1/準1級,旧字,https://www.kanjipedia.jp/common/images/kanji/60/pr_9078.png,u9078-ue0102,ivs_exact,5,cfd2aa6ac73d283680bed49dc7f5ec37fab36ae96afada860919cc285fc3cf8f,u9078-ue0102.svg,
CE-003762,選,1/準1級,旧字,https://www.kanjipedia.jp/common/images/kanji/60/pr_9078.png,u9078-ue0103,ivs_exact,11,3510cd94487b5c56267d5debcf3a31e6b4492e46aa60e775dccd976363e1c503,u9078-ue0103.svg,
CE-003762,選,1/準1級,旧字,https://www.kanjipedia.jp/common/images/kanji/60/pr_9078.png,u9078-k,collection_id_exact,10,d0e6961428b4ad34d6b9e810cdcaf4e52f3c1cecf84eebadce7ed309abe0ef5d,u9078-k.svg,
CE-003762,選,1/準1級,旧字,https://www.kanjipedia.jp/common/images/kanji/60/pr_9078.png,u9078-t,collection_id_exact,6,54f49df5b8edc40a2ad752d1e53007ef380953612b307dd90c0a5f8f5d5423f7,u9078-t.svg,
CE-003762,選,1/準1級,旧字,https://www.kanjipedia.jp/common/images/kanji/60/pr_9078.png,u9078-j,collection_id_exact,4,cfd2aa6ac73d283680bed49dc7f5ec37fab36ae96afada860919cc285fc3cf8f,u9078-j.svg,
CE-003762,選,1/準1級,旧字,https://www.kanjipedia.jp/common/images/kanji/60/pr_9078.png,u9078,unicode_exact,9,cfd2aa6ac73d283680bed49dc7f5ec37fab36ae96afada860919cc285fc3cf8f,u9078.svg,
CE-003764,遷,1/準1級,旧字,https://www.kanjipedia.jp/common/images/kanji/60/pr_9077.png,u9077-ue0100,ivs_exact,10,3142b0b8ce9d8eff3c036cfd385bda82c871452c9d5f5d79713928357c4630ba,u9077-ue0100.svg,
CE-003764,遷,1/準1級,旧字,https://www.kanjipedia.jp/common/images/kanji/60/pr_9077.png,u9077-ue0101,ivs_exact,10,43c0580e7b9b68391c6bb1e092d04f54daaa86a8ef017785cf38ea36bbc497c2,u9077-ue0101.svg,
CE-003764,遷,1/準1級,旧字,https://www.kanjipedia.jp/common/images/kanji/60/pr_9077.png,u9077-ue0102,ivs_exact,8,1e294c5e76b17515f0e6879600002c82e5e2cf2c711477dedb1e3907fb0183af,u9077-ue0102.svg,
CE-003764,遷,1/準1級,旧字,https://www.kanjipedia.jp/common/images/kanji/60/pr_9077.png,u9077-ue0103,ivs_exact,10,2c7654000b024b9e7eb8527e19ec2f3bd446e8ddbc8454b0b08c60dd463ab4d1,u9077-ue0103.svg,
CE-003764,遷,1/準1級,旧字,https://www.kanjipedia.jp/common/images/kanji/60/pr_9077.png,u9077-k,collection_id_exact,7,0726d6008d467a9a1f62e1f39f496f0970a5c91742df04358e75bfd0e2eaa1bc,u9077-k.svg,
CE-003764,遷,1/準1級,旧字,https://www.kanjipedia.jp/common/images/kanji/60/pr_9077.png,u9077-t,collection_id_exact,8,186124ad9b7c26e61c928963f13a4f11ad31732c49d8bb5580feb36c646ee9ab,u9077-t.svg,
CE-003764,遷,1/準1級,旧字,https://www.kanjipedia.jp/common/images/kanji/60/pr_9077.png,u9077-j,collection_id_exact,6,3142b0b8ce9d8eff3c036cfd385bda82c871452c9d5f5d79713928357c4630ba,u9077-j.svg,
CE-003764,遷,1/準1級,旧字,https://www.kanjipedia.jp/common/images/kanji/60/pr_9077.png,u9077,unicode_exact,11,3142b0b8ce9d8eff3c036cfd385bda82c871452c9d5f5d79713928357c4630ba,u9077.svg,
CE-003799,韆,1級,親字,https://www.kanjipedia.jp/common/images/kanji/180/std_97C6.png,u97c6-ue0100,ivs_exact,13,2231b4f5716041506e5d5d18dc883a425c660ffad1185f8ff02bcd6e18101cfc,u97c6-ue0100.svg,
CE-003799,韆,1級,親字,https://www.kanjipedia.jp/common/images/kanji/180/std_97C6.png,u97c6-ue0101,ivs_exact,7,2231b4f5716041506e5d5d18dc883a425c660ffad1185f8ff02bcd6e18101cfc,u97c6-ue0101.svg,
CE-003799,韆,1級,親字,https://www.kanjipedia.jp/common/images/kanji/180/std_97C6.png,u97c6-ue0102,ivs_exact,7,6d63b76d86de435b1adb1165db404b3f6c56d5fd12069466b1ba05e798ee3e41,u97c6-ue0102.svg,
CE-003799,韆,1級,親字,https://www.kanjipedia.jp/common/images/kanji/180/std_97C6.png,u97c6-ue0103,ivs_exact,8,38aaf3a17e9795fa11eec96b00a68a23566616c9458ba9406074ed590e588e7b,u97c6-ue0103.svg,
CE-003799,韆,1級,親字,https://www.kanjipedia.jp/common/images/kanji/180/std_97C6.png,u97c6-k,collection_id_exact,12,2231b4f5716041506e5d5d18dc883a425c660ffad1185f8ff02bcd6e18101cfc,u97c6-k.svg,
CE-003799,韆,1級,親字,https://www.kanjipedia.jp/common/images/kanji/180/std_97C6.png,u97c6-t,collection_id_exact,1,58623686a870c41e580d91ed04ed462c0c42d46bcb0fa9b9b046070618e57c8f,u97c6-t.svg,
CE-003799,韆,1級,親字,https://www.kanjipedia.jp/common/images/kanji/180/std_97C6.png,u97c6-j,collection_id_exact,3,2231b4f5716041506e5d5d18dc883a425c660ffad1185f8ff02bcd6e18101cfc,u97c6-j.svg,
CE-003799,韆,1級,親字,https://www.kanjipedia.jp/common/images/kanji/180/std_97C6.png,u97c6,unicode_exact,15,2231b4f5716041506e5d5d18dc883a425c660ffad1185f8ff02bcd6e18101cfc,u97c6.svg,
CE-003801,冉,1級,親字,https://www.kanjipedia.jp/common/images/kanji/180/std_5189.png,u5189-ue0100,ivs_exact,4,3ec0774047cc28be8968b3ff85913d7f74eefdc37c426e2ac3d0b6114b9121ba,u5189-ue0100.svg,
CE-003801,冉,1級,親字,https://www.kanjipedia.jp/common/images/kanji/180/std_5189.png,u5189-ue0101,ivs_exact,6,c1dedbd75888851f98b59740f57789328c26c53ae31e0a19b8f7da67832da2e1,u5189-ue0101.svg,
CE-003801,冉,1級,親字,https://www.kanjipedia.jp/common/images/kanji/180/std_5189.png,u5189-ue0102,ivs_exact,4,3ec0774047cc28be8968b3ff85913d7f74eefdc37c426e2ac3d0b6114b9121ba,u5189-ue0102.svg,
CE-003801,冉,1級,親字,https://www.kanjipedia.jp/common/images/kanji/180/std_5189.png,u5189-ue0103,ivs_exact,6,c1dedbd75888851f98b59740f57789328c26c53ae31e0a19b8f7da67832da2e1,u5189-ue0103.svg,
CE-003801,冉,1級,親字,https://www.kanjipedia.jp/common/images/kanji/180/std_5189.png,u5189-k,collection_id_exact,6,c1dedbd75888851f98b59740f57789328c26c53ae31e0a19b8f7da67832da2e1,u5189-k.svg,
CE-003801,冉,1級,親字,https://www.kanjipedia.jp/common/images/kanji/180/std_5189.png,u5189-t,collection_id_exact,3,3ec0774047cc28be8968b3ff85913d7f74eefdc37c426e2ac3d0b6114b9121ba,u5189-t.svg,
CE-003801,冉,1級,親字,https://www.kanjipedia.jp/common/images/kanji/180/std_5189.png,u5189-j,collection_id_exact,3,3ec0774047cc28be8968b3ff85913d7f74eefdc37c426e2ac3d0b6114b9121ba,u5189-j.svg,
CE-003801,冉,1級,親字,https://www.kanjipedia.jp/common/images/kanji/180/std_5189.png,u5189,unicode_exact,4,3ec0774047cc28be8968b3ff85913d7f74eefdc37c426e2ac3d0b6114b9121ba,u5189.svg,
CE-003804,全,1/準1級,旧字,https://www.kanjipedia.jp/common/images/kanji/60/skj_80A6.png,u5168-ue0100,ivs_exact,6,0740e9db98cd9eb41ccee19735f9d3a061c5590ac30f9da44893039ae3209dca,u5168-ue0100.svg,
CE-003804,全,1/準1級,旧字,https://www.kanjipedia.jp/common/images/kanji/60/skj_80A6.png,u5168-ue0101,ivs_exact,10,0b6fdef559473af9d6ecd6f17dd93821be816f9f24bb39b7d341b5e0b4cd3f37,u5168-ue0101.svg,
CE-003804,全,1/準1級,旧字,https://www.kanjipedia.jp/common/images/kanji/60/skj_80A6.png,u5168-ue0102,ivs_exact,8,5f7941557574de3e957020768299c353e38438f37d97a1f0f5aa16d86e366e2b,u5168-ue0102.svg,
CE-003804,全,1/準1級,旧字,https://www.kanjipedia.jp/common/images/kanji/60/skj_80A6.png,u5168-ue0103,ivs_exact,9,14cf465b6bf4b5e36e853588a2c90d48f9df6b60646ef12161e6d98894efe63c,u5168-ue0103.svg,
CE-003804,全,1/準1級,旧字,https://www.kanjipedia.jp/common/images/kanji/60/skj_80A6.png,u5168-k,collection_id_exact,8,14cf465b6bf4b5e36e853588a2c90d48f9df6b60646ef12161e6d98894efe63c,u5168-k.svg,
CE-003804,全,1/準1級,旧字,https://www.kanjipedia.jp/common/images/kanji/60/skj_80A6.png,u5168-t,collection_id_exact,9,f78b49e1681b6d01ad06a4afd945ab52da40c9863b6f6c89662938ed485cb4e7,u5168-t.svg,
CE-003804,全,1/準1級,旧字,https://www.kanjipedia.jp/common/images/kanji/60/skj_80A6.png,u5168-j,collection_id_exact,5,0740e9db98cd9eb41ccee19735f9d3a061c5590ac30f9da44893039ae3209dca,u5168-j.svg,
CE-003804,全,1/準1級,旧字,https://www.kanjipedia.jp/common/images/kanji/60/skj_80A6.png,u5168,unicode_exact,6,0740e9db98cd9eb41ccee19735f9d3a061c5590ac30f9da44893039ae3209dca,u5168.svg,
CE-003805,苒,準1級,親字,https://www.kanjipedia.jp/common/images/kanji/180/std_82D2.png,u82d2-ue0100,ivs_exact,12,1089d3dfdc4389e081a4ae3b3d840be8e5f900f1575928174407537a68743d48,u82d2-ue0100.svg,
CE-003805,苒,準1級,親字,https://www.kanjipedia.jp/common/images/kanji/180/std_82D2.png,u82d2-ue0101,ivs_exact,10,d1255e3c6725b1d02b9a2899871b016e9b8e849ab3688954b8520103bb3cab0a,u82d2-ue0101.svg,
CE-003805,苒,準1級,親字,https://www.kanjipedia.jp/common/images/kanji/180/std_82D2.png,u82d2-ue0102,ivs_exact,8,1089d3dfdc4389e081a4ae3b3d840be8e5f900f1575928174407537a68743d48,u82d2-ue0102.svg,
CE-003805,苒,準1級,親字,https://www.kanjipedia.jp/common/images/kanji/180/std_82D2.png,u82d2-ue0103,ivs_exact,12,dfb26a9a37ab0c0bb4312039a107883c5b9a867414917a90910307492e884d81,u82d2-ue0103.svg,
CE-003805,苒,準1級,親字,https://www.kanjipedia.jp/common/images/kanji/180/std_82D2.png,u82d2-k,collection_id_exact,7,2e11a49429f8812488a97ce9c2df015d50c7cffd2ce309f1e501c4e643fe9a75,u82d2-k.svg,
CE-003805,苒,準1級,親字,https://www.kanjipedia.jp/common/images/kanji/180/std_82D2.png,u82d2-t,collection_id_exact,3,e757a53781ef9f748f4a6c17942749f23686daa79539ce917ea45d5f8fc520ef,u82d2-t.svg,
CE-003805,苒,準1級,親字,https://www.kanjipedia.jp/common/images/kanji/180/std_82D2.png,u82d2-j,collection_id_exact,5,1089d3dfdc4389e081a4ae3b3d840be8e5f900f1575928174407537a68743d48,u82d2-j.svg,
CE-003805,苒,準1級,親字,https://www.kanjipedia.jp/common/images/kanji/180/std_82D2.png,u82d2,unicode_exact,12,1089d3dfdc4389e081a4ae3b3d840be8e5f900f1575928174407537a68743d48,u82d2.svg,
CE-003834,梳,1級,親字,https://www.kanjipedia.jp/common/images/kanji/180/std_68B3.png,u68b3-ue0100,ivs_exact,10,ece42deaea202e828a133ac16996bcd21be60f2ae1b2e44cd5e9be9cff4f0b4b,u68b3-ue0100.svg,
CE-003834,梳,1級,親字,https://www.kanjipedia.jp/common/images/kanji/180/std_68B3.png,u68b3-k,collection_id_exact,6,ece42deaea202e828a133ac16996bcd21be60f2ae1b2e44cd5e9be9cff4f0b4b,u68b3-k.svg,
CE-003834,梳,1級,親字,https://www.kanjipedia.jp/common/images/kanji/180/std_68B3.png,u68b3-j,collection_id_exact,2,ece42deaea202e828a133ac16996bcd21be60f2ae1b2e44cd5e9be9cff4f0b4b,u68b3-j.svg,
CE-003834,梳,1級,親字,https://www.kanjipedia.jp/common/images/kanji/180/std_68B3.png,u68b3,unicode_exact,14,ece42deaea202e828a133ac16996bcd21be60f2ae1b2e44cd5e9be9cff4f0b4b,u68b3.svg,
CE-003852,蔬,1級,親字,https://www.kanjipedia.jp/common/images/kanji/180/std_852C.png,u852c-ue0100,ivs_exact,8,f0f142b4d0ae5ce9905c482c890a5193a2a0ee5c86d8349a1061fa9d0d95084f,u852c-ue0100.svg,
CE-003852,蔬,1級,親字,https://www.kanjipedia.jp/common/images/kanji/180/std_852C.png,u852c-ue0101,ivs_exact,8,f0f142b4d0ae5ce9905c482c890a5193a2a0ee5c86d8349a1061fa9d0d95084f,u852c-ue0101.svg,
CE-003852,蔬,1級,親字,https://www.kanjipedia.jp/common/images/kanji/180/std_852C.png,u852c-ue0102,ivs_exact,8,97e1fdc224f44126c94ea5e79c9b0b1b279b3284f6bdd8640707d3165aa0eac8,u852c-ue0102.svg,
CE-003852,蔬,1級,親字,https://www.kanjipedia.jp/common/images/kanji/180/std_852C.png,u852c-k,collection_id_exact,6,97e1fdc224f44126c94ea5e79c9b0b1b279b3284f6bdd8640707d3165aa0eac8,u852c-k.svg,
CE-003852,蔬,1級,親字,https://www.kanjipedia.jp/common/images/kanji/180/std_852C.png,u852c-t,collection_id_exact,1,04c07680bef57c29fbcd186442a45639c7155801fd7213048ebb041db618d813,u852c-t.svg,
CE-003852,蔬,1級,親字,https://www.kanjipedia.jp/common/images/kanji/180/std_852C.png,u852c-j,collection_id_exact,2,f0f142b4d0ae5ce9905c482c890a5193a2a0ee5c86d8349a1061fa9d0d95084f,u852c-j.svg,
CE-003852,蔬,1級,親字,https://www.kanjipedia.jp/common/images/kanji/180/std_852C.png,u852c,unicode_exact,14,f0f142b4d0ae5ce9905c482c890a5193a2a0ee5c86d8349a1061fa9d0d95084f,u852c.svg,
CE-003880,剏,1級,親字,https://www.kanjipedia.jp/common/images/kanji/180/std_524F.png,u524f-ue0100,ivs_exact,6,0c5ab093a1334d166c2ae2af2be2068b17cb1db99a2adb8c59f77457e21b2d14,u524f-ue0100.svg,
CE-003880,剏,1級,親字,https://www.kanjipedia.jp/common/images/kanji/180/std_524F.png,u524f-ue0101,ivs_exact,3,0c5ab093a1334d166c2ae2af2be2068b17cb1db99a2adb8c59f77457e21b2d14,u524f-ue0101.svg,
CE-003880,剏,1級,親字,https://www.kanjipedia.jp/common/images/kanji/180/std_524F.png,u524f-ue0102,ivs_exact,5,c107d98a914e2cec8e0fcbb89a8fe368a2685afa60058f8a1c601f6c5627b84c,u524f-ue0102.svg,
CE-003880,剏,1級,親字,https://www.kanjipedia.jp/common/images/kanji/180/std_524F.png,u524f-k,collection_id_exact,1,0c5ab093a1334d166c2ae2af2be2068b17cb1db99a2adb8c59f77457e21b2d14,u524f-k.svg,
CE-003880,剏,1級,親字,https://www.kanjipedia.jp/common/images/kanji/180/std_524F.png,u524f-t,collection_id_exact,3,00b58cf3ee416a48285dedd794326eb16683fc84caed7995906e566b068dc5a4,u524f-t.svg,
CE-003880,剏,1級,親字,https://www.kanjipedia.jp/common/images/kanji/180/std_524F.png,u524f-j,collection_id_exact,1,0c5ab093a1334d166c2ae2af2be2068b17cb1db99a2adb8c59f77457e21b2d14,u524f-j.svg,
CE-003880,剏,1級,親字,https://www.kanjipedia.jp/common/images/kanji/180/std_524F.png,u524f,unicode_exact,9,c107d98a914e2cec8e0fcbb89a8fe368a2685afa60058f8a1c601f6c5627b84c,u524f.svg,
CE-003889,荘,1/準1級,旧字,,u8358-ue0100,ivs_exact,11,f5c6b8ed96cd2e1b97a3ab1006df54d652ad6aa36257aa6dffb2c48eb7e90b92,u8358-ue0100.svg,
CE-003889,荘,1/準1級,旧字,,u8358-ue0101,ivs_exact,10,f5c6b8ed96cd2e1b97a3ab1006df54d652ad6aa36257aa6dffb2c48eb7e90b92,u8358-ue0101.svg,
CE-003889,荘,1/準1級,旧字,,u8358-ue0102,ivs_exact,11,2ee30c81b9e138b9d8089d2bb175439a116e23a96339f2451c6ef3a434bc46f1,u8358-ue0102.svg,
CE-003889,荘,1/準1級,旧字,,u8358-t,collection_id_exact,1,1ac50c04e12a7f89f2c8899f16460cd0e9fe55349edc548fe6b1cc9e799521b1,u8358-t.svg,
CE-003889,荘,1/準1級,旧字,,u8358-j,collection_id_exact,4,f5c6b8ed96cd2e1b97a3ab1006df54d652ad6aa36257aa6dffb2c48eb7e90b92,u8358-j.svg,
CE-003889,荘,1/準1級,旧字,,u8358,unicode_exact,15,f5c6b8ed96cd2e1b97a3ab1006df54d652ad6aa36257aa6dffb2c48eb7e90b92,u8358.svg,
CE-003892,送,1/準1級,旧字,https://www.kanjipedia.jp/common/images/kanji/60/pr_9001.png,u9001-ue0100,ivs_exact,13,5489fcb90cbdf2b4a9b566dd029041fce49e8639d6baf7ba791845f24df2246b,u9001-ue0100.svg,
CE-003892,送,1/準1級,旧字,https://www.kanjipedia.jp/common/images/kanji/60/pr_9001.png,u9001-ue0101,ivs_exact,12,e5ccd485f003409e03d617a25bf41aa5f10cb181300d331aeb93aadc70fb64cc,u9001-ue0101.svg,
CE-003892,送,1/準1級,旧字,https://www.kanjipedia.jp/common/images/kanji/60/pr_9001.png,u9001-ue0102,ivs_exact,9,5489fcb90cbdf2b4a9b566dd029041fce49e8639d6baf7ba791845f24df2246b,u9001-ue0102.svg,
CE-003892,送,1/準1級,旧字,https://www.kanjipedia.jp/common/images/kanji/60/pr_9001.png,u9001-ue0103,ivs_exact,6,e5ccd485f003409e03d617a25bf41aa5f10cb181300d331aeb93aadc70fb64cc,u9001-ue0103.svg,
CE-003892,送,1/準1級,旧字,https://www.kanjipedia.jp/common/images/kanji/60/pr_9001.png,u9001-k,collection_id_exact,11,e5ccd485f003409e03d617a25bf41aa5f10cb181300d331aeb93aadc70fb64cc,u9001-k.svg,
CE-003892,送,1/準1級,旧字,https://www.kanjipedia.jp/common/images/kanji/60/pr_9001.png,u9001-t,collection_id_exact,12,920d615661647a23c2062e49ab29a13aa03d6df72602aa4784d5fc8185d23fc2,u9001-t.svg,
CE-003892,送,1/準1級,旧字,https://www.kanjipedia.jp/common/images/kanji/60/pr_9001.png,u9001-j,collection_id_exact,5,5489fcb90cbdf2b4a9b566dd029041fce49e8639d6baf7ba791845f24df2246b,u9001-j.svg,
CE-003892,送,1/準1級,旧字,https://www.kanjipedia.jp/common/images/kanji/60/pr_9001.png,u9001,unicode_exact,14,5489fcb90cbdf2b4a9b566dd029041fce49e8639d6baf7ba791845f24df2246b,u9001.svg,
CE-003912,掃,1/準1級,旧字,https://www.kanjipedia.jp/common/images/kanji/60/pr_6383.png,u6383-ue0100,ivs_exact,9,9745fb9b341cc47dc492eda505e063850af9860d695933ef654178095fa96053,u6383-ue0100.svg,
CE-003912,掃,1/準1級,旧字,https://www.kanjipedia.jp/common/images/kanji/60/pr_6383.png,u6383-ue0101,ivs_exact,5,67efb29b76c779b2f80864fbb0f159c1837593660d82f3c7a4f4b9cb0f2cc6e7,u6383-ue0101.svg,
CE-003912,掃,1/準1級,旧字,https://www.kanjipedia.jp/common/images/kanji/60/pr_6383.png,u6383-ue0102,ivs_exact,7,9745fb9b341cc47dc492eda505e063850af9860d695933ef654178095fa96053,u6383-ue0102.svg,
CE-003912,掃,1/準1級,旧字,https://www.kanjipedia.jp/common/images/kanji/60/pr_6383.png,u6383-ue0103,ivs_exact,3,67efb29b76c779b2f80864fbb0f159c1837593660d82f3c7a4f4b9cb0f2cc6e7,u6383-ue0103.svg,
CE-003912,掃,1/準1級,旧字,https://www.kanjipedia.jp/common/images/kanji/60/pr_6383.png,u6383-k,collection_id_exact,2,67efb29b76c779b2f80864fbb0f159c1837593660d82f3c7a4f4b9cb0f2cc6e7,u6383-k.svg,
CE-003912,掃,1/準1級,旧字,https://www.kanjipedia.jp/common/images/kanji/60/pr_6383.png,u6383-j,collection_id_exact,3,9745fb9b341cc47dc492eda505e063850af9860d695933ef654178095fa96053,u6383-j.svg,
CE-003912,掃,1/準1級,旧字,https://www.kanjipedia.jp/common/images/kanji/60/pr_6383.png,u6383,unicode_exact,9,9745fb9b341cc47dc492eda505e063850af9860d695933ef654178095fa96053,u6383.svg,
CE-003936,嫂,1級,親字,https://www.kanjipedia.jp/common/images/kanji/180/std_5AC2.png,u5ac2-ue0100,ivs_exact,11,4a51c8a23b712b26b653c6d630cb01f9c54ce753bd0397ee92248b48e545aca7,u5ac2-ue0100.svg,
CE-003936,嫂,1級,親字,https://www.kanjipedia.jp/common/images/kanji/180/std_5AC2.png,u5ac2-ue0101,ivs_exact,7,dc85afa006b2df0aa36f4e75f25917f719760c8d73577dc7defc941a54a18c2c,u5ac2-ue0101.svg,
CE-003936,嫂,1級,親字,https://www.kanjipedia.jp/common/images/kanji/180/std_5AC2.png,u5ac2-ue0102,ivs_exact,7,4a51c8a23b712b26b653c6d630cb01f9c54ce753bd0397ee92248b48e545aca7,u5ac2-ue0102.svg,
CE-003936,嫂,1級,親字,https://www.kanjipedia.jp/common/images/kanji/180/std_5AC2.png,u5ac2-ue0103,ivs_exact,7,dc85afa006b2df0aa36f4e75f25917f719760c8d73577dc7defc941a54a18c2c,u5ac2-ue0103.svg,
CE-003936,嫂,1級,親字,https://www.kanjipedia.jp/common/images/kanji/180/std_5AC2.png,u5ac2-k,collection_id_exact,7,4a51c8a23b712b26b653c6d630cb01f9c54ce753bd0397ee92248b48e545aca7,u5ac2-k.svg,
CE-003936,嫂,1級,親字,https://www.kanjipedia.jp/common/images/kanji/180/std_5AC2.png,u5ac2-j,collection_id_exact,4,4a51c8a23b712b26b653c6d630cb01f9c54ce753bd0397ee92248b48e545aca7,u5ac2-j.svg,
CE-003936,嫂,1級,親字,https://www.kanjipedia.jp/common/images/kanji/180/std_5AC2.png,u5ac2,unicode_exact,12,4a51c8a23b712b26b653c6d630cb01f9c54ce753bd0397ee92248b48e545aca7,u5ac2.svg,
CE-003965,遭,1/準1級,旧字,https://www.kanjipedia.jp/common/images/kanji/60/pr_906D.png,u906d-ue0100,ivs_exact,16,36e5525ec6ac4e47e715e6874235eef204f2089ab91b31a0b5d0c19189d65723,u906d-ue0100.svg,
CE-003965,遭,1/準1級,旧字,https://www.kanjipedia.jp/common/images/kanji/60/pr_906D.png,u906d-ue0101,ivs_exact,16,89f543e3dbf2b004b97b6e24d749ee08fa5e415a875931bd7d932f4dc9f0429d,u906d-ue0101.svg,
CE-003965,遭,1/準1級,旧字,https://www.kanjipedia.jp/common/images/kanji/60/pr_906D.png,u906d-ue0102,ivs_exact,9,36e5525ec6ac4e47e715e6874235eef204f2089ab91b31a0b5d0c19189d65723,u906d-ue0102.svg,
CE-003965,遭,1/準1級,旧字,https://www.kanjipedia.jp/common/images/kanji/60/pr_906D.png,u906d-ue0103,ivs_exact,9,89f543e3dbf2b004b97b6e24d749ee08fa5e415a875931bd7d932f4dc9f0429d,u906d-ue0103.svg,
CE-003965,遭,1/準1級,旧字,https://www.kanjipedia.jp/common/images/kanji/60/pr_906D.png,u906d-k,collection_id_exact,13,89f543e3dbf2b004b97b6e24d749ee08fa5e415a875931bd7d932f4dc9f0429d,u906d-k.svg,
CE-003965,遭,1/準1級,旧字,https://www.kanjipedia.jp/common/images/kanji/60/pr_906D.png,u906d-t,collection_id_exact,4,ceea95a8257a66d3c696b00bb8be4f31cea11a32735bc6db2f5b77a9cc7a11bc,u906d-t.svg,
CE-003965,遭,1/準1級,旧字,https://www.kanjipedia.jp/common/images/kanji/60/pr_906D.png,u906d-j,collection_id_exact,5,36e5525ec6ac4e47e715e6874235eef204f2089ab91b31a0b5d0c19189d65723,u906d-j.svg,
CE-003965,遭,1/準1級,旧字,https://www.kanjipedia.jp/common/images/kanji/60/pr_906D.png,u906d,unicode_exact,16,36e5525ec6ac4e47e715e6874235eef204f2089ab91b31a0b5d0c19189d65723,u906d.svg,
CE-004007,造,1/準1級,旧字,https://www.kanjipedia.jp/common/images/kanji/60/pr_9020.png,u9020-ue0100,ivs_exact,20,096a1a59be7a8b708cd453a134711c9e798820d42274b56e573b50a9c44a87a2,u9020-ue0100.svg,
CE-004007,造,1/準1級,旧字,https://www.kanjipedia.jp/common/images/kanji/60/pr_9020.png,u9020-ue0101,ivs_exact,16,fb00a3137c9aeb000ddd9dc9e37e635fe89d2bb111ca38885ffb86c61ebd8152,u9020-ue0101.svg,
CE-004007,造,1/準1級,旧字,https://www.kanjipedia.jp/common/images/kanji/60/pr_9020.png,u9020-ue0102,ivs_exact,13,096a1a59be7a8b708cd453a134711c9e798820d42274b56e573b50a9c44a87a2,u9020-ue0102.svg,
CE-004007,造,1/準1級,旧字,https://www.kanjipedia.jp/common/images/kanji/60/pr_9020.png,u9020-ue0103,ivs_exact,11,fb00a3137c9aeb000ddd9dc9e37e635fe89d2bb111ca38885ffb86c61ebd8152,u9020-ue0103.svg,
CE-004007,造,1/準1級,旧字,https://www.kanjipedia.jp/common/images/kanji/60/pr_9020.png,u9020-k,collection_id_exact,16,14eef0bf5d5453b95ad8b92eb8d5b431e22eb7de54e4b895d7d6a8b450cbdbd1,u9020-k.svg,
CE-004007,造,1/準1級,旧字,https://www.kanjipedia.jp/common/images/kanji/60/pr_9020.png,u9020-t,collection_id_exact,5,d220e2090365c9706267ade26d392f987583bf0c0a59907ce2d2d326406c9efa,u9020-t.svg,
CE-004007,造,1/準1級,旧字,https://www.kanjipedia.jp/common/images/kanji/60/pr_9020.png,u9020-j,collection_id_exact,7,096a1a59be7a8b708cd453a134711c9e798820d42274b56e573b50a9c44a87a2,u9020-j.svg,
CE-004007,造,1/準1級,旧字,https://www.kanjipedia.jp/common/images/kanji/60/pr_9020.png,u9020,unicode_exact,20,096a1a59be7a8b708cd453a134711c9e798820d42274b56e573b50a9c44a87a2,u9020.svg,
CE-004016,蔵,1/準1級,旧字,,u8535-ue0100,ivs_exact,6,641796e9a82ec25908fb20bdf7cd6d6f3ce91598473478660071dbade3e95ef7,u8535-ue0100.svg,
CE-004016,蔵,1/準1級,旧字,,u8535-ue0101,ivs_exact,6,641796e9a82ec25908fb20bdf7cd6d6f3ce91598473478660071dbade3e95ef7,u8535-ue0101.svg,
CE-004016,蔵,1/準1級,旧字,,u8535-ue0102,ivs_exact,5,b4c66e42e65da0fca45505111f628424a69fab55ec357cc95a7ad00400e26b5d,u8535-ue0102.svg,
CE-004016,蔵,1/準1級,旧字,,u8535-k,collection_id_exact,1,89ffe1f722fb327a3a6f561cd373986684651a7424395c3df4c7eafefbc1b189,u8535-k.svg,
CE-004016,蔵,1/準1級,旧字,,u8535-t,collection_id_exact,1,b8caefd757167b75cb3aba1ff252e00331a466c625bdc85679ef04862539874a,u8535-t.svg,
CE-004016,蔵,1/準1級,旧字,,u8535-j,collection_id_exact,3,641796e9a82ec25908fb20bdf7cd6d6f3ce91598473478660071dbade3e95ef7,u8535-j.svg,
CE-004016,蔵,1/準1級,旧字,,u8535,unicode_exact,8,641796e9a82ec25908fb20bdf7cd6d6f3ce91598473478660071dbade3e95ef7,u8535.svg,
CE-004021,臓,1/準1級,旧字,,u81d3-ue0100,ivs_exact,10,3b29ec90c7bf51423a36777dfd8e63990a40a8b53dbb15da2b19ece3404d13f1,u81d3-ue0100.svg,
CE-004021,臓,1/準1級,旧字,,u81d3-j,collection_id_exact,1,3b29ec90c7bf51423a36777dfd8e63990a40a8b53dbb15da2b19ece3404d13f1,u81d3-j.svg,
CE-004021,臓,1/準1級,旧字,,u81d3,unicode_exact,13,3b29ec90c7bf51423a36777dfd8e63990a40a8b53dbb15da2b19ece3404d13f1,u81d3.svg,
CE-004027,即,1/準1級,旧字,https://www.kanjipedia.jp/common/images/kanji/60/skj_80AA.png,u5373-ue0100,ivs_exact,5,6b87f17c281773205a5e65804a57c2aa0f897214ebfd2701c57053afaf97eb55,u5373-ue0100.svg,
CE-004027,即,1/準1級,旧字,https://www.kanjipedia.jp/common/images/kanji/60/skj_80AA.png,u5373-ue0101,ivs_exact,4,6b87f17c281773205a5e65804a57c2aa0f897214ebfd2701c57053afaf97eb55,u5373-ue0101.svg,
CE-004027,即,1/準1級,旧字,https://www.kanjipedia.jp/common/images/kanji/60/skj_80AA.png,u5373-ue0102,ivs_exact,2,b2d66ecd963829e5bcf9a0f1caddef8356ca17a664930b5f0eb53cda428b5789,u5373-ue0102.svg,
CE-004027,即,1/準1級,旧字,https://www.kanjipedia.jp/common/images/kanji/60/skj_80AA.png,u5373-k,collection_id_exact,1,6b87f17c281773205a5e65804a57c2aa0f897214ebfd2701c57053afaf97eb55,u5373-k.svg,
CE-004027,即,1/準1級,旧字,https://www.kanjipedia.jp/common/images/kanji/60/skj_80AA.png,u5373-t,collection_id_exact,1,8552a8646593cc8afa7e24116d61e0244426ee51ef9588bec691449d2abd5cf7,u5373-t.svg,
CE-004027,即,1/準1級,旧字,https://www.kanjipedia.jp/common/images/kanji/60/skj_80AA.png,u5373-j,collection_id_exact,3,6b87f17c281773205a5e65804a57c2aa0f897214ebfd2701c57053afaf97eb55,u5373-j.svg,
CE-004027,即,1/準1級,旧字,https://www.kanjipedia.jp/common/images/kanji/60/skj_80AA.png,u5373,unicode_exact,8,6b87f17c281773205a5e65804a57c2aa0f897214ebfd2701c57053afaf97eb55,u5373.svg,
CE-004035,速,1/準1級,旧字,https://www.kanjipedia.jp/common/images/kanji/60/pr_901F.png,u901f-ue0100,ivs_exact,14,2a2381479e8de8661962baa37c696a1aceaad12403a975578881f00cae29f2c8,u901f-ue0100.svg,
CE-004035,速,1/準1級,旧字,https://www.kanjipedia.jp/common/images/kanji/60/pr_901F.png,u901f-ue0101,ivs_exact,11,5774aff4e733b6273660f464e9383dff86919aa844d5d1d9865896832a27f312,u901f-ue0101.svg,
CE-004035,速,1/準1級,旧字,https://www.kanjipedia.jp/common/images/kanji/60/pr_901F.png,u901f-ue0102,ivs_exact,11,2a2381479e8de8661962baa37c696a1aceaad12403a975578881f00cae29f2c8,u901f-ue0102.svg,
CE-004035,速,1/準1級,旧字,https://www.kanjipedia.jp/common/images/kanji/60/pr_901F.png,u901f-ue0103,ivs_exact,6,5774aff4e733b6273660f464e9383dff86919aa844d5d1d9865896832a27f312,u901f-ue0103.svg,
CE-004035,速,1/準1級,旧字,https://www.kanjipedia.jp/common/images/kanji/60/pr_901F.png,u901f-k,collection_id_exact,10,5774aff4e733b6273660f464e9383dff86919aa844d5d1d9865896832a27f312,u901f-k.svg,
CE-004035,速,1/準1級,旧字,https://www.kanjipedia.jp/common/images/kanji/60/pr_901F.png,u901f-t,collection_id_exact,9,1ceaca35ffe02964c117672f165639c460133a01c9276a67e0f99b7b9218cbdd,u901f-t.svg,
CE-004035,速,1/準1級,旧字,https://www.kanjipedia.jp/common/images/kanji/60/pr_901F.png,u901f-j,collection_id_exact,10,2a2381479e8de8661962baa37c696a1aceaad12403a975578881f00cae29f2c8,u901f-j.svg,
CE-004035,速,1/準1級,旧字,https://www.kanjipedia.jp/common/images/kanji/60/pr_901F.png,u901f,unicode_exact,15,2a2381479e8de8661962baa37c696a1aceaad12403a975578881f00cae29f2c8,u901f.svg,
CE-004063,尊,1/準1級,旧字,https://www.kanjipedia.jp/common/images/kanji/60/pr_5C0A.png,u5c0a-ue0100,ivs_exact,8,7aa4d05d684f3a8e14c51b0030fde7eac4889650d660851f3d075636d8729f66,u5c0a-ue0100.svg,
CE-004063,尊,1/準1級,旧字,https://www.kanjipedia.jp/common/images/kanji/60/pr_5C0A.png,u5c0a-ue0101,ivs_exact,12,edde9c90d502db30f22208828279b8c236098a14e1d4239c9430f4bdd6f57ec4,u5c0a-ue0101.svg,
CE-004063,尊,1/準1級,旧字,https://www.kanjipedia.jp/common/images/kanji/60/pr_5C0A.png,u5c0a-ue0102,ivs_exact,11,a9b389a33ec47442e1110b5e73a83510631b528e7fbba1dd95f5e84991db0244,u5c0a-ue0102.svg,
CE-004063,尊,1/準1級,旧字,https://www.kanjipedia.jp/common/images/kanji/60/pr_5C0A.png,u5c0a-ue0103,ivs_exact,8,7aa4d05d684f3a8e14c51b0030fde7eac4889650d660851f3d075636d8729f66,u5c0a-ue0103.svg,
CE-004063,尊,1/準1級,旧字,https://www.kanjipedia.jp/common/images/kanji/60/pr_5C0A.png,u5c0a-k,collection_id_exact,13,12b587279b954baf879e4c3b4084a118af2fb7c257b10213ff6c5af47ec09c2c,u5c0a-k.svg,
CE-004063,尊,1/準1級,旧字,https://www.kanjipedia.jp/common/images/kanji/60/pr_5C0A.png,u5c0a-t,collection_id_exact,2,ab4a6efcd20d4d52c516f23bad70382441b2b76b7ad174943c5539e60b4a2020,u5c0a-t.svg,
CE-004063,尊,1/準1級,旧字,https://www.kanjipedia.jp/common/images/kanji/60/pr_5C0A.png,u5c0a-j,collection_id_exact,5,f68aeafc4a4e35bcfc59479a16f15f8b8c2610626829c9f313060652b4492459,u5c0a-j.svg,
CE-004063,尊,1/準1級,旧字,https://www.kanjipedia.jp/common/images/kanji/60/pr_5C0A.png,u5c0a,unicode_exact,8,7aa4d05d684f3a8e14c51b0030fde7eac4889650d660851f3d075636d8729f66,u5c0a.svg,
CE-004065,巽,1/準1級,旧字,https://www.kanjipedia.jp/common/images/kanji/60/pr_2F884.png,u5dfd-ue0100,ivs_exact,4,f37137cb41695a0f04ad0007d09f514e8b4487208bedf29c2dd1a0788d158bfe,u5dfd-ue0100.svg,
CE-004065,巽,1/準1級,旧字,https://www.kanjipedia.jp/common/images/kanji/60/pr_2F884.png,u5dfd-ue0101,ivs_exact,2,33feaea04b83f09e3dbbbe88e934970f8b0fcf178f938d4a181a264207168a00,u5dfd-ue0101.svg,
CE-004065,巽,1/準1級,旧字,https://www.kanjipedia.jp/common/images/kanji/60/pr_2F884.png,u5dfd-ue0102,ivs_exact,2,33feaea04b83f09e3dbbbe88e934970f8b0fcf178f938d4a181a264207168a00,u5dfd-ue0102.svg,
CE-004065,巽,1/準1級,旧字,https://www.kanjipedia.jp/common/images/kanji/60/pr_2F884.png,u5dfd-ue0103,ivs_exact,4,f37137cb41695a0f04ad0007d09f514e8b4487208bedf29c2dd1a0788d158bfe,u5dfd-ue0103.svg,
CE-004065,巽,1/準1級,旧字,https://www.kanjipedia.jp/common/images/kanji/60/pr_2F884.png,u5dfd-k,collection_id_exact,4,f37137cb41695a0f04ad0007d09f514e8b4487208bedf29c2dd1a0788d158bfe,u5dfd-k.svg,
CE-004065,巽,1/準1級,旧字,https://www.kanjipedia.jp/common/images/kanji/60/pr_2F884.png,u5dfd-t,collection_id_exact,8,f734a1a272f4afc14e841e6561e12f936dff65e659699358b35e54da9b887a98,u5dfd-t.svg,
CE-004065,巽,1/準1級,旧字,https://www.kanjipedia.jp/common/images/kanji/60/pr_2F884.png,u5dfd-j,collection_id_exact,2,33feaea04b83f09e3dbbbe88e934970f8b0fcf178f938d4a181a264207168a00,u5dfd-j.svg,
CE-004065,巽,1/準1級,旧字,https://www.kanjipedia.jp/common/images/kanji/60/pr_2F884.png,u5dfd,unicode_exact,2,33feaea04b83f09e3dbbbe88e934970f8b0fcf178f938d4a181a264207168a00,u5dfd.svg,
CE-004094,娜,1級,親字,https://www.kanjipedia.jp/common/images/kanji/180/std_5A1C.png,u5a1c-ue0100,ivs_exact,16,90b5724c5278cf37688cbb2a12b70f99a5aabdf9743ac91d69650dde748e9245,u5a1c-ue0100.svg,
CE-004094,娜,1級,親字,https://www.kanjipedia.jp/common/images/kanji/180/std_5A1C.png,u5a1c-ue0101,ivs_exact,15,a5e5a537bd8cff5700befc32158cf5529d1f30cc26aeb928523d07bb2eae9edb,u5a1c-ue0101.svg,
CE-004094,娜,1級,親字,https://www.kanjipedia.jp/common/images/kanji/180/std_5A1C.png,u5a1c-ue0102,ivs_exact,12,90b5724c5278cf37688cbb2a12b70f99a5aabdf9743ac91d69650dde748e9245,u5a1c-ue0102.svg,
CE-004094,娜,1級,親字,https://www.kanjipedia.jp/common/images/kanji/180/std_5A1C.png,u5a1c-ue0103,ivs_exact,13,a5e5a537bd8cff5700befc32158cf5529d1f30cc26aeb928523d07bb2eae9edb,u5a1c-ue0103.svg,
CE-004094,娜,1級,親字,https://www.kanjipedia.jp/common/images/kanji/180/std_5A1C.png,u5a1c-k,collection_id_exact,10,a5e5a537bd8cff5700befc32158cf5529d1f30cc26aeb928523d07bb2eae9edb,u5a1c-k.svg,
CE-004094,娜,1級,親字,https://www.kanjipedia.jp/common/images/kanji/180/std_5A1C.png,u5a1c-t,collection_id_exact,2,742970b0410e02febe0cb8f4af4db80769d8cbe4fe7905514994dee5b4f4534f,u5a1c-t.svg,
CE-004094,娜,1級,親字,https://www.kanjipedia.jp/common/images/kanji/180/std_5A1C.png,u5a1c-j,collection_id_exact,7,90b5724c5278cf37688cbb2a12b70f99a5aabdf9743ac91d69650dde748e9245,u5a1c-j.svg,
CE-004094,娜,1級,親字,https://www.kanjipedia.jp/common/images/kanji/180/std_5A1C.png,u5a1c,unicode_exact,19,90b5724c5278cf37688cbb2a12b70f99a5aabdf9743ac91d69650dde748e9245,u5a1c.svg,
CE-004099,梛,1級,親字,https://www.kanjipedia.jp/common/images/kanji/180/std_689B.png,u689b-ue0100,ivs_exact,12,20b8f69f1886aead65c6f206b1eef9b36c9b98e4ff982cda7e842a5bfdbedc5d,u689b-ue0100.svg,
CE-004099,梛,1級,親字,https://www.kanjipedia.jp/common/images/kanji/180/std_689B.png,u689b-ue0101,ivs_exact,13,6e57d78b21dff57947829aed44df231ff2c72c3efdc763688421758632f3a245,u689b-ue0101.svg,
CE-004099,梛,1級,親字,https://www.kanjipedia.jp/common/images/kanji/180/std_689B.png,u689b-ue0102,ivs_exact,7,20b8f69f1886aead65c6f206b1eef9b36c9b98e4ff982cda7e842a5bfdbedc5d,u689b-ue0102.svg,
CE-004099,梛,1級,親字,https://www.kanjipedia.jp/common/images/kanji/180/std_689B.png,u689b-ue0103,ivs_exact,10,6e57d78b21dff57947829aed44df231ff2c72c3efdc763688421758632f3a245,u689b-ue0103.svg,
CE-004099,梛,1級,親字,https://www.kanjipedia.jp/common/images/kanji/180/std_689B.png,u689b,unicode_exact,15,20b8f69f1886aead65c6f206b1eef9b36c9b98e4ff982cda7e842a5bfdbedc5d,u689b.svg,
CE-004126,退,1/準1級,旧字,https://www.kanjipedia.jp/common/images/kanji/60/pr_9000.png,u9000-ue0100,ivs_exact,12,a2ba8aecb1ceaaffd82a1bccc72e84a512e1a640e8d5fd9a81388441cc828a40,u9000-ue0100.svg,
CE-004126,退,1/準1級,旧字,https://www.kanjipedia.jp/common/images/kanji/60/pr_9000.png,u9000-ue0101,ivs_exact,8,fdad1d33f2d0e61fcddf43fc5d6052e9f710bce6ba2b1c68dac94d26efa50248,u9000-ue0101.svg,
CE-004126,退,1/準1級,旧字,https://www.kanjipedia.jp/common/images/kanji/60/pr_9000.png,u9000-ue0102,ivs_exact,8,a2ba8aecb1ceaaffd82a1bccc72e84a512e1a640e8d5fd9a81388441cc828a40,u9000-ue0102.svg,
CE-004126,退,1/準1級,旧字,https://www.kanjipedia.jp/common/images/kanji/60/pr_9000.png,u9000-ue0103,ivs_exact,5,c57cefba240ae41d7b03142696f543cba46bb90b304c167b3ce23637cebf6f5b,u9000-ue0103.svg,
CE-004126,退,1/準1級,旧字,https://www.kanjipedia.jp/common/images/kanji/60/pr_9000.png,u9000-k,collection_id_exact,7,fdad1d33f2d0e61fcddf43fc5d6052e9f710bce6ba2b1c68dac94d26efa50248,u9000-k.svg,
CE-004126,退,1/準1級,旧字,https://www.kanjipedia.jp/common/images/kanji/60/pr_9000.png,u9000-t,collection_id_exact,3,6396d66cc311e8a0804a00c44e1949e59857982931dcb2f20a2e10ab465e2b93,u9000-t.svg,
CE-004126,退,1/準1級,旧字,https://www.kanjipedia.jp/common/images/kanji/60/pr_9000.png,u9000-j,collection_id_exact,5,a2ba8aecb1ceaaffd82a1bccc72e84a512e1a640e8d5fd9a81388441cc828a40,u9000-j.svg,
CE-004126,退,1/準1級,旧字,https://www.kanjipedia.jp/common/images/kanji/60/pr_9000.png,u9000,unicode_exact,13,a2ba8aecb1ceaaffd82a1bccc72e84a512e1a640e8d5fd9a81388441cc828a40,u9000.svg,
CE-004134,逮,1/準1級,旧字,https://www.kanjipedia.jp/common/images/kanji/60/pr_902E.png,u902e-ue0100,ivs_exact,10,86f4934d6ec06a1b400ac55e2b94819fc3fec583bb9ff6f69506e73a9e47b9ee,u902e-ue0100.svg,
CE-004134,逮,1/準1級,旧字,https://www.kanjipedia.jp/common/images/kanji/60/pr_902E.png,u902e-ue0101,ivs_exact,8,b771383dd0fcfda3f6f773cfa4a45ac567449e09dc7763e992d60dfac37865ed,u902e-ue0101.svg,
CE-004134,逮,1/準1級,旧字,https://www.kanjipedia.jp/common/images/kanji/60/pr_902E.png,u902e-ue0102,ivs_exact,6,86f4934d6ec06a1b400ac55e2b94819fc3fec583bb9ff6f69506e73a9e47b9ee,u902e-ue0102.svg,
CE-004134,逮,1/準1級,旧字,https://www.kanjipedia.jp/common/images/kanji/60/pr_902E.png,u902e-ue0103,ivs_exact,5,b771383dd0fcfda3f6f773cfa4a45ac567449e09dc7763e992d60dfac37865ed,u902e-ue0103.svg,
CE-004134,逮,1/準1級,旧字,https://www.kanjipedia.jp/common/images/kanji/60/pr_902E.png,u902e-k,collection_id_exact,7,b771383dd0fcfda3f6f773cfa4a45ac567449e09dc7763e992d60dfac37865ed,u902e-k.svg,
CE-004134,逮,1/準1級,旧字,https://www.kanjipedia.jp/common/images/kanji/60/pr_902E.png,u902e-t,collection_id_exact,4,96d252c0bf0a2cd3108efed91d93fc696b7d2d0e35ba815844d717144ba6d44a,u902e-t.svg,
CE-004134,逮,1/準1級,旧字,https://www.kanjipedia.jp/common/images/kanji/60/pr_902E.png,u902e,unicode_exact,13,86f4934d6ec06a1b400ac55e2b94819fc3fec583bb9ff6f69506e73a9e47b9ee,u902e.svg,
CE-004139,隊,1/準1級,旧字,https://www.kanjipedia.jp/common/images/kanji/60/pr_968A.png,u968a-ue0100,ivs_exact,8,517c59e5c31aacc464e0fa0f9ddfa0a43fde938da3aa4618fa5673c79ab0af2e,u968a-ue0100.svg,
CE-004139,隊,1/準1級,旧字,https://www.kanjipedia.jp/common/images/kanji/60/pr_968A.png,u968a-ue0101,ivs_exact,12,c38d417d10d62d7c1ff820a38dd669468112b39ec1fcf3c290d435da020f65af,u968a-ue0101.svg,
CE-004139,隊,1/準1級,旧字,https://www.kanjipedia.jp/common/images/kanji/60/pr_968A.png,u968a-ue0102,ivs_exact,5,517c59e5c31aacc464e0fa0f9ddfa0a43fde938da3aa4618fa5673c79ab0af2e,u968a-ue0102.svg,
CE-004139,隊,1/準1級,旧字,https://www.kanjipedia.jp/common/images/kanji/60/pr_968A.png,u968a-ue0103,ivs_exact,4,aec5483fd0b098719af36a7707dc355b2b81ca9b13ced23563ecfa838630398e,u968a-ue0103.svg,
CE-004139,隊,1/準1級,旧字,https://www.kanjipedia.jp/common/images/kanji/60/pr_968A.png,u968a-k,collection_id_exact,10,c38d417d10d62d7c1ff820a38dd669468112b39ec1fcf3c290d435da020f65af,u968a-k.svg,
CE-004139,隊,1/準1級,旧字,https://www.kanjipedia.jp/common/images/kanji/60/pr_968A.png,u968a-t,collection_id_exact,4,0193c913ef789b1e512a7759e85c012134b70f904b06592c69aa37e81914d5af,u968a-t.svg,
CE-004139,隊,1/準1級,旧字,https://www.kanjipedia.jp/common/images/kanji/60/pr_968A.png,u968a-j,collection_id_exact,2,517c59e5c31aacc464e0fa0f9ddfa0a43fde938da3aa4618fa5673c79ab0af2e,u968a-j.svg,
CE-004139,隊,1/準1級,旧字,https://www.kanjipedia.jp/common/images/kanji/60/pr_968A.png,u968a,unicode_exact,9,517c59e5c31aacc464e0fa0f9ddfa0a43fde938da3aa4618fa5673c79ab0af2e,u968a.svg,
CE-004157,黛,1/準1級,旧字,https://www.kanjipedia.jp/common/images/kanji/60/pr_9EDB.png,u9edb-ue0100,ivs_exact,5,b86b0b5e527391b1b9dffcd18ab3c32bd5f10837b73c1575567873b05b5d2e47,u9edb-ue0100.svg,
CE-004157,黛,1/準1級,旧字,https://www.kanjipedia.jp/common/images/kanji/60/pr_9EDB.png,u9edb-ue0101,ivs_exact,4,803a588a991e725aae234d3751b43395f72b7d6d2524917654dc4ded352d5fde,u9edb-ue0101.svg,
CE-004157,黛,1/準1級,旧字,https://www.kanjipedia.jp/common/images/kanji/60/pr_9EDB.png,u9edb-ue0102,ivs_exact,5,b86b0b5e527391b1b9dffcd18ab3c32bd5f10837b73c1575567873b05b5d2e47,u9edb-ue0102.svg,
CE-004157,黛,1/準1級,旧字,https://www.kanjipedia.jp/common/images/kanji/60/pr_9EDB.png,u9edb-ue0103,ivs_exact,3,803a588a991e725aae234d3751b43395f72b7d6d2524917654dc4ded352d5fde,u9edb-ue0103.svg,
CE-004157,黛,1/準1級,旧字,https://www.kanjipedia.jp/common/images/kanji/60/pr_9EDB.png,u9edb-k,collection_id_exact,4,803a588a991e725aae234d3751b43395f72b7d6d2524917654dc4ded352d5fde,u9edb-k.svg,
CE-004157,黛,1/準1級,旧字,https://www.kanjipedia.jp/common/images/kanji/60/pr_9EDB.png,u9edb-j,collection_id_exact,1,b86b0b5e527391b1b9dffcd18ab3c32bd5f10837b73c1575567873b05b5d2e47,u9edb-j.svg,
CE-004157,黛,1/準1級,旧字,https://www.kanjipedia.jp/common/images/kanji/60/pr_9EDB.png,u9edb,unicode_exact,5,b86b0b5e527391b1b9dffcd18ab3c32bd5f10837b73c1575567873b05b5d2e47,u9edb.svg,
CE-004190,啄,1/準1級,旧字,https://www.kanjipedia.jp/common/images/kanji/60/pr_5544.png,u5544-ue0100,ivs_exact,13,d0c59beede14424270ae06f2b49f1f3320c731bbf8f4e9dc528e4cc038e16609,u5544-ue0100.svg,
CE-004190,啄,1/準1級,旧字,https://www.kanjipedia.jp/common/images/kanji/60/pr_5544.png,u5544-ue0101,ivs_exact,14,668a781f43e19231392e7591e787acb362d8bcdd3a10e85d5df3fb95a3cf1852,u5544-ue0101.svg,
CE-004190,啄,1/準1級,旧字,https://www.kanjipedia.jp/common/images/kanji/60/pr_5544.png,u5544-ue0102,ivs_exact,11,d0c59beede14424270ae06f2b49f1f3320c731bbf8f4e9dc528e4cc038e16609,u5544-ue0102.svg,
CE-004190,啄,1/準1級,旧字,https://www.kanjipedia.jp/common/images/kanji/60/pr_5544.png,u5544-ue0103,ivs_exact,10,cc9a3a15a338e52f6564f1d80e0b46b7baf5a02340c4b973eee5c1d4a9fb9a6f,u5544-ue0103.svg,
CE-004190,啄,1/準1級,旧字,https://www.kanjipedia.jp/common/images/kanji/60/pr_5544.png,u5544-k,collection_id_exact,10,cc9a3a15a338e52f6564f1d80e0b46b7baf5a02340c4b973eee5c1d4a9fb9a6f,u5544-k.svg,
CE-004190,啄,1/準1級,旧字,https://www.kanjipedia.jp/common/images/kanji/60/pr_5544.png,u5544-t,collection_id_exact,3,adf5f47679e3ee906293179dc708a2d4596e6c166f571429c9aed43ea116a026,u5544-t.svg,
CE-004190,啄,1/準1級,旧字,https://www.kanjipedia.jp/common/images/kanji/60/pr_5544.png,u5544-j,collection_id_exact,6,d0c59beede14424270ae06f2b49f1f3320c731bbf8f4e9dc528e4cc038e16609,u5544-j.svg,
CE-004190,啄,1/準1級,旧字,https://www.kanjipedia.jp/common/images/kanji/60/pr_5544.png,u5544,unicode_exact,13,d0c59beede14424270ae06f2b49f1f3320c731bbf8f4e9dc528e4cc038e16609,u5544.svg,
CE-004195,磔,1級,親字,https://www.kanjipedia.jp/common/images/kanji/180/std_78D4.png,u78d4-ue0100,ivs_exact,6,a6170834187a1ca8a608cc2ee8a0a7c6800cabdc9cd7984c7578883582054fc0,u78d4-ue0100.svg,
CE-004195,磔,1級,親字,https://www.kanjipedia.jp/common/images/kanji/180/std_78D4.png,u78d4-ue0101,ivs_exact,7,b0c0fab321229022ff7445c9b3e0631a4605bd3cc0e92619590dd4c2dcae0e42,u78d4-ue0101.svg,
CE-004195,磔,1級,親字,https://www.kanjipedia.jp/common/images/kanji/180/std_78D4.png,u78d4-ue0102,ivs_exact,4,a6170834187a1ca8a608cc2ee8a0a7c6800cabdc9cd7984c7578883582054fc0,u78d4-ue0102.svg,
CE-004195,磔,1級,親字,https://www.kanjipedia.jp/common/images/kanji/180/std_78D4.png,u78d4-ue0103,ivs_exact,4,35c5b1cca65137e4f9443c83a472122fa55ba93c373486cfebf53243d57c770c,u78d4-ue0103.svg,
CE-004195,磔,1級,親字,https://www.kanjipedia.jp/common/images/kanji/180/std_78D4.png,u78d4,unicode_exact,7,a6170834187a1ca8a608cc2ee8a0a7c6800cabdc9cd7984c7578883582054fc0,u78d4.svg,
CE-004210,達,1/準1級,旧字,https://www.kanjipedia.jp/common/images/kanji/60/pr_9039.png,u9054-ue0100,ivs_exact,15,b23cf131413f33ae1a3fe2a74d3311849a62d5bde76abf17059a732021bf15a8,u9054-ue0100.svg,
CE-004210,達,1/準1級,旧字,https://www.kanjipedia.jp/common/images/kanji/60/pr_9039.png,u9054-ue0101,ivs_exact,11,34d86c8372a19dd1dd9054441d23b4013b9bc4a0cb06b6a0ea4f6039f7a11632,u9054-ue0101.svg,
CE-004210,達,1/準1級,旧字,https://www.kanjipedia.jp/common/images/kanji/60/pr_9039.png,u9054-ue0102,ivs_exact,11,b23cf131413f33ae1a3fe2a74d3311849a62d5bde76abf17059a732021bf15a8,u9054-ue0102.svg,
CE-004210,達,1/準1級,旧字,https://www.kanjipedia.jp/common/images/kanji/60/pr_9039.png,u9054-ue0103,ivs_exact,7,34d86c8372a19dd1dd9054441d23b4013b9bc4a0cb06b6a0ea4f6039f7a11632,u9054-ue0103.svg,
CE-004210,達,1/準1級,旧字,https://www.kanjipedia.jp/common/images/kanji/60/pr_9039.png,u9054-k,collection_id_exact,10,34d86c8372a19dd1dd9054441d23b4013b9bc4a0cb06b6a0ea4f6039f7a11632,u9054-k.svg,
CE-004210,達,1/準1級,旧字,https://www.kanjipedia.jp/common/images/kanji/60/pr_9039.png,u9054-t,collection_id_exact,11,412358d29bd55f3ab93e0dc2cd4ef3d19656bbf4543026ca52742a9b8d61fa41,u9054-t.svg,
CE-004210,達,1/準1級,旧字,https://www.kanjipedia.jp/common/images/kanji/60/pr_9039.png,u9054-j,collection_id_exact,6,b23cf131413f33ae1a3fe2a74d3311849a62d5bde76abf17059a732021bf15a8,u9054-j.svg,
CE-004210,達,1/準1級,旧字,https://www.kanjipedia.jp/common/images/kanji/60/pr_9039.png,u9054,unicode_exact,16,b23cf131413f33ae1a3fe2a74d3311849a62d5bde76abf17059a732021bf15a8,u9054.svg,
CE-004218,脱,1/準1級,旧字,https://www.kanjipedia.jp/common/images/kanji/60/pr_812B.png,u8131-ue0100,ivs_exact,10,f03a00ec563b5335bec551e2944d8184a17158b4c3479daf46102d799bc31654,u8131-ue0100.svg,
CE-004218,脱,1/準1級,旧字,https://www.kanjipedia.jp/common/images/kanji/60/pr_812B.png,u8131-t,collection_id_exact,1,f723a09685f0ff8e754e712fa4a94362c5968de4adc0c00d8a284797baa80ad8,u8131-t.svg,
CE-004218,脱,1/準1級,旧字,https://www.kanjipedia.jp/common/images/kanji/60/pr_812B.png,u8131-j,collection_id_exact,2,f03a00ec563b5335bec551e2944d8184a17158b4c3479daf46102d799bc31654,u8131-j.svg,
CE-004218,脱,1/準1級,旧字,https://www.kanjipedia.jp/common/images/kanji/60/pr_812B.png,u8131,unicode_exact,12,f03a00ec563b5335bec551e2944d8184a17158b4c3479daf46102d799bc31654,u8131.svg,
CE-004222,棚,1/準1級,旧字,https://www.kanjipedia.jp/common/images/kanji/60/pr_68DA.png,u68da-ue0100,ivs_exact,8,5132485544451a4befcbb66bb0e1189866092eba6c8d7576cd993cfdbddd460e,u68da-ue0100.svg,
CE-004222,棚,1/準1級,旧字,https://www.kanjipedia.jp/common/images/kanji/60/pr_68DA.png,u68da-ue0101,ivs_exact,8,c9286bd3b41d26757f9cda794da8906a1f7e3e9814d77336423bbf22da5afa88,u68da-ue0101.svg,
CE-004222,棚,1/準1級,旧字,https://www.kanjipedia.jp/common/images/kanji/60/pr_68DA.png,u68da-ue0102,ivs_exact,6,5132485544451a4befcbb66bb0e1189866092eba6c8d7576cd993cfdbddd460e,u68da-ue0102.svg,
CE-004222,棚,1/準1級,旧字,https://www.kanjipedia.jp/common/images/kanji/60/pr_68DA.png,u68da-ue0103,ivs_exact,7,c9286bd3b41d26757f9cda794da8906a1f7e3e9814d77336423bbf22da5afa88,u68da-ue0103.svg,
CE-004222,棚,1/準1級,旧字,https://www.kanjipedia.jp/common/images/kanji/60/pr_68DA.png,u68da-k,collection_id_exact,3,5132485544451a4befcbb66bb0e1189866092eba6c8d7576cd993cfdbddd460e,u68da-k.svg,
CE-004222,棚,1/準1級,旧字,https://www.kanjipedia.jp/common/images/kanji/60/pr_68DA.png,u68da,unicode_exact,11,5132485544451a4befcbb66bb0e1189866092eba6c8d7576cd993cfdbddd460e,u68da.svg,
CE-004266,潭,1級,親字,https://www.kanjipedia.jp/common/images/kanji/180/std_6F6D.png,u6f6d-ue0100,ivs_exact,14,4a68157f05a686b5d482280ca04a3f01a6bdcb44a347e629340a66da987db540,u6f6d-ue0100.svg,
CE-004266,潭,1級,親字,https://www.kanjipedia.jp/common/images/kanji/180/std_6F6D.png,u6f6d-ue0101,ivs_exact,10,4a68157f05a686b5d482280ca04a3f01a6bdcb44a347e629340a66da987db540,u6f6d-ue0101.svg,
CE-004266,潭,1級,親字,https://www.kanjipedia.jp/common/images/kanji/180/std_6F6D.png,u6f6d-ue0102,ivs_exact,14,afbd79b53a6b796859a915d8ab7c3a1833de87628fd37893c1e0c02e9c43c33c,u6f6d-ue0102.svg,
CE-004266,潭,1級,親字,https://www.kanjipedia.jp/common/images/kanji/180/std_6F6D.png,u6f6d-ue0103,ivs_exact,15,1c81b1b6d4b300c822d1737e244e2dd0c262c3c78325b5758d9eea82938704eb,u6f6d-ue0103.svg,
CE-004266,潭,1級,親字,https://www.kanjipedia.jp/common/images/kanji/180/std_6F6D.png,u6f6d-k,collection_id_exact,14,4a68157f05a686b5d482280ca04a3f01a6bdcb44a347e629340a66da987db540,u6f6d-k.svg,
CE-004266,潭,1級,親字,https://www.kanjipedia.jp/common/images/kanji/180/std_6F6D.png,u6f6d-j,collection_id_exact,5,4a68157f05a686b5d482280ca04a3f01a6bdcb44a347e629340a66da987db540,u6f6d-j.svg,
CE-004266,潭,1級,親字,https://www.kanjipedia.jp/common/images/kanji/180/std_6F6D.png,u6f6d,unicode_exact,18,4a68157f05a686b5d482280ca04a3f01a6bdcb44a347e629340a66da987db540,u6f6d.svg,
CE-004270,誕,1/準1級,旧字,https://www.kanjipedia.jp/common/images/kanji/60/pr_8A95.png,u8a95-ue0100,ivs_exact,12,cf9bda353bf7e063b12ac82a706c2136ee814a583897569f45b6d1a234b2eead,u8a95-ue0100.svg,
CE-004270,誕,1/準1級,旧字,https://www.kanjipedia.jp/common/images/kanji/60/pr_8A95.png,u8a95-ue0101,ivs_exact,7,fd28f256b125a71ae908942bf50e0ead9a124f3038e315af7241f46384f424b2,u8a95-ue0101.svg,
CE-004270,誕,1/準1級,旧字,https://www.kanjipedia.jp/common/images/kanji/60/pr_8A95.png,u8a95-ue0102,ivs_exact,8,d10ec0ecce3e18c55e8d1c0bfa96801401386114bd88baf153743d1c3c85df4a,u8a95-ue0102.svg,
CE-004270,誕,1/準1級,旧字,https://www.kanjipedia.jp/common/images/kanji/60/pr_8A95.png,u8a95-ue0103,ivs_exact,9,cf9bda353bf7e063b12ac82a706c2136ee814a583897569f45b6d1a234b2eead,u8a95-ue0103.svg,
CE-004270,誕,1/準1級,旧字,https://www.kanjipedia.jp/common/images/kanji/60/pr_8A95.png,u8a95-k,collection_id_exact,6,92ec975fbe51a965cc27e6d3313cf03f23ea6e58bf51270d225f46f3f0956c1b,u8a95-k.svg,
CE-004270,誕,1/準1級,旧字,https://www.kanjipedia.jp/common/images/kanji/60/pr_8A95.png,u8a95-t,collection_id_exact,5,7780925f91815b3571fddd92282aeb55255ccfef34e7f1f0ad6f3fa44c392621,u8a95-t.svg,
CE-004270,誕,1/準1級,旧字,https://www.kanjipedia.jp/common/images/kanji/60/pr_8A95.png,u8a95-j,collection_id_exact,3,cf9bda353bf7e063b12ac82a706c2136ee814a583897569f45b6d1a234b2eead,u8a95-j.svg,
CE-004270,誕,1/準1級,旧字,https://www.kanjipedia.jp/common/images/kanji/60/pr_8A95.png,u8a95,unicode_exact,13,cf9bda353bf7e063b12ac82a706c2136ee814a583897569f45b6d1a234b2eead,u8a95.svg,
CE-004285,鐔,1級,親字,https://www.kanjipedia.jp/common/images/kanji/180/std_9414.png,u9414-ue0100,ivs_exact,12,b0a9f88c34b1560b5ee88f175373a3c6777358293097486fe9c3ec78a2bb505c,u9414-ue0100.svg,
CE-004285,鐔,1級,親字,https://www.kanjipedia.jp/common/images/kanji/180/std_9414.png,u9414-ue0101,ivs_exact,6,b0a9f88c34b1560b5ee88f175373a3c6777358293097486fe9c3ec78a2bb505c,u9414-ue0101.svg,
CE-004285,鐔,1級,親字,https://www.kanjipedia.jp/common/images/kanji/180/std_9414.png,u9414-ue0102,ivs_exact,7,3068ff52b999d4140533b1a6ce8daadf94458bc1ef6e503c6e35be28671b237f,u9414-ue0102.svg,
CE-004285,鐔,1級,親字,https://www.kanjipedia.jp/common/images/kanji/180/std_9414.png,u9414-j,collection_id_exact,3,b0a9f88c34b1560b5ee88f175373a3c6777358293097486fe9c3ec78a2bb505c,u9414-j.svg,
CE-004285,鐔,1級,親字,https://www.kanjipedia.jp/common/images/kanji/180/std_9414.png,u9414,unicode_exact,18,b0a9f88c34b1560b5ee88f175373a3c6777358293097486fe9c3ec78a2bb505c,u9414.svg,
CE-004299,暖,1/準1級,旧字,https://www.kanjipedia.jp/common/images/kanji/60/pr_7156.png,u6696-ue0100,ivs_exact,15,97beb0dcd4ff656aae7b7e6146ca6822071ccb0015c5b4322455e64379396fa1,u6696-ue0100.svg,
CE-004299,暖,1/準1級,旧字,https://www.kanjipedia.jp/common/images/kanji/60/pr_7156.png,u6696-ue0101,ivs_exact,13,695e133a1aafd8032bb1a222bde90c10b59e4f2f3d6f0f7e3348ba33acb18e0e,u6696-ue0101.svg,
CE-004299,暖,1/準1級,旧字,https://www.kanjipedia.jp/common/images/kanji/60/pr_7156.png,u6696-ue0102,ivs_exact,11,97beb0dcd4ff656aae7b7e6146ca6822071ccb0015c5b4322455e64379396fa1,u6696-ue0102.svg,
CE-004299,暖,1/準1級,旧字,https://www.kanjipedia.jp/common/images/kanji/60/pr_7156.png,u6696-ue0103,ivs_exact,11,695e133a1aafd8032bb1a222bde90c10b59e4f2f3d6f0f7e3348ba33acb18e0e,u6696-ue0103.svg,
CE-004299,暖,1/準1級,旧字,https://www.kanjipedia.jp/common/images/kanji/60/pr_7156.png,u6696-k,collection_id_exact,10,695e133a1aafd8032bb1a222bde90c10b59e4f2f3d6f0f7e3348ba33acb18e0e,u6696-k.svg,
CE-004299,暖,1/準1級,旧字,https://www.kanjipedia.jp/common/images/kanji/60/pr_7156.png,u6696-t,collection_id_exact,5,7c615f25fb8c3eb157582440b0135b1d15bdc310c14c9ec2268d3b7f84e8ed80,u6696-t.svg,
CE-004299,暖,1/準1級,旧字,https://www.kanjipedia.jp/common/images/kanji/60/pr_7156.png,u6696-j,collection_id_exact,6,97beb0dcd4ff656aae7b7e6146ca6822071ccb0015c5b4322455e64379396fa1,u6696-j.svg,
CE-004299,暖,1/準1級,旧字,https://www.kanjipedia.jp/common/images/kanji/60/pr_7156.png,u6696,unicode_exact,15,97beb0dcd4ff656aae7b7e6146ca6822071ccb0015c5b4322455e64379396fa1,u6696.svg,
CE-004312,致,1/準1級,旧字,https://www.kanjipedia.jp/common/images/kanji/60/skj_80F1.png,u81f4-ue0100,ivs_exact,16,77c30504d8115b4b17feae1fc39cbaae7a6a4445b4d7dde5559e075696488625,u81f4-ue0100.svg,
CE-004312,致,1/準1級,旧字,https://www.kanjipedia.jp/common/images/kanji/60/skj_80F1.png,u81f4-ue0101,ivs_exact,12,77c30504d8115b4b17feae1fc39cbaae7a6a4445b4d7dde5559e075696488625,u81f4-ue0101.svg,
CE-004312,致,1/準1級,旧字,https://www.kanjipedia.jp/common/images/kanji/60/skj_80F1.png,u81f4-ue0102,ivs_exact,3,129bf802d34b7d641bd68e38d05ccc33ed72304cf83163d3cb3bb91cdef6ae9c,u81f4-ue0102.svg,
CE-004312,致,1/準1級,旧字,https://www.kanjipedia.jp/common/images/kanji/60/skj_80F1.png,u81f4-k,collection_id_exact,16,32a5a940ea697144724d75820b8876d7db22cb01d300e6a6dbc58c67c6fd3b75,u81f4-k.svg,
CE-004312,致,1/準1級,旧字,https://www.kanjipedia.jp/common/images/kanji/60/skj_80F1.png,u81f4-t,collection_id_exact,4,6bd7ac3c71b7926754dc5b4f726e2c511a285d8cddefc46f9677ae358ef157a3,u81f4-t.svg,
CE-004312,致,1/準1級,旧字,https://www.kanjipedia.jp/common/images/kanji/60/skj_80F1.png,u81f4-j,collection_id_exact,9,32a5a940ea697144724d75820b8876d7db22cb01d300e6a6dbc58c67c6fd3b75,u81f4-j.svg,
CE-004312,致,1/準1級,旧字,https://www.kanjipedia.jp/common/images/kanji/60/skj_80F1.png,u81f4,unicode_exact,19,77c30504d8115b4b17feae1fc39cbaae7a6a4445b4d7dde5559e075696488625,u81f4.svg,
CE-004336,逐,1/準1級,旧字,https://www.kanjipedia.jp/common/images/kanji/60/pr_9010.png,u9010-ue0100,ivs_exact,12,efca82558be0f080883749ff4a2afb24701cfaad0d707fe9cdf24d9910d00a32,u9010-ue0100.svg,
CE-004336,逐,1/準1級,旧字,https://www.kanjipedia.jp/common/images/kanji/60/pr_9010.png,u9010-ue0101,ivs_exact,8,969fd586ad2dae391c18a27f173e9f4b123ed82cee84293b18551583dfce817d,u9010-ue0101.svg,
CE-004336,逐,1/準1級,旧字,https://www.kanjipedia.jp/common/images/kanji/60/pr_9010.png,u9010-ue0102,ivs_exact,8,efca82558be0f080883749ff4a2afb24701cfaad0d707fe9cdf24d9910d00a32,u9010-ue0102.svg,
CE-004336,逐,1/準1級,旧字,https://www.kanjipedia.jp/common/images/kanji/60/pr_9010.png,u9010-ue0103,ivs_exact,4,969fd586ad2dae391c18a27f173e9f4b123ed82cee84293b18551583dfce817d,u9010-ue0103.svg,
CE-004336,逐,1/準1級,旧字,https://www.kanjipedia.jp/common/images/kanji/60/pr_9010.png,u9010-k,collection_id_exact,8,969fd586ad2dae391c18a27f173e9f4b123ed82cee84293b18551583dfce817d,u9010-k.svg,
CE-004336,逐,1/準1級,旧字,https://www.kanjipedia.jp/common/images/kanji/60/pr_9010.png,u9010-t,collection_id_exact,4,ce2a27bbc0d6b5ef92b95522a1e32e6ab8c3ae88e1fba22a3d505ab6ee868036,u9010-t.svg,
CE-004336,逐,1/準1級,旧字,https://www.kanjipedia.jp/common/images/kanji/60/pr_9010.png,u9010-j,collection_id_exact,5,efca82558be0f080883749ff4a2afb24701cfaad0d707fe9cdf24d9910d00a32,u9010-j.svg,
CE-004336,逐,1/準1級,旧字,https://www.kanjipedia.jp/common/images/kanji/60/pr_9010.png,u9010,unicode_exact,13,efca82558be0f080883749ff4a2afb24701cfaad0d707fe9cdf24d9910d00a32,u9010.svg,
CE-004341,築,1/準1級,旧字,https://www.kanjipedia.jp/common/images/kanji/60/skj_80F5.png,u7bc9-ue0100,ivs_exact,11,a013e69811bceb3a433cd933a19a6d3bb510a881054b095b29040251c3463a83,u7bc9-ue0100.svg,
CE-004341,築,1/準1級,旧字,https://www.kanjipedia.jp/common/images/kanji/60/skj_80F5.png,u7bc9-ue0101,ivs_exact,9,3c5f5aef7a8fa25bf68cb6a57b22042fa8d9f080f2b9551e376881e258aac39a,u7bc9-ue0101.svg,
CE-004341,築,1/準1級,旧字,https://www.kanjipedia.jp/common/images/kanji/60/skj_80F5.png,u7bc9-ue0102,ivs_exact,7,a013e69811bceb3a433cd933a19a6d3bb510a881054b095b29040251c3463a83,u7bc9-ue0102.svg,
CE-004341,築,1/準1級,旧字,https://www.kanjipedia.jp/common/images/kanji/60/skj_80F5.png,u7bc9-ue0103,ivs_exact,4,3c5f5aef7a8fa25bf68cb6a57b22042fa8d9f080f2b9551e376881e258aac39a,u7bc9-ue0103.svg,
CE-004341,築,1/準1級,旧字,https://www.kanjipedia.jp/common/images/kanji/60/skj_80F5.png,u7bc9-k,collection_id_exact,10,a013e69811bceb3a433cd933a19a6d3bb510a881054b095b29040251c3463a83,u7bc9-k.svg,
CE-004341,築,1/準1級,旧字,https://www.kanjipedia.jp/common/images/kanji/60/skj_80F5.png,u7bc9-t,collection_id_exact,5,54b49b7242e52b9fe0ef62522eaac523b62fc8f6395ffc0b5c27da5bbb87ec9e,u7bc9-t.svg,
CE-004341,築,1/準1級,旧字,https://www.kanjipedia.jp/common/images/kanji/60/skj_80F5.png,u7bc9-j,collection_id_exact,3,a013e69811bceb3a433cd933a19a6d3bb510a881054b095b29040251c3463a83,u7bc9-j.svg,
CE-004341,築,1/準1級,旧字,https://www.kanjipedia.jp/common/images/kanji/60/skj_80F5.png,u7bc9,unicode_exact,12,a013e69811bceb3a433cd933a19a6d3bb510a881054b095b29040251c3463a83,u7bc9.svg,
CE-004403,著,1/準1級,旧字,,u8457-ue0100,ivs_exact,14,471d8dd719fd31a0dd26ee4e5c8337a21a607a38f4c22f4b6e457e03df73aa8e,u8457-ue0100.svg,
CE-004403,著,1/準1級,旧字,,u8457-ue0101,ivs_exact,20,c513af6acb2e7996516c6037faf87f198614311e324d5fab758635d228d4e1c7,u8457-ue0101.svg,
CE-004403,著,1/準1級,旧字,,u8457-ue0102,ivs_exact,10,471d8dd719fd31a0dd26ee4e5c8337a21a607a38f4c22f4b6e457e03df73aa8e,u8457-ue0102.svg,
CE-004403,著,1/準1級,旧字,,u8457-ue0103,ivs_exact,16,922340a47eb0a29a4f2a5e4559c9d65c25c337ec221bdba6df0ce7b4bd3c28db,u8457-ue0103.svg,
CE-004403,著,1/準1級,旧字,,u8457-k,collection_id_exact,15,922340a47eb0a29a4f2a5e4559c9d65c25c337ec221bdba6df0ce7b4bd3c28db,u8457-k.svg,
CE-004403,著,1/準1級,旧字,,u8457-t,collection_id_exact,4,d2990bff08fcdb907d3ef00c20292c0f56a1621c4a898e3ed30499c7df1cd35d,u8457-t.svg,
CE-004403,著,1/準1級,旧字,,u8457-j,collection_id_exact,2,471d8dd719fd31a0dd26ee4e5c8337a21a607a38f4c22f4b6e457e03df73aa8e,u8457-j.svg,
CE-004403,著,1/準1級,旧字,,u8457,unicode_exact,14,471d8dd719fd31a0dd26ee4e5c8337a21a607a38f4c22f4b6e457e03df73aa8e,u8457.svg,
CE-004428,凋,準1級,親字,https://www.kanjipedia.jp/common/images/kanji/180/std_51CB.png,u51cb-ue0100,ivs_exact,7,ea94192a5c80991c79b5111dd8df2c8aef762f402fbf7108879a6e5bc2ad6422,u51cb-ue0100.svg,
CE-004428,凋,準1級,親字,https://www.kanjipedia.jp/common/images/kanji/180/std_51CB.png,u51cb-ue0101,ivs_exact,9,89d53ae98398d279b504f636605490a589008c554a95de37d2cd7b6fb8984623,u51cb-ue0101.svg,
CE-004428,凋,準1級,親字,https://www.kanjipedia.jp/common/images/kanji/180/std_51CB.png,u51cb-ue0102,ivs_exact,5,ea94192a5c80991c79b5111dd8df2c8aef762f402fbf7108879a6e5bc2ad6422,u51cb-ue0102.svg,
CE-004428,凋,準1級,親字,https://www.kanjipedia.jp/common/images/kanji/180/std_51CB.png,u51cb-ue0103,ivs_exact,9,89d53ae98398d279b504f636605490a589008c554a95de37d2cd7b6fb8984623,u51cb-ue0103.svg,
CE-004428,凋,準1級,親字,https://www.kanjipedia.jp/common/images/kanji/180/std_51CB.png,u51cb-k,collection_id_exact,5,ea94192a5c80991c79b5111dd8df2c8aef762f402fbf7108879a6e5bc2ad6422,u51cb-k.svg,
CE-004428,凋,準1級,親字,https://www.kanjipedia.jp/common/images/kanji/180/std_51CB.png,u51cb-t,collection_id_exact,3,aad44394f8445cdb143b855efcc972cdfb34ac2a7650e242a2d0ed41f2d6e80d,u51cb-t.svg,
CE-004428,凋,準1級,親字,https://www.kanjipedia.jp/common/images/kanji/180/std_51CB.png,u51cb-j,collection_id_exact,3,ea94192a5c80991c79b5111dd8df2c8aef762f402fbf7108879a6e5bc2ad6422,u51cb-j.svg,
CE-004428,凋,準1級,親字,https://www.kanjipedia.jp/common/images/kanji/180/std_51CB.png,u51cb,unicode_exact,8,ea94192a5c80991c79b5111dd8df2c8aef762f402fbf7108879a6e5bc2ad6422,u51cb.svg,
CE-004439,釣,1/準1級,旧字,https://www.kanjipedia.jp/common/images/kanji/60/pr_91E3.png,u91e3-ue0100,ivs_exact,13,b16329de13396222d0664ae8f53848a54d7b924b89d286b85519723b153eea62,u91e3-ue0100.svg,
CE-004439,釣,1/準1級,旧字,https://www.kanjipedia.jp/common/images/kanji/60/pr_91E3.png,u91e3-ue0101,ivs_exact,13,7bf070027b1e2e7589b757d118686c04abc55b1c3afc6bde76fb15c8b37b434b,u91e3-ue0101.svg,
CE-004439,釣,1/準1級,旧字,https://www.kanjipedia.jp/common/images/kanji/60/pr_91E3.png,u91e3-ue0102,ivs_exact,8,b16329de13396222d0664ae8f53848a54d7b924b89d286b85519723b153eea62,u91e3-ue0102.svg,
CE-004439,釣,1/準1級,旧字,https://www.kanjipedia.jp/common/images/kanji/60/pr_91E3.png,u91e3-ue0103,ivs_exact,10,7bf070027b1e2e7589b757d118686c04abc55b1c3afc6bde76fb15c8b37b434b,u91e3-ue0103.svg,
CE-004439,釣,1/準1級,旧字,https://www.kanjipedia.jp/common/images/kanji/60/pr_91E3.png,u91e3-k,collection_id_exact,12,c8b55c5c51d4c1f873a25868b8de291bbcf34fbf9d6c65f4cf7a95f1c70fa426,u91e3-k.svg,
CE-004439,釣,1/準1級,旧字,https://www.kanjipedia.jp/common/images/kanji/60/pr_91E3.png,u91e3-t,collection_id_exact,1,8dcb205618ba0222c2320555843e3e4e57ddd923d658bd25e38aac47147be977,u91e3-t.svg,
CE-004439,釣,1/準1級,旧字,https://www.kanjipedia.jp/common/images/kanji/60/pr_91E3.png,u91e3-j,collection_id_exact,3,b16329de13396222d0664ae8f53848a54d7b924b89d286b85519723b153eea62,u91e3-j.svg,
CE-004439,釣,1/準1級,旧字,https://www.kanjipedia.jp/common/images/kanji/60/pr_91E3.png,u91e3,unicode_exact,14,b16329de13396222d0664ae8f53848a54d7b924b89d286b85519723b153eea62,u91e3.svg,
CE-004457,肇,1/準1級,旧字,https://www.kanjipedia.jp/common/images/kanji/60/pr_8087.png,u8087-ue0100,ivs_exact,4,11bd96c4d93625069fb86753c4abb46431ee36d6335f2d6722a41d6e38169d8e,u8087-ue0100.svg,
CE-004457,肇,1/準1級,旧字,https://www.kanjipedia.jp/common/images/kanji/60/pr_8087.png,u8087-ue0101,ivs_exact,5,241228ce14c6b69551ace75c74be7bbebf56982473cf276bcf6249fd1e771517,u8087-ue0101.svg,
CE-004457,肇,1/準1級,旧字,https://www.kanjipedia.jp/common/images/kanji/60/pr_8087.png,u8087-ue0102,ivs_exact,4,11bd96c4d93625069fb86753c4abb46431ee36d6335f2d6722a41d6e38169d8e,u8087-ue0102.svg,
CE-004457,肇,1/準1級,旧字,https://www.kanjipedia.jp/common/images/kanji/60/pr_8087.png,u8087-ue0103,ivs_exact,5,241228ce14c6b69551ace75c74be7bbebf56982473cf276bcf6249fd1e771517,u8087-ue0103.svg,
CE-004457,肇,1/準1級,旧字,https://www.kanjipedia.jp/common/images/kanji/60/pr_8087.png,u8087-k,collection_id_exact,5,241228ce14c6b69551ace75c74be7bbebf56982473cf276bcf6249fd1e771517,u8087-k.svg,
CE-004457,肇,1/準1級,旧字,https://www.kanjipedia.jp/common/images/kanji/60/pr_8087.png,u8087-j,collection_id_exact,3,11bd96c4d93625069fb86753c4abb46431ee36d6335f2d6722a41d6e38169d8e,u8087-j.svg,
CE-004457,肇,1/準1級,旧字,https://www.kanjipedia.jp/common/images/kanji/60/pr_8087.png,u8087,unicode_exact,4,11bd96c4d93625069fb86753c4abb46431ee36d6335f2d6722a41d6e38169d8e,u8087.svg,
CE-004471,調,1/準1級,旧字,https://www.kanjipedia.jp/common/images/kanji/60/pr_8ABF.png,u8abf-ue0100,ivs_exact,6,cf4f12499fb266fdf50bc9786341a84c875fc20e3eaae7c3578654b3a3eb3483,u8abf-ue0100.svg,
CE-004471,調,1/準1級,旧字,https://www.kanjipedia.jp/common/images/kanji/60/pr_8ABF.png,u8abf-ue0101,ivs_exact,6,49feb3aac76e5a42bf959b0a7db753947e90c560de1a44f9c6020c64f0e572cf,u8abf-ue0101.svg,
CE-004471,調,1/準1級,旧字,https://www.kanjipedia.jp/common/images/kanji/60/pr_8ABF.png,u8abf-ue0102,ivs_exact,3,cf4f12499fb266fdf50bc9786341a84c875fc20e3eaae7c3578654b3a3eb3483,u8abf-ue0102.svg,
CE-004471,調,1/準1級,旧字,https://www.kanjipedia.jp/common/images/kanji/60/pr_8ABF.png,u8abf-ue0103,ivs_exact,5,49feb3aac76e5a42bf959b0a7db753947e90c560de1a44f9c6020c64f0e572cf,u8abf-ue0103.svg,
CE-004471,調,1/準1級,旧字,https://www.kanjipedia.jp/common/images/kanji/60/pr_8ABF.png,u8abf-k,collection_id_exact,7,cf4f12499fb266fdf50bc9786341a84c875fc20e3eaae7c3578654b3a3eb3483,u8abf-k.svg,
CE-004471,調,1/準1級,旧字,https://www.kanjipedia.jp/common/images/kanji/60/pr_8ABF.png,u8abf-t,collection_id_exact,3,752346bd63e426c0a00c0b5ccbbc40f2805715414fae78eab97813473d216d91,u8abf-t.svg,
CE-004471,調,1/準1級,旧字,https://www.kanjipedia.jp/common/images/kanji/60/pr_8ABF.png,u8abf-j,collection_id_exact,2,cf4f12499fb266fdf50bc9786341a84c875fc20e3eaae7c3578654b3a3eb3483,u8abf-j.svg,
CE-004471,調,1/準1級,旧字,https://www.kanjipedia.jp/common/images/kanji/60/pr_8ABF.png,u8abf,unicode_exact,7,cf4f12499fb266fdf50bc9786341a84c875fc20e3eaae7c3578654b3a3eb3483,u8abf.svg,
CE-004482,鯛,1/準1級,旧字,https://www.kanjipedia.jp/common/images/kanji/60/pr_9BDB.png,u9bdb-ue0100,ivs_exact,6,b3c30ba68a06fa8bbb5eaa3f24e2dfc37f6d2b898113e6558f94e475ee9e4029,u9bdb-ue0100.svg,
CE-004482,鯛,1/準1級,旧字,https://www.kanjipedia.jp/common/images/kanji/60/pr_9BDB.png,u9bdb-ue0101,ivs_exact,8,4612e52ec72e252767658ec3482d0219ab173c6ac8d42e76017f5c1fb4d988be,u9bdb-ue0101.svg,
CE-004482,鯛,1/準1級,旧字,https://www.kanjipedia.jp/common/images/kanji/60/pr_9BDB.png,u9bdb-ue0102,ivs_exact,3,b3c30ba68a06fa8bbb5eaa3f24e2dfc37f6d2b898113e6558f94e475ee9e4029,u9bdb-ue0102.svg,
CE-004482,鯛,1/準1級,旧字,https://www.kanjipedia.jp/common/images/kanji/60/pr_9BDB.png,u9bdb-ue0103,ivs_exact,5,b319c0d23d81976fdbd1dbd75eb484de647b0977c511de2ec065d659ce0386ed,u9bdb-ue0103.svg,
CE-004482,鯛,1/準1級,旧字,https://www.kanjipedia.jp/common/images/kanji/60/pr_9BDB.png,u9bdb-j,collection_id_exact,2,b3c30ba68a06fa8bbb5eaa3f24e2dfc37f6d2b898113e6558f94e475ee9e4029,u9bdb-j.svg,
CE-004482,鯛,1/準1級,旧字,https://www.kanjipedia.jp/common/images/kanji/60/pr_9BDB.png,u9bdb,unicode_exact,7,b3c30ba68a06fa8bbb5eaa3f24e2dfc37f6d2b898113e6558f94e475ee9e4029,u9bdb.svg,
CE-004510,追,1/準1級,旧字,https://www.kanjipedia.jp/common/images/kanji/60/pr_8FFD.png,u8ffd-ue0100,ivs_exact,13,9de13aeac102b415effec99cd04b9316aef675d258b302b3ea39a6db761a8501,u8ffd-ue0100.svg,
CE-004510,追,1/準1級,旧字,https://www.kanjipedia.jp/common/images/kanji/60/pr_8FFD.png,u8ffd-ue0101,ivs_exact,9,5b1ed89130b94c2e9dc35f0de8662d3070c35cd5d14636c5f6afcf2c122e0466,u8ffd-ue0101.svg,
CE-004510,追,1/準1級,旧字,https://www.kanjipedia.jp/common/images/kanji/60/pr_8FFD.png,u8ffd-ue0102,ivs_exact,9,9de13aeac102b415effec99cd04b9316aef675d258b302b3ea39a6db761a8501,u8ffd-ue0102.svg,
CE-004510,追,1/準1級,旧字,https://www.kanjipedia.jp/common/images/kanji/60/pr_8FFD.png,u8ffd-ue0103,ivs_exact,6,5b1ed89130b94c2e9dc35f0de8662d3070c35cd5d14636c5f6afcf2c122e0466,u8ffd-ue0103.svg,
CE-004510,追,1/準1級,旧字,https://www.kanjipedia.jp/common/images/kanji/60/pr_8FFD.png,u8ffd-k,collection_id_exact,8,5b1ed89130b94c2e9dc35f0de8662d3070c35cd5d14636c5f6afcf2c122e0466,u8ffd-k.svg,
CE-004510,追,1/準1級,旧字,https://www.kanjipedia.jp/common/images/kanji/60/pr_8FFD.png,u8ffd-t,collection_id_exact,5,c08d62af220ff3c267a3e414d231924f554fac2fafc89ee10df18346e6ace772,u8ffd-t.svg,
CE-004510,追,1/準1級,旧字,https://www.kanjipedia.jp/common/images/kanji/60/pr_8FFD.png,u8ffd-j,collection_id_exact,4,9de13aeac102b415effec99cd04b9316aef675d258b302b3ea39a6db761a8501,u8ffd-j.svg,
CE-004510,追,1/準1級,旧字,https://www.kanjipedia.jp/common/images/kanji/60/pr_8FFD.png,u8ffd,unicode_exact,13,9de13aeac102b415effec99cd04b9316aef675d258b302b3ea39a6db761a8501,u8ffd.svg,
CE-004515,墜,1/準1級,旧字,https://www.kanjipedia.jp/common/images/kanji/60/pr_589C.png,u589c-ue0100,ivs_exact,11,a3b817cb40d4f1ac82f058669e5770cb47775cf8095980e209c8c4e762a4c1b9,u589c-ue0100.svg,
CE-004515,墜,1/準1級,旧字,https://www.kanjipedia.jp/common/images/kanji/60/pr_589C.png,u589c-ue0101,ivs_exact,17,192a75f9fcce504dc2853197f1dd378de07201df02a34059015058bce5e09fa4,u589c-ue0101.svg,
CE-004515,墜,1/準1級,旧字,https://www.kanjipedia.jp/common/images/kanji/60/pr_589C.png,u589c-ue0102,ivs_exact,9,a3b817cb40d4f1ac82f058669e5770cb47775cf8095980e209c8c4e762a4c1b9,u589c-ue0102.svg,
CE-004515,墜,1/準1級,旧字,https://www.kanjipedia.jp/common/images/kanji/60/pr_589C.png,u589c-ue0103,ivs_exact,11,cb57764a965775f56d43ca50aa53482c9b48ccf7e6e1ceebc92c34b940e563ac,u589c-ue0103.svg,
CE-004515,墜,1/準1級,旧字,https://www.kanjipedia.jp/common/images/kanji/60/pr_589C.png,u589c-k,collection_id_exact,10,192a75f9fcce504dc2853197f1dd378de07201df02a34059015058bce5e09fa4,u589c-k.svg,
CE-004515,墜,1/準1級,旧字,https://www.kanjipedia.jp/common/images/kanji/60/pr_589C.png,u589c-t,collection_id_exact,3,8e68f28184f23f7b4a711c1632f68352f2a555d4fc3d17a47a032970201e9355,u589c-t.svg,
CE-004515,墜,1/準1級,旧字,https://www.kanjipedia.jp/common/images/kanji/60/pr_589C.png,u589c-j,collection_id_exact,2,a3b817cb40d4f1ac82f058669e5770cb47775cf8095980e209c8c4e762a4c1b9,u589c-j.svg,
CE-004515,墜,1/準1級,旧字,https://www.kanjipedia.jp/common/images/kanji/60/pr_589C.png,u589c,unicode_exact,12,a3b817cb40d4f1ac82f058669e5770cb47775cf8095980e209c8c4e762a4c1b9,u589c.svg,
CE-004520,通,1/準1級,旧字,https://www.kanjipedia.jp/common/images/kanji/60/pr_901A.png,u901a-ue0100,ivs_exact,17,d4c0dcdefa7e1fcc4fd7a42f63babc9f49c61a50423bbaf14179ae50890fed71,u901a-ue0100.svg,
CE-004520,通,1/準1級,旧字,https://www.kanjipedia.jp/common/images/kanji/60/pr_901A.png,u901a-ue0101,ivs_exact,11,4456e136f1300f2fb902d8f58d8dfed099f420cd09657b68c5b3a184b348d8c9,u901a-ue0101.svg,
CE-004520,通,1/準1級,旧字,https://www.kanjipedia.jp/common/images/kanji/60/pr_901A.png,u901a-ue0102,ivs_exact,12,d4c0dcdefa7e1fcc4fd7a42f63babc9f49c61a50423bbaf14179ae50890fed71,u901a-ue0102.svg,
CE-004520,通,1/準1級,旧字,https://www.kanjipedia.jp/common/images/kanji/60/pr_901A.png,u901a-ue0103,ivs_exact,6,4456e136f1300f2fb902d8f58d8dfed099f420cd09657b68c5b3a184b348d8c9,u901a-ue0103.svg,
CE-004520,通,1/準1級,旧字,https://www.kanjipedia.jp/common/images/kanji/60/pr_901A.png,u901a-k,collection_id_exact,8,4456e136f1300f2fb902d8f58d8dfed099f420cd09657b68c5b3a184b348d8c9,u901a-k.svg,
CE-004520,通,1/準1級,旧字,https://www.kanjipedia.jp/common/images/kanji/60/pr_901A.png,u901a-t,collection_id_exact,6,8da1b6f31a1e55beb76370bab8fac1273d2d6179b5af5768c6956bf17d4ab84a,u901a-t.svg,
CE-004520,通,1/準1級,旧字,https://www.kanjipedia.jp/common/images/kanji/60/pr_901A.png,u901a-j,collection_id_exact,5,d4c0dcdefa7e1fcc4fd7a42f63babc9f49c61a50423bbaf14179ae50890fed71,u901a-j.svg,
CE-004520,通,1/準1級,旧字,https://www.kanjipedia.jp/common/images/kanji/60/pr_901A.png,u901a,unicode_exact,17,d4c0dcdefa7e1fcc4fd7a42f63babc9f49c61a50423bbaf14179ae50890fed71,u901a.svg,
CE-004530,坪,1/準1級,旧字,https://www.kanjipedia.jp/common/images/kanji/60/pr_576A.png,u576a-ue0100,ivs_exact,15,8840b81fa9cb08ad2412287b9215d491c80737cdd4c91b9a557bfffc7a7d3021,u576a-ue0100.svg,
CE-004530,坪,1/準1級,旧字,https://www.kanjipedia.jp/common/images/kanji/60/pr_576A.png,u576a-ue0101,ivs_exact,9,c8692d6d222c6f208dbafbc378603f73704355c4ed1055b1e668eeaa88f2f9cd,u576a-ue0101.svg,
CE-004530,坪,1/準1級,旧字,https://www.kanjipedia.jp/common/images/kanji/60/pr_576A.png,u576a-ue0102,ivs_exact,9,8840b81fa9cb08ad2412287b9215d491c80737cdd4c91b9a557bfffc7a7d3021,u576a-ue0102.svg,
CE-004530,坪,1/準1級,旧字,https://www.kanjipedia.jp/common/images/kanji/60/pr_576A.png,u576a-ue0103,ivs_exact,7,c8692d6d222c6f208dbafbc378603f73704355c4ed1055b1e668eeaa88f2f9cd,u576a-ue0103.svg,
CE-004530,坪,1/準1級,旧字,https://www.kanjipedia.jp/common/images/kanji/60/pr_576A.png,u576a-k,collection_id_exact,6,c8692d6d222c6f208dbafbc378603f73704355c4ed1055b1e668eeaa88f2f9cd,u576a-k.svg,
CE-004530,坪,1/準1級,旧字,https://www.kanjipedia.jp/common/images/kanji/60/pr_576A.png,u576a-j,collection_id_exact,3,8840b81fa9cb08ad2412287b9215d491c80737cdd4c91b9a557bfffc7a7d3021,u576a-j.svg,
CE-004530,坪,1/準1級,旧字,https://www.kanjipedia.jp/common/images/kanji/60/pr_576A.png,u576a,unicode_exact,15,8840b81fa9cb08ad2412287b9215d491c80737cdd4c91b9a557bfffc7a7d3021,u576a.svg,
CE-004576,程,1/準1級,旧字,https://www.kanjipedia.jp/common/images/kanji/60/pr_7A0B.png,u7a0b-ue0100,ivs_exact,12,fc81aa9a670d5b35dcb716c448deceb195658881c4da95b0adc2c4204c2e71c9,u7a0b-ue0100.svg,
CE-004576,程,1/準1級,旧字,https://www.kanjipedia.jp/common/images/kanji/60/pr_7A0B.png,u7a0b-ue0101,ivs_exact,15,33c93bca341bc779dfe0451623317c58166d387368ff262e8a4894d4708d9c1b,u7a0b-ue0101.svg,
CE-004576,程,1/準1級,旧字,https://www.kanjipedia.jp/common/images/kanji/60/pr_7A0B.png,u7a0b-ue0102,ivs_exact,7,fc81aa9a670d5b35dcb716c448deceb195658881c4da95b0adc2c4204c2e71c9,u7a0b-ue0102.svg,
CE-004576,程,1/準1級,旧字,https://www.kanjipedia.jp/common/images/kanji/60/pr_7A0B.png,u7a0b-ue0103,ivs_exact,10,33c93bca341bc779dfe0451623317c58166d387368ff262e8a4894d4708d9c1b,u7a0b-ue0103.svg,
CE-004576,程,1/準1級,旧字,https://www.kanjipedia.jp/common/images/kanji/60/pr_7A0B.png,u7a0b-k,collection_id_exact,15,39c00a111bea6516c2c914f91bbbd91abe7eadf9ec82684ae3993be1fc527482,u7a0b-k.svg,
CE-004576,程,1/準1級,旧字,https://www.kanjipedia.jp/common/images/kanji/60/pr_7A0B.png,u7a0b-t,collection_id_exact,5,325ee3600ae75ad72cce434919de3e3903355d763cd1face87ad30c24eff6c79,u7a0b-t.svg,
CE-004576,程,1/準1級,旧字,https://www.kanjipedia.jp/common/images/kanji/60/pr_7A0B.png,u7a0b-j,collection_id_exact,3,fc81aa9a670d5b35dcb716c448deceb195658881c4da95b0adc2c4204c2e71c9,u7a0b-j.svg,
CE-004576,程,1/準1級,旧字,https://www.kanjipedia.jp/common/images/kanji/60/pr_7A0B.png,u7a0b,unicode_exact,12,fc81aa9a670d5b35dcb716c448deceb195658881c4da95b0adc2c4204c2e71c9,u7a0b.svg,
CE-004613,迪,1/準1級,旧字,https://www.kanjipedia.jp/common/images/kanji/60/pr_8FEA.png,u8fea-ue0100,ivs_exact,15,408a5fcd5feb73a4088f1e57f20932073b17906194fceb7a135d9131e5732891,u8fea-ue0100.svg,
CE-004613,迪,1/準1級,旧字,https://www.kanjipedia.jp/common/images/kanji/60/pr_8FEA.png,u8fea-ue0101,ivs_exact,8,8a7b943c7c88a57e113cfc18fa3a4d727bc8452044272bc69084a6cf7f671ebe,u8fea-ue0101.svg,
CE-004613,迪,1/準1級,旧字,https://www.kanjipedia.jp/common/images/kanji/60/pr_8FEA.png,u8fea-ue0102,ivs_exact,12,408a5fcd5feb73a4088f1e57f20932073b17906194fceb7a135d9131e5732891,u8fea-ue0102.svg,
CE-004613,迪,1/準1級,旧字,https://www.kanjipedia.jp/common/images/kanji/60/pr_8FEA.png,u8fea-ue0103,ivs_exact,5,8a7b943c7c88a57e113cfc18fa3a4d727bc8452044272bc69084a6cf7f671ebe,u8fea-ue0103.svg,
CE-004613,迪,1/準1級,旧字,https://www.kanjipedia.jp/common/images/kanji/60/pr_8FEA.png,u8fea-k,collection_id_exact,7,8a7b943c7c88a57e113cfc18fa3a4d727bc8452044272bc69084a6cf7f671ebe,u8fea-k.svg,
CE-004613,迪,1/準1級,旧字,https://www.kanjipedia.jp/common/images/kanji/60/pr_8FEA.png,u8fea-t,collection_id_exact,9,f37fd5c22a0f26b81801bd0106608b910894d71ee85cf8402f1541bf05beaab8,u8fea-t.svg,
CE-004613,迪,1/準1級,旧字,https://www.kanjipedia.jp/common/images/kanji/60/pr_8FEA.png,u8fea-j,collection_id_exact,2,408a5fcd5feb73a4088f1e57f20932073b17906194fceb7a135d9131e5732891,u8fea-j.svg,
CE-004613,迪,1/準1級,旧字,https://www.kanjipedia.jp/common/images/kanji/60/pr_8FEA.png,u8fea,unicode_exact,15,408a5fcd5feb73a4088f1e57f20932073b17906194fceb7a135d9131e5732891,u8fea.svg,
CE-004622,適,1/準1級,旧字,https://www.kanjipedia.jp/common/images/kanji/60/skj_80F4.png,u9069-ue0100,ivs_exact,23,81a056528bd209d048a11fcc292f620fe246134b3f026860cbc9b9a100187b72,u9069-ue0100.svg,
CE-004622,適,1/準1級,旧字,https://www.kanjipedia.jp/common/images/kanji/60/skj_80F4.png,u9069-ue0101,ivs_exact,8,9a7a310177950eb90ab6045e4790b30789df4bdcb9fda18ddfd811ff972fefd1,u9069-ue0101.svg,
CE-004622,適,1/準1級,旧字,https://www.kanjipedia.jp/common/images/kanji/60/skj_80F4.png,u9069-ue0102,ivs_exact,16,81a056528bd209d048a11fcc292f620fe246134b3f026860cbc9b9a100187b72,u9069-ue0102.svg,
CE-004622,適,1/準1級,旧字,https://www.kanjipedia.jp/common/images/kanji/60/skj_80F4.png,u9069-ue0103,ivs_exact,13,e305595d2637329fd5af4b29c8dbcfbb65e42190e2274c59992aa4a3489e6cb5,u9069-ue0103.svg,
CE-004622,適,1/準1級,旧字,https://www.kanjipedia.jp/common/images/kanji/60/skj_80F4.png,u9069-k,collection_id_exact,17,e305595d2637329fd5af4b29c8dbcfbb65e42190e2274c59992aa4a3489e6cb5,u9069-k.svg,
CE-004622,適,1/準1級,旧字,https://www.kanjipedia.jp/common/images/kanji/60/skj_80F4.png,u9069-t,collection_id_exact,4,196109c018ab327261f666a666fd37bfc60f705cd3148d7bff4548c0c8d77637,u9069-t.svg,
CE-004622,適,1/準1級,旧字,https://www.kanjipedia.jp/common/images/kanji/60/skj_80F4.png,u9069-j,collection_id_exact,8,81a056528bd209d048a11fcc292f620fe246134b3f026860cbc9b9a100187b72,u9069-j.svg,
CE-004622,適,1/準1級,旧字,https://www.kanjipedia.jp/common/images/kanji/60/skj_80F4.png,u9069,unicode_exact,23,81a056528bd209d048a11fcc292f620fe246134b3f026860cbc9b9a100187b72,u9069.svg,
CE-004636,迭,1/準1級,旧字,https://www.kanjipedia.jp/common/images/kanji/60/pr_8FED.png,u8fed-ue0100,ivs_exact,15,bc12ea00eb660ad580ce09ada4b9a309d2ffc79026f4760ddcb04ff962de3354,u8fed-ue0100.svg,
CE-004636,迭,1/準1級,旧字,https://www.kanjipedia.jp/common/images/kanji/60/pr_8FED.png,u8fed-ue0101,ivs_exact,8,203551fbca05fc23a2e5e2c1ff6aa2279a4697c1a1e4732315ee69734746b1c3,u8fed-ue0101.svg,
CE-004636,迭,1/準1級,旧字,https://www.kanjipedia.jp/common/images/kanji/60/pr_8FED.png,u8fed-ue0102,ivs_exact,12,bc12ea00eb660ad580ce09ada4b9a309d2ffc79026f4760ddcb04ff962de3354,u8fed-ue0102.svg,
CE-004636,迭,1/準1級,旧字,https://www.kanjipedia.jp/common/images/kanji/60/pr_8FED.png,u8fed-ue0103,ivs_exact,8,203551fbca05fc23a2e5e2c1ff6aa2279a4697c1a1e4732315ee69734746b1c3,u8fed-ue0103.svg,
CE-004636,迭,1/準1級,旧字,https://www.kanjipedia.jp/common/images/kanji/60/pr_8FED.png,u8fed-k,collection_id_exact,7,203551fbca05fc23a2e5e2c1ff6aa2279a4697c1a1e4732315ee69734746b1c3,u8fed-k.svg,
CE-004636,迭,1/準1級,旧字,https://www.kanjipedia.jp/common/images/kanji/60/pr_8FED.png,u8fed-t,collection_id_exact,3,c3b37cfe507d38510b60e1a9d340d785c142d693b3b1949d1a34dc5a3828e717,u8fed-t.svg,
CE-004636,迭,1/準1級,旧字,https://www.kanjipedia.jp/common/images/kanji/60/pr_8FED.png,u8fed-j,collection_id_exact,5,bc12ea00eb660ad580ce09ada4b9a309d2ffc79026f4760ddcb04ff962de3354,u8fed-j.svg,
CE-004636,迭,1/準1級,旧字,https://www.kanjipedia.jp/common/images/kanji/60/pr_8FED.png,u8fed,unicode_exact,17,bc12ea00eb660ad580ce09ada4b9a309d2ffc79026f4760ddcb04ff962de3354,u8fed.svg,
CE-004687,簟,1級,親字,https://www.kanjipedia.jp/common/images/kanji/180/std_7C1F.png,u7c1f-ue0100,ivs_exact,7,167e01b46bcd0bcdeb20d45590c8396d0c8ff694be3d0f7c3d6de5a674209f66,u7c1f-ue0100.svg,
CE-004687,簟,1級,親字,https://www.kanjipedia.jp/common/images/kanji/180/std_7C1F.png,u7c1f-ue0101,ivs_exact,5,167e01b46bcd0bcdeb20d45590c8396d0c8ff694be3d0f7c3d6de5a674209f66,u7c1f-ue0101.svg,
CE-004687,簟,1級,親字,https://www.kanjipedia.jp/common/images/kanji/180/std_7C1F.png,u7c1f-ue0102,ivs_exact,6,4c83238c0de57a4a33be22b3378b727815f05191bdd2bb90ad3bca7bbaed8394,u7c1f-ue0102.svg,
CE-004687,簟,1級,親字,https://www.kanjipedia.jp/common/images/kanji/180/std_7C1F.png,u7c1f-k,collection_id_exact,1,167e01b46bcd0bcdeb20d45590c8396d0c8ff694be3d0f7c3d6de5a674209f66,u7c1f-k.svg,
CE-004687,簟,1級,親字,https://www.kanjipedia.jp/common/images/kanji/180/std_7C1F.png,u7c1f-t,collection_id_exact,1,230cc4facc2d873a22b073d450fe4c129f5710392bc846c642fb057b5626228c,u7c1f-t.svg,
CE-004687,簟,1級,親字,https://www.kanjipedia.jp/common/images/kanji/180/std_7C1F.png,u7c1f-j,collection_id_exact,2,167e01b46bcd0bcdeb20d45590c8396d0c8ff694be3d0f7c3d6de5a674209f66,u7c1f-j.svg,
CE-004687,簟,1級,親字,https://www.kanjipedia.jp/common/images/kanji/180/std_7C1F.png,u7c1f,unicode_exact,8,167e01b46bcd0bcdeb20d45590c8396d0c8ff694be3d0f7c3d6de5a674209f66,u7c1f.svg,
CE-004721,途,1/準1級,旧字,https://www.kanjipedia.jp/common/images/kanji/60/pr_9014.png,u9014-ue0100,ivs_exact,14,0cbbf4c4de97b7c80d0b0170c8ba0b9176dad3136021196a1251a541cd7ccead,u9014-ue0100.svg,
CE-004721,途,1/準1級,旧字,https://www.kanjipedia.jp/common/images/kanji/60/pr_9014.png,u9014-ue0101,ivs_exact,7,19b89a78ba5b412a5b2bf38a45df2d5ec05737842e0536c41c09d2b8c0501fc4,u9014-ue0101.svg,
CE-004721,途,1/準1級,旧字,https://www.kanjipedia.jp/common/images/kanji/60/pr_9014.png,u9014-ue0102,ivs_exact,9,0cbbf4c4de97b7c80d0b0170c8ba0b9176dad3136021196a1251a541cd7ccead,u9014-ue0102.svg,
CE-004721,途,1/準1級,旧字,https://www.kanjipedia.jp/common/images/kanji/60/pr_9014.png,u9014-ue0103,ivs_exact,3,19b89a78ba5b412a5b2bf38a45df2d5ec05737842e0536c41c09d2b8c0501fc4,u9014-ue0103.svg,
CE-004721,途,1/準1級,旧字,https://www.kanjipedia.jp/common/images/kanji/60/pr_9014.png,u9014-k,collection_id_exact,6,19b89a78ba5b412a5b2bf38a45df2d5ec05737842e0536c41c09d2b8c0501fc4,u9014-k.svg,
CE-004721,途,1/準1級,旧字,https://www.kanjipedia.jp/common/images/kanji/60/pr_9014.png,u9014-t,collection_id_exact,3,3f406bfdf5be6f16530579780ea252df8fa1b9dadd020046be62552435a01f5a,u9014-t.svg,
CE-004721,途,1/準1級,旧字,https://www.kanjipedia.jp/common/images/kanji/60/pr_9014.png,u9014-j,collection_id_exact,3,0cbbf4c4de97b7c80d0b0170c8ba0b9176dad3136021196a1251a541cd7ccead,u9014-j.svg,
CE-004721,途,1/準1級,旧字,https://www.kanjipedia.jp/common/images/kanji/60/pr_9014.png,u9014,unicode_exact,15,0cbbf4c4de97b7c80d0b0170c8ba0b9176dad3136021196a1251a541cd7ccead,u9014.svg,
CE-004722,菟,準1級,親字,https://www.kanjipedia.jp/common/images/kanji/180/std_83DF.png,u83df-ue0100,ivs_exact,11,efe23098cadd172ca5e8dc2818fcceeaff64d0d6ef5287949fc16f858b0cc6f7,u83df-ue0100.svg,
CE-004722,菟,準1級,親字,https://www.kanjipedia.jp/common/images/kanji/180/std_83DF.png,u83df-ue0101,ivs_exact,9,f530821551e9aca47fa0d7b96d3b7f7ec3db099fe98ffdaa4301a0fd95fd3a8e,u83df-ue0101.svg,
CE-004722,菟,準1級,親字,https://www.kanjipedia.jp/common/images/kanji/180/std_83DF.png,u83df-ue0102,ivs_exact,10,4ee988168bb2dd78f9dfe82c65a8b16d0f2f2d42d0f85440b0027d19ee4d9640,u83df-ue0102.svg,
CE-004722,菟,準1級,親字,https://www.kanjipedia.jp/common/images/kanji/180/std_83DF.png,u83df-ue0103,ivs_exact,8,c35fc0930ba0f52d9922f99f866ce3c4ac6e9929018b5e748feb160392bd7df1,u83df-ue0103.svg,
CE-004722,菟,準1級,親字,https://www.kanjipedia.jp/common/images/kanji/180/std_83DF.png,u83df-t,collection_id_exact,1,7aaa55a4e240df90d7a7daca36ec8605dd55394adf64d2790e8eeb29d6510881,u83df-t.svg,
CE-004722,菟,準1級,親字,https://www.kanjipedia.jp/common/images/kanji/180/std_83DF.png,u83df-j,collection_id_exact,1,cc4f839efe7c25f4a0c6d9d8dc71e9b3fc1e77689734cc673eaf85feb1fef0de,u83df-j.svg,
CE-004722,菟,準1級,親字,https://www.kanjipedia.jp/common/images/kanji/180/std_83DF.png,u83df,unicode_exact,11,cc4f839efe7c25f4a0c6d9d8dc71e9b3fc1e77689734cc673eaf85feb1fef0de,u83df.svg,
CE-004772,逃,1/準1級,旧字,https://www.kanjipedia.jp/common/images/kanji/60/pr_8FEF.png,u9003-ue0100,ivs_exact,15,5f005bca680a8808d525e143216c7b9c3594d4cf2b37671c836e8e8cfcd6ce2d,u9003-ue0100.svg,
CE-004772,逃,1/準1級,旧字,https://www.kanjipedia.jp/common/images/kanji/60/pr_8FEF.png,u9003-ue0101,ivs_exact,14,9301b10c592dadf4eff5d1a8fb8d24f8fb153115fd7a2db51b78763a6fe7fcc5,u9003-ue0101.svg,
CE-004772,逃,1/準1級,旧字,https://www.kanjipedia.jp/common/images/kanji/60/pr_8FEF.png,u9003-ue0102,ivs_exact,13,ef7f7ef55e5f9a65789cf9ef2a8f2bdca0b1fd80c40554d916ef830212ac947e,u9003-ue0102.svg,
CE-004772,逃,1/準1級,旧字,https://www.kanjipedia.jp/common/images/kanji/60/pr_8FEF.png,u9003-ue0103,ivs_exact,8,dd7da7927ebcd75b72ba08f6e5a956b03a26da4daa24a91cf5ada60215eb8ab6,u9003-ue0103.svg,
CE-004772,逃,1/準1級,旧字,https://www.kanjipedia.jp/common/images/kanji/60/pr_8FEF.png,u9003-k,collection_id_exact,12,d7d5e1b1326ae3f1707d5e8093cae6ba78ec8d8fa40b3dcb9a0ef31ba44596bd,u9003-k.svg,
CE-004772,逃,1/準1級,旧字,https://www.kanjipedia.jp/common/images/kanji/60/pr_8FEF.png,u9003-t,collection_id_exact,7,8bd3f1ba3bb370d3d1a3dea82b004490fb2a819a9ed1c9a62a6e651efac87979,u9003-t.svg,
CE-004772,逃,1/準1級,旧字,https://www.kanjipedia.jp/common/images/kanji/60/pr_8FEF.png,u9003-j,collection_id_exact,2,5f005bca680a8808d525e143216c7b9c3594d4cf2b37671c836e8e8cfcd6ce2d,u9003-j.svg,
CE-004772,逃,1/準1級,旧字,https://www.kanjipedia.jp/common/images/kanji/60/pr_8FEF.png,u9003,unicode_exact,16,5f005bca680a8808d525e143216c7b9c3594d4cf2b37671c836e8e8cfcd6ce2d,u9003.svg,
CE-004786,透,1/準1級,旧字,https://www.kanjipedia.jp/common/images/kanji/60/pr_900F.png,u900f-ue0100,ivs_exact,13,a96ffa5ab442972cf96716e7d5b6ff46dc7b56aedf4ea23aff6fe1e4accc0476,u900f-ue0100.svg,
CE-004786,透,1/準1級,旧字,https://www.kanjipedia.jp/common/images/kanji/60/pr_900F.png,u900f-ue0101,ivs_exact,11,e521033fab58c5f73a1f63ead8601ffcf6864971eaf1c783a7ae588b5c406aca,u900f-ue0101.svg,
CE-004786,透,1/準1級,旧字,https://www.kanjipedia.jp/common/images/kanji/60/pr_900F.png,u900f-ue0102,ivs_exact,8,a96ffa5ab442972cf96716e7d5b6ff46dc7b56aedf4ea23aff6fe1e4accc0476,u900f-ue0102.svg,
CE-004786,透,1/準1級,旧字,https://www.kanjipedia.jp/common/images/kanji/60/pr_900F.png,u900f-ue0103,ivs_exact,6,e521033fab58c5f73a1f63ead8601ffcf6864971eaf1c783a7ae588b5c406aca,u900f-ue0103.svg,
CE-004786,透,1/準1級,旧字,https://www.kanjipedia.jp/common/images/kanji/60/pr_900F.png,u900f-k,collection_id_exact,10,e521033fab58c5f73a1f63ead8601ffcf6864971eaf1c783a7ae588b5c406aca,u900f-k.svg,
CE-004786,透,1/準1級,旧字,https://www.kanjipedia.jp/common/images/kanji/60/pr_900F.png,u900f-t,collection_id_exact,6,38ef9ac4aa247d6f1db550b1c52daa62adadf8742bb0fc49a332bdb973361a0f,u900f-t.svg,
CE-004786,透,1/準1級,旧字,https://www.kanjipedia.jp/common/images/kanji/60/pr_900F.png,u900f-j,collection_id_exact,3,a96ffa5ab442972cf96716e7d5b6ff46dc7b56aedf4ea23aff6fe1e4accc0476,u900f-j.svg,
CE-004786,透,1/準1級,旧字,https://www.kanjipedia.jp/common/images/kanji/60/pr_900F.png,u900f,unicode_exact,14,a96ffa5ab442972cf96716e7d5b6ff46dc7b56aedf4ea23aff6fe1e4accc0476,u900f.svg,
CE-004813,塘,準1級,親字,https://www.kanjipedia.jp/common/images/kanji/180/std_5858.png,u5858-ue0100,ivs_exact,12,bd8396c42547ce289400e74f13cb5ba105539aa585dd4a5ce1271c7c5bef77b9,u5858-ue0100.svg,
CE-004813,塘,準1級,親字,https://www.kanjipedia.jp/common/images/kanji/180/std_5858.png,u5858-ue0101,ivs_exact,8,11a36838e51e5bdb0fe650649a72f379e54b2d8347eede585f42562db4a7fe8c,u5858-ue0101.svg,
CE-004813,塘,準1級,親字,https://www.kanjipedia.jp/common/images/kanji/180/std_5858.png,u5858-ue0102,ivs_exact,8,bd8396c42547ce289400e74f13cb5ba105539aa585dd4a5ce1271c7c5bef77b9,u5858-ue0102.svg,
CE-004813,塘,準1級,親字,https://www.kanjipedia.jp/common/images/kanji/180/std_5858.png,u5858-ue0103,ivs_exact,4,50782b9d06903a94569cc0d10a395f3ee05ab05b6094b2633b26528f3b44f708,u5858-ue0103.svg,
CE-004813,塘,準1級,親字,https://www.kanjipedia.jp/common/images/kanji/180/std_5858.png,u5858-k,collection_id_exact,4,11a36838e51e5bdb0fe650649a72f379e54b2d8347eede585f42562db4a7fe8c,u5858-k.svg,
CE-004813,塘,準1級,親字,https://www.kanjipedia.jp/common/images/kanji/180/std_5858.png,u5858-t,collection_id_exact,1,5584ca2de41dd80eded5b1718a6331e494301e0631ef67baf6ece07bdb89d323,u5858-t.svg,
CE-004813,塘,準1級,親字,https://www.kanjipedia.jp/common/images/kanji/180/std_5858.png,u5858-j,collection_id_exact,2,bd8396c42547ce289400e74f13cb5ba105539aa585dd4a5ce1271c7c5bef77b9,u5858-j.svg,
CE-004813,塘,準1級,親字,https://www.kanjipedia.jp/common/images/kanji/180/std_5858.png,u5858,unicode_exact,13,bd8396c42547ce289400e74f13cb5ba105539aa585dd4a5ce1271c7c5bef77b9,u5858.svg,
CE-004832,滕,1級,親字,https://www.kanjipedia.jp/common/images/kanji/180/std_6ED5.png,u6ed5-ue0100,ivs_exact,3,a86885fd1b33b672154b30fe74439a8da79f69b9fb5d282509e290ef7c65cdd7,u6ed5-ue0100.svg,
CE-004832,滕,1級,親字,https://www.kanjipedia.jp/common/images/kanji/180/std_6ED5.png,u6ed5-ue0101,ivs_exact,6,d0a92a39d5852aa888640c366024352b4edda5f6352ec2fba9c3eadc819f8148,u6ed5-ue0101.svg,
CE-004832,滕,1級,親字,https://www.kanjipedia.jp/common/images/kanji/180/std_6ED5.png,u6ed5-ue0102,ivs_exact,3,a86885fd1b33b672154b30fe74439a8da79f69b9fb5d282509e290ef7c65cdd7,u6ed5-ue0102.svg,
CE-004832,滕,1級,親字,https://www.kanjipedia.jp/common/images/kanji/180/std_6ED5.png,u6ed5-ue0103,ivs_exact,6,d0a92a39d5852aa888640c366024352b4edda5f6352ec2fba9c3eadc819f8148,u6ed5-ue0103.svg,
CE-004832,滕,1級,親字,https://www.kanjipedia.jp/common/images/kanji/180/std_6ED5.png,u6ed5-j,collection_id_exact,2,a86885fd1b33b672154b30fe74439a8da79f69b9fb5d282509e290ef7c65cdd7,u6ed5-j.svg,
CE-004832,滕,1級,親字,https://www.kanjipedia.jp/common/images/kanji/180/std_6ED5.png,u6ed5,unicode_exact,6,a86885fd1b33b672154b30fe74439a8da79f69b9fb5d282509e290ef7c65cdd7,u6ed5.svg,
CE-004841,縢,1級,親字,https://www.kanjipedia.jp/common/images/kanji/180/std_7E22.png,u7e22-ue0100,ivs_exact,12,72908e2ec824b94547ab286599f30d1b69635af5f938aad434d719fcb8c8da0c,u7e22-ue0100.svg,
CE-004841,縢,1級,親字,https://www.kanjipedia.jp/common/images/kanji/180/std_7E22.png,u7e22-ue0101,ivs_exact,6,3790092c8fd229abf3aa11a411d686a35d80e30f12cca98702970013137c1f86,u7e22-ue0101.svg,
CE-004841,縢,1級,親字,https://www.kanjipedia.jp/common/images/kanji/180/std_7E22.png,u7e22-ue0102,ivs_exact,6,8875b71d92fceff152e034559191448f1c37f7619b36d11257bfe0fb8a92bac0,u7e22-ue0102.svg,
CE-004841,縢,1級,親字,https://www.kanjipedia.jp/common/images/kanji/180/std_7E22.png,u7e22-ue0103,ivs_exact,8,72908e2ec824b94547ab286599f30d1b69635af5f938aad434d719fcb8c8da0c,u7e22-ue0103.svg,
CE-004841,縢,1級,親字,https://www.kanjipedia.jp/common/images/kanji/180/std_7E22.png,u7e22-j,collection_id_exact,3,72908e2ec824b94547ab286599f30d1b69635af5f938aad434d719fcb8c8da0c,u7e22-j.svg,
CE-004841,縢,1級,親字,https://www.kanjipedia.jp/common/images/kanji/180/std_7E22.png,u7e22,unicode_exact,15,72908e2ec824b94547ab286599f30d1b69635af5f938aad434d719fcb8c8da0c,u7e22.svg,
CE-004854,謄,1/準1級,旧字,https://www.kanjipedia.jp/common/images/kanji/60/pr_8B04.png,u8b04-ue0100,ivs_exact,14,413c61c8d8ab95d238cdefa397ff38b20466b069fe809915b5c49758fa92ae92,u8b04-ue0100.svg,
CE-004854,謄,1/準1級,旧字,https://www.kanjipedia.jp/common/images/kanji/60/pr_8B04.png,u8b04-ue0101,ivs_exact,10,eb4fe9a7d4af0ff31bcb8aada27f06fb2a2ca127d2d27571fce9026c5e91eaa3,u8b04-ue0101.svg,
CE-004854,謄,1/準1級,旧字,https://www.kanjipedia.jp/common/images/kanji/60/pr_8B04.png,u8b04-ue0102,ivs_exact,10,413c61c8d8ab95d238cdefa397ff38b20466b069fe809915b5c49758fa92ae92,u8b04-ue0102.svg,
CE-004854,謄,1/準1級,旧字,https://www.kanjipedia.jp/common/images/kanji/60/pr_8B04.png,u8b04-ue0103,ivs_exact,12,eb4fe9a7d4af0ff31bcb8aada27f06fb2a2ca127d2d27571fce9026c5e91eaa3,u8b04-ue0103.svg,
CE-004854,謄,1/準1級,旧字,https://www.kanjipedia.jp/common/images/kanji/60/pr_8B04.png,u8b04-k,collection_id_exact,11,2a366e7903963cac470f8459cd577139889a000b4e140c72f25cb05258835146,u8b04-k.svg,
CE-004854,謄,1/準1級,旧字,https://www.kanjipedia.jp/common/images/kanji/60/pr_8B04.png,u8b04-t,collection_id_exact,1,c9af0b4a25cb5020d6b24b417559124ae4c227d0601b436da17ddcdfe691248c,u8b04-t.svg,
CE-004854,謄,1/準1級,旧字,https://www.kanjipedia.jp/common/images/kanji/60/pr_8B04.png,u8b04-j,collection_id_exact,4,413c61c8d8ab95d238cdefa397ff38b20466b069fe809915b5c49758fa92ae92,u8b04-j.svg,
CE-004854,謄,1/準1級,旧字,https://www.kanjipedia.jp/common/images/kanji/60/pr_8B04.png,u8b04,unicode_exact,16,413c61c8d8ab95d238cdefa397ff38b20466b069fe809915b5c49758fa92ae92,u8b04.svg,
CE-004871,韜,1級,親字,https://www.kanjipedia.jp/common/images/kanji/180/std_97DC.png,u97dc-ue0100,ivs_exact,10,fa514cdecac456781e977e92a4220a56d23903c782c730cc5d51781c1e26f626,u97dc-ue0100.svg,
CE-004871,韜,1級,親字,https://www.kanjipedia.jp/common/images/kanji/180/std_97DC.png,u97dc-ue0101,ivs_exact,8,fa514cdecac456781e977e92a4220a56d23903c782c730cc5d51781c1e26f626,u97dc-ue0101.svg,
CE-004871,韜,1級,親字,https://www.kanjipedia.jp/common/images/kanji/180/std_97DC.png,u97dc-ue0102,ivs_exact,7,7b93591855615f30e52bbb4865dd6c1f5e4933a1e399c0cda270ec3cf500ea8f,u97dc-ue0102.svg,
CE-004871,韜,1級,親字,https://www.kanjipedia.jp/common/images/kanji/180/std_97DC.png,u97dc-ue0103,ivs_exact,1,fc6b3cd845151c94e5e2ad82ca3b7cf1a5f4364dc17cade76b9e0722a13cd44a,u97dc-ue0103.svg,
CE-004871,韜,1級,親字,https://www.kanjipedia.jp/common/images/kanji/180/std_97DC.png,u97dc-k,collection_id_exact,10,fa514cdecac456781e977e92a4220a56d23903c782c730cc5d51781c1e26f626,u97dc-k.svg,
CE-004871,韜,1級,親字,https://www.kanjipedia.jp/common/images/kanji/180/std_97DC.png,u97dc-j,collection_id_exact,3,fa514cdecac456781e977e92a4220a56d23903c782c730cc5d51781c1e26f626,u97dc-j.svg,
CE-004871,韜,1級,親字,https://www.kanjipedia.jp/common/images/kanji/180/std_97DC.png,u97dc,unicode_exact,13,fa514cdecac456781e977e92a4220a56d23903c782c730cc5d51781c1e26f626,u97dc.svg,
CE-004877,騰,1/準1級,旧字,https://www.kanjipedia.jp/common/images/kanji/60/pr_9A30.png,u9a30-ue0100,ivs_exact,11,fd3ad7caa20d4c9ca08091f5a7545567b5d3822934d9bcd409a19a3e982ea01e,u9a30-ue0100.svg,
CE-004877,騰,1/準1級,旧字,https://www.kanjipedia.jp/common/images/kanji/60/pr_9A30.png,u9a30-ue0101,ivs_exact,10,60466f4850c001be9a58a6bc6ab38b8aa56407fe16109ae2bb7612e9ccd360c2,u9a30-ue0101.svg,
CE-004877,騰,1/準1級,旧字,https://www.kanjipedia.jp/common/images/kanji/60/pr_9A30.png,u9a30-ue0102,ivs_exact,7,fd3ad7caa20d4c9ca08091f5a7545567b5d3822934d9bcd409a19a3e982ea01e,u9a30-ue0102.svg,
CE-004877,騰,1/準1級,旧字,https://www.kanjipedia.jp/common/images/kanji/60/pr_9A30.png,u9a30-ue0103,ivs_exact,4,60466f4850c001be9a58a6bc6ab38b8aa56407fe16109ae2bb7612e9ccd360c2,u9a30-ue0103.svg,
CE-004877,騰,1/準1級,旧字,https://www.kanjipedia.jp/common/images/kanji/60/pr_9A30.png,u9a30-k,collection_id_exact,4,82ce782d1c4beb89c8c95e762b4a81cee313f822cdcf3c079571e7f8765580c8,u9a30-k.svg,
CE-004877,騰,1/準1級,旧字,https://www.kanjipedia.jp/common/images/kanji/60/pr_9A30.png,u9a30-t,collection_id_exact,1,2dbf91b121ebbdea5694bd7fc84187f45c035059264bba3edb9d6d094d8e8dba,u9a30-t.svg,
CE-004877,騰,1/準1級,旧字,https://www.kanjipedia.jp/common/images/kanji/60/pr_9A30.png,u9a30-j,collection_id_exact,2,fd3ad7caa20d4c9ca08091f5a7545567b5d3822934d9bcd409a19a3e982ea01e,u9a30-j.svg,
CE-004877,騰,1/準1級,旧字,https://www.kanjipedia.jp/common/images/kanji/60/pr_9A30.png,u9a30,unicode_exact,12,fd3ad7caa20d4c9ca08091f5a7545567b5d3822934d9bcd409a19a3e982ea01e,u9a30.svg,
CE-004878,籐,1級,親字,https://www.kanjipedia.jp/common/images/kanji/180/std_7C50.png,u7c50-ue0100,ivs_exact,7,be36188ca691357591f867b3275b01b1e603f03f3d1ac8532cf598bae9447856,u7c50-ue0100.svg,
CE-004878,籐,1級,親字,https://www.kanjipedia.jp/common/images/kanji/180/std_7C50.png,u7c50-ue0101,ivs_exact,11,114cd51c0cc79f96760a536781240d8e80ab661e4e1bb1e3074c77044eef49d9,u7c50-ue0101.svg,
CE-004878,籐,1級,親字,https://www.kanjipedia.jp/common/images/kanji/180/std_7C50.png,u7c50-ue0102,ivs_exact,7,5f53e981a8007258876f7ee43101b7372fda9c8e24814e10f7bff17baa43dc25,u7c50-ue0102.svg,
CE-004878,籐,1級,親字,https://www.kanjipedia.jp/common/images/kanji/180/std_7C50.png,u7c50-ue0103,ivs_exact,5,be36188ca691357591f867b3275b01b1e603f03f3d1ac8532cf598bae9447856,u7c50-ue0103.svg,
CE-004878,籐,1級,親字,https://www.kanjipedia.jp/common/images/kanji/180/std_7C50.png,u7c50-j,collection_id_exact,2,be36188ca691357591f867b3275b01b1e603f03f3d1ac8532cf598bae9447856,u7c50-j.svg,
CE-004878,籐,1級,親字,https://www.kanjipedia.jp/common/images/kanji/180/std_7C50.png,u7c50,unicode_exact,7,be36188ca691357591f867b3275b01b1e603f03f3d1ac8532cf598bae9447856,u7c50.svg,
CE-004895,道,1/準1級,旧字,https://www.kanjipedia.jp/common/images/kanji/60/pr_885F.png,u9053-ue0100,ivs_exact,20,3ea6b781f6c9c30119761b321b9551662c8db7d29860a230a9bcdf34024ce7e9,u9053-ue0100.svg,
CE-004895,道,1/準1級,旧字,https://www.kanjipedia.jp/common/images/kanji/60/pr_885F.png,u9053-ue0101,ivs_exact,14,e6a3386ecc8dbd29dc1a6e809653bad0af3a770990bfb6c669a74f13d2d76342,u9053-ue0101.svg,
CE-004895,道,1/準1級,旧字,https://www.kanjipedia.jp/common/images/kanji/60/pr_885F.png,u9053-ue0102,ivs_exact,13,3ea6b781f6c9c30119761b321b9551662c8db7d29860a230a9bcdf34024ce7e9,u9053-ue0102.svg,
CE-004895,道,1/準1級,旧字,https://www.kanjipedia.jp/common/images/kanji/60/pr_885F.png,u9053-ue0103,ivs_exact,10,e6a3386ecc8dbd29dc1a6e809653bad0af3a770990bfb6c669a74f13d2d76342,u9053-ue0103.svg,
CE-004895,道,1/準1級,旧字,https://www.kanjipedia.jp/common/images/kanji/60/pr_885F.png,u9053-k,collection_id_exact,15,e6a3386ecc8dbd29dc1a6e809653bad0af3a770990bfb6c669a74f13d2d76342,u9053-k.svg,
CE-004895,道,1/準1級,旧字,https://www.kanjipedia.jp/common/images/kanji/60/pr_885F.png,u9053-t,collection_id_exact,12,f5384ac1af0799630131ae0e89f2946f28ab7878ed46b95d6040ed3a4fb36772,u9053-t.svg,
CE-004895,道,1/準1級,旧字,https://www.kanjipedia.jp/common/images/kanji/60/pr_885F.png,u9053-j,collection_id_exact,7,3ea6b781f6c9c30119761b321b9551662c8db7d29860a230a9bcdf34024ce7e9,u9053-j.svg,
CE-004895,道,1/準1級,旧字,https://www.kanjipedia.jp/common/images/kanji/60/pr_885F.png,u9053,unicode_exact,21,3ea6b781f6c9c30119761b321b9551662c8db7d29860a230a9bcdf34024ce7e9,u9053.svg,
CE-004902,導,1/準1級,旧字,https://www.kanjipedia.jp/common/images/kanji/60/pr_5C0E.png,u5c0e-ue0100,ivs_exact,5,d14c2d2abde3c6fb158d78afaae0c2db8aa4550cdf87c78d9694c2bdb0841b37,u5c0e-ue0100.svg,
CE-004902,導,1/準1級,旧字,https://www.kanjipedia.jp/common/images/kanji/60/pr_5C0E.png,u5c0e-ue0101,ivs_exact,7,db1346e49c6cd6a6d3b84833365421e8425bef7444753d948176f1f760c6b57e,u5c0e-ue0101.svg,
CE-004902,導,1/準1級,旧字,https://www.kanjipedia.jp/common/images/kanji/60/pr_5C0E.png,u5c0e-ue0102,ivs_exact,5,d14c2d2abde3c6fb158d78afaae0c2db8aa4550cdf87c78d9694c2bdb0841b37,u5c0e-ue0102.svg,
CE-004902,導,1/準1級,旧字,https://www.kanjipedia.jp/common/images/kanji/60/pr_5C0E.png,u5c0e-ue0103,ivs_exact,5,db1346e49c6cd6a6d3b84833365421e8425bef7444753d948176f1f760c6b57e,u5c0e-ue0103.svg,
CE-004902,導,1/準1級,旧字,https://www.kanjipedia.jp/common/images/kanji/60/pr_5C0E.png,u5c0e-k,collection_id_exact,4,db1346e49c6cd6a6d3b84833365421e8425bef7444753d948176f1f760c6b57e,u5c0e-k.svg,
CE-004902,導,1/準1級,旧字,https://www.kanjipedia.jp/common/images/kanji/60/pr_5C0E.png,u5c0e-t,collection_id_exact,3,474fddacf0728062a521ea3222caf6240119dfdc46b2673c498e7a15f198f0ef,u5c0e-t.svg,
CE-004902,導,1/準1級,旧字,https://www.kanjipedia.jp/common/images/kanji/60/pr_5C0E.png,u5c0e-j,collection_id_exact,1,d14c2d2abde3c6fb158d78afaae0c2db8aa4550cdf87c78d9694c2bdb0841b37,u5c0e-j.svg,
CE-004902,導,1/準1級,旧字,https://www.kanjipedia.jp/common/images/kanji/60/pr_5C0E.png,u5c0e,unicode_exact,5,d14c2d2abde3c6fb158d78afaae0c2db8aa4550cdf87c78d9694c2bdb0841b37,u5c0e.svg,
CE-004936,鯲,1級,親字,https://www.kanjipedia.jp/common/images/kanji/180/std_9BF2.png,u9bf2-ue0100,ivs_exact,7,6e6108e7fa8342d249406620d8343efb3eab4f91a1d96a97309407f0e8112a6c,u9bf2-ue0100.svg,
CE-004936,鯲,1級,親字,https://www.kanjipedia.jp/common/images/kanji/180/std_9BF2.png,u9bf2-ue0101,ivs_exact,4,d50ecc09e1321e7f7c534a2fb577f8b54a14f27f3c1a96ed38e1f7597a739342,u9bf2-ue0101.svg,
CE-004936,鯲,1級,親字,https://www.kanjipedia.jp/common/images/kanji/180/std_9BF2.png,u9bf2-ue0102,ivs_exact,4,6e6108e7fa8342d249406620d8343efb3eab4f91a1d96a97309407f0e8112a6c,u9bf2-ue0102.svg,
CE-004936,鯲,1級,親字,https://www.kanjipedia.jp/common/images/kanji/180/std_9BF2.png,u9bf2-ue0103,ivs_exact,2,d50ecc09e1321e7f7c534a2fb577f8b54a14f27f3c1a96ed38e1f7597a739342,u9bf2-ue0103.svg,
CE-004936,鯲,1級,親字,https://www.kanjipedia.jp/common/images/kanji/180/std_9BF2.png,u9bf2,unicode_exact,8,6e6108e7fa8342d249406620d8343efb3eab4f91a1d96a97309407f0e8112a6c,u9bf2.svg,
CE-004950,鞆,1級,親字,https://www.kanjipedia.jp/common/images/kanji/180/nw_0005.png,u9786-ue0100,ivs_exact,11,aacaf8e5dd8b5c96d546107a3535d1bac95c37ac73d7435c6d4a11da0bf063e3,u9786-ue0100.svg,
CE-004950,鞆,1級,親字,https://www.kanjipedia.jp/common/images/kanji/180/nw_0005.png,u9786-ue0101,ivs_exact,8,aacaf8e5dd8b5c96d546107a3535d1bac95c37ac73d7435c6d4a11da0bf063e3,u9786-ue0101.svg,
CE-004950,鞆,1級,親字,https://www.kanjipedia.jp/common/images/kanji/180/nw_0005.png,u9786-ue0102,ivs_exact,6,f8e8923720d82fdf179bc113ac2377eeaf661fe7e0084e02d4b78d382cb7b99e,u9786-ue0102.svg,
CE-004950,鞆,1級,親字,https://www.kanjipedia.jp/common/images/kanji/180/nw_0005.png,u9786,unicode_exact,11,aacaf8e5dd8b5c96d546107a3535d1bac95c37ac73d7435c6d4a11da0bf063e3,u9786.svg,
CE-004978,内,1/準1級,旧字,https://www.kanjipedia.jp/common/images/kanji/60/pr_5167.png,u5185-ue0100,ivs_exact,4,4cee93182943d370f7794f2aac303b994314e26736ffd329c61f4f448aabd981,u5185-ue0100.svg,
CE-004978,内,1/準1級,旧字,https://www.kanjipedia.jp/common/images/kanji/60/pr_5167.png,u5185-ue0101,ivs_exact,4,4cee93182943d370f7794f2aac303b994314e26736ffd329c61f4f448aabd981,u5185-ue0101.svg,
CE-004978,内,1/準1級,旧字,https://www.kanjipedia.jp/common/images/kanji/60/pr_5167.png,u5185-ue0102,ivs_exact,6,4a28ce5a31c99eddc884f914d38e229da9534ed9fc22de8ab5bc7f90402be88c,u5185-ue0102.svg,
CE-004978,内,1/準1級,旧字,https://www.kanjipedia.jp/common/images/kanji/60/pr_5167.png,u5185-t,collection_id_exact,1,4cee93182943d370f7794f2aac303b994314e26736ffd329c61f4f448aabd981,u5185-t.svg,
CE-004978,内,1/準1級,旧字,https://www.kanjipedia.jp/common/images/kanji/60/pr_5167.png,u5185-j,collection_id_exact,2,4cee93182943d370f7794f2aac303b994314e26736ffd329c61f4f448aabd981,u5185-j.svg,
CE-004978,内,1/準1級,旧字,https://www.kanjipedia.jp/common/images/kanji/60/pr_5167.png,u5185,unicode_exact,4,4cee93182943d370f7794f2aac303b994314e26736ffd329c61f4f448aabd981,u5185.svg,
CE-005007,乳,1/準1級,旧字,https://www.kanjipedia.jp/common/images/kanji/60/pr_4E73.png,u4e73-ue0100,ivs_exact,8,50230593c714f4b62e85d2b96a82d696d20efb163740f875e3fbe6a370a75f3a,u4e73-ue0100.svg,
CE-005007,乳,1/準1級,旧字,https://www.kanjipedia.jp/common/images/kanji/60/pr_4E73.png,u4e73-ue0101,ivs_exact,9,be1ce4459d2a0590139db99b90480a56840699059f1bde99d01c57278ad7e75a,u4e73-ue0101.svg,
CE-005007,乳,1/準1級,旧字,https://www.kanjipedia.jp/common/images/kanji/60/pr_4E73.png,u4e73-ue0102,ivs_exact,5,50230593c714f4b62e85d2b96a82d696d20efb163740f875e3fbe6a370a75f3a,u4e73-ue0102.svg,
CE-005007,乳,1/準1級,旧字,https://www.kanjipedia.jp/common/images/kanji/60/pr_4E73.png,u4e73-ue0103,ivs_exact,6,be1ce4459d2a0590139db99b90480a56840699059f1bde99d01c57278ad7e75a,u4e73-ue0103.svg,
CE-005007,乳,1/準1級,旧字,https://www.kanjipedia.jp/common/images/kanji/60/pr_4E73.png,u4e73-k,collection_id_exact,5,be1ce4459d2a0590139db99b90480a56840699059f1bde99d01c57278ad7e75a,u4e73-k.svg,
CE-005007,乳,1/準1級,旧字,https://www.kanjipedia.jp/common/images/kanji/60/pr_4E73.png,u4e73-t,collection_id_exact,4,50230593c714f4b62e85d2b96a82d696d20efb163740f875e3fbe6a370a75f3a,u4e73-t.svg,
CE-005007,乳,1/準1級,旧字,https://www.kanjipedia.jp/common/images/kanji/60/pr_4E73.png,u4e73-j,collection_id_exact,3,50230593c714f4b62e85d2b96a82d696d20efb163740f875e3fbe6a370a75f3a,u4e73-j.svg,
CE-005007,乳,1/準1級,旧字,https://www.kanjipedia.jp/common/images/kanji/60/pr_4E73.png,u4e73,unicode_exact,11,50230593c714f4b62e85d2b96a82d696d20efb163740f875e3fbe6a370a75f3a,u4e73.svg,
CE-005012,忍,1/準1級,旧字,https://www.kanjipedia.jp/common/images/kanji/60/pr_5FCD.png,u5fcd-ue0100,ivs_exact,7,026568cf400dbbc2e96e6d62ebe4462c395fdee756fd6feceb4d1f4bf91d2ed7,u5fcd-ue0100.svg,
CE-005012,忍,1/準1級,旧字,https://www.kanjipedia.jp/common/images/kanji/60/pr_5FCD.png,u5fcd-ue0101,ivs_exact,12,05a6a6f05ce281d56e4c05813738d85e15d9bf597cf2b80de5d9f22f05c86f5f,u5fcd-ue0101.svg,
CE-005012,忍,1/準1級,旧字,https://www.kanjipedia.jp/common/images/kanji/60/pr_5FCD.png,u5fcd-ue0102,ivs_exact,4,026568cf400dbbc2e96e6d62ebe4462c395fdee756fd6feceb4d1f4bf91d2ed7,u5fcd-ue0102.svg,
CE-005012,忍,1/準1級,旧字,https://www.kanjipedia.jp/common/images/kanji/60/pr_5FCD.png,u5fcd-ue0103,ivs_exact,5,dc6cd858bda255a1a3f1aa6ba5bfb373036c8d2d7c701217444ddd578d86b2e3,u5fcd-ue0103.svg,
CE-005012,忍,1/準1級,旧字,https://www.kanjipedia.jp/common/images/kanji/60/pr_5FCD.png,u5fcd-k,collection_id_exact,9,05a6a6f05ce281d56e4c05813738d85e15d9bf597cf2b80de5d9f22f05c86f5f,u5fcd-k.svg,
CE-005012,忍,1/準1級,旧字,https://www.kanjipedia.jp/common/images/kanji/60/pr_5FCD.png,u5fcd-t,collection_id_exact,2,c6227bc545593e7f1dd9e79af9c8cbf46716b614db7b99652aeff2a5d2a68d49,u5fcd-t.svg,
CE-005012,忍,1/準1級,旧字,https://www.kanjipedia.jp/common/images/kanji/60/pr_5FCD.png,u5fcd-j,collection_id_exact,3,026568cf400dbbc2e96e6d62ebe4462c395fdee756fd6feceb4d1f4bf91d2ed7,u5fcd-j.svg,
CE-005012,忍,1/準1級,旧字,https://www.kanjipedia.jp/common/images/kanji/60/pr_5FCD.png,u5fcd,unicode_exact,9,026568cf400dbbc2e96e6d62ebe4462c395fdee756fd6feceb4d1f4bf91d2ed7,u5fcd.svg,
CE-005014,荵,1級,親字,https://www.kanjipedia.jp/common/images/kanji/180/std_8375.png,u8375-ue0100,ivs_exact,13,1bf11bd206b50cd2d5abaed730c68452052b2942828aa233d6e37de73ab9e544,u8375-ue0100.svg,
CE-005014,荵,1級,親字,https://www.kanjipedia.jp/common/images/kanji/180/std_8375.png,u8375-ue0101,ivs_exact,12,e663d7b51792f1f18ec25c4b46f8731e1422edc3009102966cad9a8831b7060b,u8375-ue0101.svg,
CE-005014,荵,1級,親字,https://www.kanjipedia.jp/common/images/kanji/180/std_8375.png,u8375-ue0102,ivs_exact,9,1bf11bd206b50cd2d5abaed730c68452052b2942828aa233d6e37de73ab9e544,u8375-ue0102.svg,
CE-005014,荵,1級,親字,https://www.kanjipedia.jp/common/images/kanji/180/std_8375.png,u8375-ue0103,ivs_exact,11,e8be6183ed611f89cc38e06c338f6954910fdd70f69dbaaafd73579c0e516aa7,u8375-ue0103.svg,
CE-005014,荵,1級,親字,https://www.kanjipedia.jp/common/images/kanji/180/std_8375.png,u8375,unicode_exact,13,1bf11bd206b50cd2d5abaed730c68452052b2942828aa233d6e37de73ab9e544,u8375.svg,
CE-005133,迫,1/準1級,旧字,https://www.kanjipedia.jp/common/images/kanji/60/pr_8FEB.png,u8feb-ue0100,ivs_exact,16,30bf7abd7145a5480dec3738bd077b200af97b518977a63623287985dd223698,u8feb-ue0100.svg,
CE-005133,迫,1/準1級,旧字,https://www.kanjipedia.jp/common/images/kanji/60/pr_8FEB.png,u8feb-ue0101,ivs_exact,11,8617f5203ca247c61356ac23d23751c55ab304bf790c162c5bc593ecea418643,u8feb-ue0101.svg,
CE-005133,迫,1/準1級,旧字,https://www.kanjipedia.jp/common/images/kanji/60/pr_8FEB.png,u8feb-ue0102,ivs_exact,10,30bf7abd7145a5480dec3738bd077b200af97b518977a63623287985dd223698,u8feb-ue0102.svg,
CE-005133,迫,1/準1級,旧字,https://www.kanjipedia.jp/common/images/kanji/60/pr_8FEB.png,u8feb-ue0103,ivs_exact,7,8617f5203ca247c61356ac23d23751c55ab304bf790c162c5bc593ecea418643,u8feb-ue0103.svg,
CE-005133,迫,1/準1級,旧字,https://www.kanjipedia.jp/common/images/kanji/60/pr_8FEB.png,u8feb-k,collection_id_exact,10,8617f5203ca247c61356ac23d23751c55ab304bf790c162c5bc593ecea418643,u8feb-k.svg,
CE-005133,迫,1/準1級,旧字,https://www.kanjipedia.jp/common/images/kanji/60/pr_8FEB.png,u8feb-t,collection_id_exact,4,f8815dcb139650bc071e31b31399de0d91faa91b959180c3a445c9e66ddf5d79,u8feb-t.svg,
CE-005133,迫,1/準1級,旧字,https://www.kanjipedia.jp/common/images/kanji/60/pr_8FEB.png,u8feb-j,collection_id_exact,6,30bf7abd7145a5480dec3738bd077b200af97b518977a63623287985dd223698,u8feb-j.svg,
CE-005133,迫,1/準1級,旧字,https://www.kanjipedia.jp/common/images/kanji/60/pr_8FEB.png,u8feb,unicode_exact,16,30bf7abd7145a5480dec3738bd077b200af97b518977a63623287985dd223698,u8feb.svg,
CE-005202,半,1/準1級,旧字,https://www.kanjipedia.jp/common/images/kanji/60/pr_534A.png,u534a-ue0100,ivs_exact,4,6d13b35daef1a4e9c393fa878f91175484aae54593e145953310705714180e02,u534a-ue0100.svg,
CE-005202,半,1/準1級,旧字,https://www.kanjipedia.jp/common/images/kanji/60/pr_534A.png,u534a-ue0101,ivs_exact,2,3a6ca6596977a84848be4b06e7753c4d3ea7b9b94f00a52486d2b88ce507e41b,u534a-ue0101.svg,
CE-005202,半,1/準1級,旧字,https://www.kanjipedia.jp/common/images/kanji/60/pr_534A.png,u534a-ue0102,ivs_exact,4,6d13b35daef1a4e9c393fa878f91175484aae54593e145953310705714180e02,u534a-ue0102.svg,
CE-005202,半,1/準1級,旧字,https://www.kanjipedia.jp/common/images/kanji/60/pr_534A.png,u534a-ue0103,ivs_exact,2,3a6ca6596977a84848be4b06e7753c4d3ea7b9b94f00a52486d2b88ce507e41b,u534a-ue0103.svg,
CE-005202,半,1/準1級,旧字,https://www.kanjipedia.jp/common/images/kanji/60/pr_534A.png,u534a-k,collection_id_exact,2,3a6ca6596977a84848be4b06e7753c4d3ea7b9b94f00a52486d2b88ce507e41b,u534a-k.svg,
CE-005202,半,1/準1級,旧字,https://www.kanjipedia.jp/common/images/kanji/60/pr_534A.png,u534a-t,collection_id_exact,2,6d13b35daef1a4e9c393fa878f91175484aae54593e145953310705714180e02,u534a-t.svg,
CE-005202,半,1/準1級,旧字,https://www.kanjipedia.jp/common/images/kanji/60/pr_534A.png,u534a-j,collection_id_exact,2,6d13b35daef1a4e9c393fa878f91175484aae54593e145953310705714180e02,u534a-j.svg,
CE-005202,半,1/準1級,旧字,https://www.kanjipedia.jp/common/images/kanji/60/pr_534A.png,u534a,unicode_exact,5,6d13b35daef1a4e9c393fa878f91175484aae54593e145953310705714180e02,u534a.svg,
CE-005207,汎,1/準1級,旧字,https://www.kanjipedia.jp/common/images/kanji/60/skj_8190.png,u6c4e-ue0100,ivs_exact,16,815a155fa0e188414a8cc46b17ef70b261f70633b3c66442cddce3edb2b85e12,u6c4e-ue0100.svg,
CE-005207,汎,1/準1級,旧字,https://www.kanjipedia.jp/common/images/kanji/60/skj_8190.png,u6c4e-ue0101,ivs_exact,12,815a155fa0e188414a8cc46b17ef70b261f70633b3c66442cddce3edb2b85e12,u6c4e-ue0101.svg,
CE-005207,汎,1/準1級,旧字,https://www.kanjipedia.jp/common/images/kanji/60/skj_8190.png,u6c4e-ue0102,ivs_exact,9,36f4083d5891847d0b76de614f196f88fc01eb5596c89697db7bb5b222ed9a3d,u6c4e-ue0102.svg,
CE-005207,汎,1/準1級,旧字,https://www.kanjipedia.jp/common/images/kanji/60/skj_8190.png,u6c4e-k,collection_id_exact,12,815a155fa0e188414a8cc46b17ef70b261f70633b3c66442cddce3edb2b85e12,u6c4e-k.svg,
CE-005207,汎,1/準1級,旧字,https://www.kanjipedia.jp/common/images/kanji/60/skj_8190.png,u6c4e-j,collection_id_exact,8,815a155fa0e188414a8cc46b17ef70b261f70633b3c66442cddce3edb2b85e12,u6c4e-j.svg,
CE-005207,汎,1/準1級,旧字,https://www.kanjipedia.jp/common/images/kanji/60/skj_8190.png,u6c4e,unicode_exact,17,815a155fa0e188414a8cc46b17ef70b261f70633b3c66442cddce3edb2b85e12,u6c4e.svg,
CE-005209,伴,1/準1級,旧字,https://www.kanjipedia.jp/common/images/kanji/60/pr_4F34.png,u4f34-ue0100,ivs_exact,10,a317ac8713539370b5b4ce154be309927d8f65e7ff44cbddb4c38171c37f31ad,u4f34-ue0100.svg,
CE-005209,伴,1/準1級,旧字,https://www.kanjipedia.jp/common/images/kanji/60/pr_4F34.png,u4f34-ue0101,ivs_exact,8,7199f6c6f081905f7b72116e14b3a1742401d84fc15dbafdec8ddef9f2621ac8,u4f34-ue0101.svg,
CE-005209,伴,1/準1級,旧字,https://www.kanjipedia.jp/common/images/kanji/60/pr_4F34.png,u4f34-ue0102,ivs_exact,7,a317ac8713539370b5b4ce154be309927d8f65e7ff44cbddb4c38171c37f31ad,u4f34-ue0102.svg,
CE-005209,伴,1/準1級,旧字,https://www.kanjipedia.jp/common/images/kanji/60/pr_4F34.png,u4f34-ue0103,ivs_exact,6,7199f6c6f081905f7b72116e14b3a1742401d84fc15dbafdec8ddef9f2621ac8,u4f34-ue0103.svg,
CE-005209,伴,1/準1級,旧字,https://www.kanjipedia.jp/common/images/kanji/60/pr_4F34.png,u4f34-k,collection_id_exact,8,7199f6c6f081905f7b72116e14b3a1742401d84fc15dbafdec8ddef9f2621ac8,u4f34-k.svg,
CE-005209,伴,1/準1級,旧字,https://www.kanjipedia.jp/common/images/kanji/60/pr_4F34.png,u4f34-t,collection_id_exact,2,a317ac8713539370b5b4ce154be309927d8f65e7ff44cbddb4c38171c37f31ad,u4f34-t.svg,
CE-005209,伴,1/準1級,旧字,https://www.kanjipedia.jp/common/images/kanji/60/pr_4F34.png,u4f34-j,collection_id_exact,3,a317ac8713539370b5b4ce154be309927d8f65e7ff44cbddb4c38171c37f31ad,u4f34-j.svg,
CE-005209,伴,1/準1級,旧字,https://www.kanjipedia.jp/common/images/kanji/60/pr_4F34.png,u4f34,unicode_exact,10,a317ac8713539370b5b4ce154be309927d8f65e7ff44cbddb4c38171c37f31ad,u4f34.svg,
CE-005211,判,1/準1級,旧字,https://www.kanjipedia.jp/common/images/kanji/60/pr_5224.png,u5224-ue0100,ivs_exact,11,a7a2093c2eaba23231493a473b02283bf5558d5aadfb06da0b9263dcd0ca46dc,u5224-ue0100.svg,
CE-005211,判,1/準1級,旧字,https://www.kanjipedia.jp/common/images/kanji/60/pr_5224.png,u5224-ue0101,ivs_exact,9,60923a6cc65df3e7ca837d38e53e464113b264995c140beb56f10a74cf225107,u5224-ue0101.svg,
CE-005211,判,1/準1級,旧字,https://www.kanjipedia.jp/common/images/kanji/60/pr_5224.png,u5224-ue0102,ivs_exact,8,a7a2093c2eaba23231493a473b02283bf5558d5aadfb06da0b9263dcd0ca46dc,u5224-ue0102.svg,
CE-005211,判,1/準1級,旧字,https://www.kanjipedia.jp/common/images/kanji/60/pr_5224.png,u5224-ue0103,ivs_exact,5,1374625a5f1c27b00fb1383f7d47c75a1f99ac07cc58339152c71f9cc4ccac98,u5224-ue0103.svg,
CE-005211,判,1/準1級,旧字,https://www.kanjipedia.jp/common/images/kanji/60/pr_5224.png,u5224-k,collection_id_exact,6,60923a6cc65df3e7ca837d38e53e464113b264995c140beb56f10a74cf225107,u5224-k.svg,
CE-005211,判,1/準1級,旧字,https://www.kanjipedia.jp/common/images/kanji/60/pr_5224.png,u5224-t,collection_id_exact,5,44c1609f2a4171010dda8b95436c8883cff184c2dfcd563d9bddb33a5e36b9e5,u5224-t.svg,
CE-005211,判,1/準1級,旧字,https://www.kanjipedia.jp/common/images/kanji/60/pr_5224.png,u5224-j,collection_id_exact,6,a7a2093c2eaba23231493a473b02283bf5558d5aadfb06da0b9263dcd0ca46dc,u5224-j.svg,
CE-005211,判,1/準1級,旧字,https://www.kanjipedia.jp/common/images/kanji/60/pr_5224.png,u5224,unicode_exact,12,a7a2093c2eaba23231493a473b02283bf5558d5aadfb06da0b9263dcd0ca46dc,u5224.svg,
CE-005224,畔,1/準1級,旧字,https://www.kanjipedia.jp/common/images/kanji/60/pr_7554.png,u7554-ue0100,ivs_exact,10,6447981c692971492ddfd2d9c618c0b82c41aec1fe787ecfd27a032a4c7df896,u7554-ue0100.svg,
CE-005224,畔,1/準1級,旧字,https://www.kanjipedia.jp/common/images/kanji/60/pr_7554.png,u7554-ue0101,ivs_exact,7,3385812650ccd2a61100fc745b19b0a62df16958b3004af1701c2656da96e469,u7554-ue0101.svg,
CE-005224,畔,1/準1級,旧字,https://www.kanjipedia.jp/common/images/kanji/60/pr_7554.png,u7554-ue0102,ivs_exact,6,6447981c692971492ddfd2d9c618c0b82c41aec1fe787ecfd27a032a4c7df896,u7554-ue0102.svg,
CE-005224,畔,1/準1級,旧字,https://www.kanjipedia.jp/common/images/kanji/60/pr_7554.png,u7554-ue0103,ivs_exact,6,3385812650ccd2a61100fc745b19b0a62df16958b3004af1701c2656da96e469,u7554-ue0103.svg,
CE-005224,畔,1/準1級,旧字,https://www.kanjipedia.jp/common/images/kanji/60/pr_7554.png,u7554-k,collection_id_exact,6,3385812650ccd2a61100fc745b19b0a62df16958b3004af1701c2656da96e469,u7554-k.svg,
CE-005224,畔,1/準1級,旧字,https://www.kanjipedia.jp/common/images/kanji/60/pr_7554.png,u7554-j,collection_id_exact,2,6447981c692971492ddfd2d9c618c0b82c41aec1fe787ecfd27a032a4c7df896,u7554-j.svg,
CE-005224,畔,1/準1級,旧字,https://www.kanjipedia.jp/common/images/kanji/60/pr_7554.png,u7554,unicode_exact,10,6447981c692971492ddfd2d9c618c0b82c41aec1fe787ecfd27a032a4c7df896,u7554.svg,
CE-005306,扉,1/準1級,旧字,https://www.kanjipedia.jp/common/images/kanji/60/pr_6249.png,u6249-ue0100,ivs_exact,8,6143bc26e0115a2721bf71beb948e8d07931e065f2fbb57c998c4c26e1fb6c6d,u6249-ue0100.svg,
CE-005306,扉,1/準1級,旧字,https://www.kanjipedia.jp/common/images/kanji/60/pr_6249.png,u6249-ue0101,ivs_exact,4,b4b0597e013c30a9fdee4a5dca933e6a167ea613b8189ffc4279699451fb3875,u6249-ue0101.svg,
CE-005306,扉,1/準1級,旧字,https://www.kanjipedia.jp/common/images/kanji/60/pr_6249.png,u6249-ue0102,ivs_exact,3,a9463a8cf1e8173848d0c22500d1bb0b8f9b627c11699b248ab6c6922ff3a9b5,u6249-ue0102.svg,
CE-005306,扉,1/準1級,旧字,https://www.kanjipedia.jp/common/images/kanji/60/pr_6249.png,u6249-ue0103,ivs_exact,7,6143bc26e0115a2721bf71beb948e8d07931e065f2fbb57c998c4c26e1fb6c6d,u6249-ue0103.svg,
CE-005306,扉,1/準1級,旧字,https://www.kanjipedia.jp/common/images/kanji/60/pr_6249.png,u6249-k,collection_id_exact,4,531c00d87f7d50fefa445cf37753871b8eebc37daa00a95a449c97e145410877,u6249-k.svg,
CE-005306,扉,1/準1級,旧字,https://www.kanjipedia.jp/common/images/kanji/60/pr_6249.png,u6249-j,collection_id_exact,4,6143bc26e0115a2721bf71beb948e8d07931e065f2fbb57c998c4c26e1fb6c6d,u6249-j.svg,
CE-005306,扉,1/準1級,旧字,https://www.kanjipedia.jp/common/images/kanji/60/pr_6249.png,u6249,unicode_exact,9,6143bc26e0115a2721bf71beb948e8d07931e065f2fbb57c998c4c26e1fb6c6d,u6249.svg,
CE-005317,賁,1級,親字,https://www.kanjipedia.jp/common/images/kanji/180/std_8CC1.png,u8cc1-ue0100,ivs_exact,3,99fab37760dee77dd61943e1628dd10c682b2afb08a79ed0492429bb3e863ef3,u8cc1-ue0100.svg,
CE-005317,賁,1級,親字,https://www.kanjipedia.jp/common/images/kanji/180/std_8CC1.png,u8cc1-ue0101,ivs_exact,2,99fab37760dee77dd61943e1628dd10c682b2afb08a79ed0492429bb3e863ef3,u8cc1-ue0101.svg,
CE-005317,賁,1級,親字,https://www.kanjipedia.jp/common/images/kanji/180/std_8CC1.png,u8cc1-ue0102,ivs_exact,3,dfe52e974e0dcc79c3404a77229fcdefd8c0a2b52556553f7936f08a8a9f2d45,u8cc1-ue0102.svg,
CE-005317,賁,1級,親字,https://www.kanjipedia.jp/common/images/kanji/180/std_8CC1.png,u8cc1-k,collection_id_exact,3,99fab37760dee77dd61943e1628dd10c682b2afb08a79ed0492429bb3e863ef3,u8cc1-k.svg,
CE-005317,賁,1級,親字,https://www.kanjipedia.jp/common/images/kanji/180/std_8CC1.png,u8cc1-t,collection_id_exact,1,52efa90cbe89b2dc7fb245e9bfcb230d18122e4a5ba1b0c47223792a660cfb9f,u8cc1-t.svg,
CE-005317,賁,1級,親字,https://www.kanjipedia.jp/common/images/kanji/180/std_8CC1.png,u8cc1-j,collection_id_exact,2,99fab37760dee77dd61943e1628dd10c682b2afb08a79ed0492429bb3e863ef3,u8cc1-j.svg,
CE-005317,賁,1級,親字,https://www.kanjipedia.jp/common/images/kanji/180/std_8CC1.png,u8cc1,unicode_exact,5,99fab37760dee77dd61943e1628dd10c682b2afb08a79ed0492429bb3e863ef3,u8cc1.svg,
CE-005330,避,1/準1級,旧字,https://www.kanjipedia.jp/common/images/kanji/60/pr_907F.png,u907f-ue0100,ivs_exact,12,a1ee17e04b62bda5ddeaba3eb71e6d8e608e84d815e40480243786fc6234538e,u907f-ue0100.svg,
CE-005330,避,1/準1級,旧字,https://www.kanjipedia.jp/common/images/kanji/60/pr_907F.png,u907f-ue0101,ivs_exact,6,91a8cb70e31847ed8f518d1faaf4cfeefe718e54fa65ce3e0d758594c86c05a1,u907f-ue0101.svg,
CE-005330,避,1/準1級,旧字,https://www.kanjipedia.jp/common/images/kanji/60/pr_907F.png,u907f-ue0102,ivs_exact,8,a1ee17e04b62bda5ddeaba3eb71e6d8e608e84d815e40480243786fc6234538e,u907f-ue0102.svg,
CE-005330,避,1/準1級,旧字,https://www.kanjipedia.jp/common/images/kanji/60/pr_907F.png,u907f-ue0103,ivs_exact,3,91a8cb70e31847ed8f518d1faaf4cfeefe718e54fa65ce3e0d758594c86c05a1,u907f-ue0103.svg,
CE-005330,避,1/準1級,旧字,https://www.kanjipedia.jp/common/images/kanji/60/pr_907F.png,u907f-k,collection_id_exact,5,91a8cb70e31847ed8f518d1faaf4cfeefe718e54fa65ce3e0d758594c86c05a1,u907f-k.svg,
CE-005330,避,1/準1級,旧字,https://www.kanjipedia.jp/common/images/kanji/60/pr_907F.png,u907f-t,collection_id_exact,4,578330bc2b5737c55a38d64b1c30e8650edc1ff0552394216fcaafba468f6013,u907f-t.svg,
CE-005330,避,1/準1級,旧字,https://www.kanjipedia.jp/common/images/kanji/60/pr_907F.png,u907f-j,collection_id_exact,5,a1ee17e04b62bda5ddeaba3eb71e6d8e608e84d815e40480243786fc6234538e,u907f-j.svg,
CE-005330,避,1/準1級,旧字,https://www.kanjipedia.jp/common/images/kanji/60/pr_907F.png,u907f,unicode_exact,13,a1ee17e04b62bda5ddeaba3eb71e6d8e608e84d815e40480243786fc6234538e,u907f.svg,
CE-005354,鼻,1/準1級,旧字,https://www.kanjipedia.jp/common/images/kanji/60/pr_9F3B.png,u9f3b-ue0100,ivs_exact,13,faa170eca82f274cc0644ae199cb0c0bb53b66294c189f6f2849cbcd981b23d7,u9f3b-ue0100.svg,
CE-005354,鼻,1/準1級,旧字,https://www.kanjipedia.jp/common/images/kanji/60/pr_9F3B.png,u9f3b-ue0101,ivs_exact,8,03961f4c5fa91ae52bd47ac7680fbf4104ad7ffe9daca80d81c4789020193d5f,u9f3b-ue0101.svg,
CE-005354,鼻,1/準1級,旧字,https://www.kanjipedia.jp/common/images/kanji/60/pr_9F3B.png,u9f3b-ue0102,ivs_exact,12,8113175d51ec2b194337da03135711678021bf34ebe18c252cf6b2912c7cccf6,u9f3b-ue0102.svg,
CE-005354,鼻,1/準1級,旧字,https://www.kanjipedia.jp/common/images/kanji/60/pr_9F3B.png,u9f3b-ue0103,ivs_exact,8,03961f4c5fa91ae52bd47ac7680fbf4104ad7ffe9daca80d81c4789020193d5f,u9f3b-ue0103.svg,
CE-005354,鼻,1/準1級,旧字,https://www.kanjipedia.jp/common/images/kanji/60/pr_9F3B.png,u9f3b-k,collection_id_exact,3,8113175d51ec2b194337da03135711678021bf34ebe18c252cf6b2912c7cccf6,u9f3b-k.svg,
CE-005354,鼻,1/準1級,旧字,https://www.kanjipedia.jp/common/images/kanji/60/pr_9F3B.png,u9f3b-t,collection_id_exact,2,36a51a65d137d345ea6ae4a016ca14f1fe7842d354ac4736bfbf75886809cc5e,u9f3b-t.svg,
CE-005354,鼻,1/準1級,旧字,https://www.kanjipedia.jp/common/images/kanji/60/pr_9F3B.png,u9f3b-j,collection_id_exact,1,faa170eca82f274cc0644ae199cb0c0bb53b66294c189f6f2849cbcd981b23d7,u9f3b-j.svg,
CE-005354,鼻,1/準1級,旧字,https://www.kanjipedia.jp/common/images/kanji/60/pr_9F3B.png,u9f3b,unicode_exact,13,faa170eca82f274cc0644ae199cb0c0bb53b66294c189f6f2849cbcd981b23d7,u9f3b.svg,
CE-005372,篳,1級,親字,https://www.kanjipedia.jp/common/images/kanji/180/std_7BF3.png,u7bf3-ue0100,ivs_exact,8,fe6e7bbe5407276d7a1fa5d215d7c48c96a2ca455fa201d6956989086c5fa69d,u7bf3-ue0100.svg,
CE-005372,篳,1級,親字,https://www.kanjipedia.jp/common/images/kanji/180/std_7BF3.png,u7bf3-ue0101,ivs_exact,6,82dc6df8467efe29c50392c75b9bfeebb04efe68a9123474443337ebf84f6fb2,u7bf3-ue0101.svg,
CE-005372,篳,1級,親字,https://www.kanjipedia.jp/common/images/kanji/180/std_7BF3.png,u7bf3-ue0102,ivs_exact,7,8abb3b410e434ccfc0a32036981037332ed5ceb5f1b85bb719dfa0dde110c7de,u7bf3-ue0102.svg,
CE-005372,篳,1級,親字,https://www.kanjipedia.jp/common/images/kanji/180/std_7BF3.png,u7bf3-j,collection_id_exact,4,93af1e07e8edf79169e76cccfbde9db8f8c964d6cb05b3d422a7d3751e7e185f,u7bf3-j.svg,
CE-005372,篳,1級,親字,https://www.kanjipedia.jp/common/images/kanji/180/std_7BF3.png,u7bf3,unicode_exact,8,93af1e07e8edf79169e76cccfbde9db8f8c964d6cb05b3d422a7d3751e7e185f,u7bf3.svg,
CE-005375,蹕,1級,親字,https://www.kanjipedia.jp/common/images/kanji/180/std_8E55.png,u8e55-ue0100,ivs_exact,4,41432588be7c7f8f67c8218a2548bf29165e48760d5a2eb10f2488335c4225ed,u8e55-ue0100.svg,
CE-005375,蹕,1級,親字,https://www.kanjipedia.jp/common/images/kanji/180/std_8E55.png,u8e55-ue0101,ivs_exact,3,41432588be7c7f8f67c8218a2548bf29165e48760d5a2eb10f2488335c4225ed,u8e55-ue0101.svg,
CE-005375,蹕,1級,親字,https://www.kanjipedia.jp/common/images/kanji/180/std_8E55.png,u8e55-ue0102,ivs_exact,2,420a143dd964fe4c154ef346119b80b7ef59784569c698710217ac4d49d81616,u8e55-ue0102.svg,
CE-005375,蹕,1級,親字,https://www.kanjipedia.jp/common/images/kanji/180/std_8E55.png,u8e55-k,collection_id_exact,1,41432588be7c7f8f67c8218a2548bf29165e48760d5a2eb10f2488335c4225ed,u8e55-k.svg,
CE-005375,蹕,1級,親字,https://www.kanjipedia.jp/common/images/kanji/180/std_8E55.png,u8e55-j,collection_id_exact,3,41432588be7c7f8f67c8218a2548bf29165e48760d5a2eb10f2488335c4225ed,u8e55-j.svg,
CE-005375,蹕,1級,親字,https://www.kanjipedia.jp/common/images/kanji/180/std_8E55.png,u8e55,unicode_exact,6,41432588be7c7f8f67c8218a2548bf29165e48760d5a2eb10f2488335c4225ed,u8e55.svg,
CE-005378,姫,1/準1級,旧字,https://www.kanjipedia.jp/common/images/kanji/60/pr_2F862.png,u59eb-ue0100,ivs_exact,16,472cbb1daee3e0092d2ad7416fc234740436a96bf44314b207ddebfb965d1c01,u59eb-ue0100.svg,
CE-005378,姫,1/準1級,旧字,https://www.kanjipedia.jp/common/images/kanji/60/pr_2F862.png,u59eb-t,collection_id_exact,1,e1e9e1010a093f5eb42e13d58ea003382413b60a098ddd9591c555498e08b6c2,u59eb-t.svg,
CE-005378,姫,1/準1級,旧字,https://www.kanjipedia.jp/common/images/kanji/60/pr_2F862.png,u59eb-j,collection_id_exact,2,472cbb1daee3e0092d2ad7416fc234740436a96bf44314b207ddebfb965d1c01,u59eb-j.svg,
CE-005378,姫,1/準1級,旧字,https://www.kanjipedia.jp/common/images/kanji/60/pr_2F862.png,u59eb,unicode_exact,17,472cbb1daee3e0092d2ad7416fc234740436a96bf44314b207ddebfb965d1c01,u59eb.svg,
CE-005394,評,1/準1級,旧字,https://www.kanjipedia.jp/common/images/kanji/60/pr_8A55.png,u8a55-ue0100,ivs_exact,10,24c67ce10490ac5bfec7e267b9ff50e72c488ce5f32352fae03b2d5f616a9500,u8a55-ue0100.svg,
CE-005394,評,1/準1級,旧字,https://www.kanjipedia.jp/common/images/kanji/60/pr_8A55.png,u8a55-ue0101,ivs_exact,5,cc368b50bbb64163e46a9966e1ef997dd4f2d3541b8cfa3366c7dd1cc357e620,u8a55-ue0101.svg,
CE-005394,評,1/準1級,旧字,https://www.kanjipedia.jp/common/images/kanji/60/pr_8A55.png,u8a55-ue0102,ivs_exact,6,24c67ce10490ac5bfec7e267b9ff50e72c488ce5f32352fae03b2d5f616a9500,u8a55-ue0102.svg,
CE-005394,評,1/準1級,旧字,https://www.kanjipedia.jp/common/images/kanji/60/pr_8A55.png,u8a55-ue0103,ivs_exact,4,cc368b50bbb64163e46a9966e1ef997dd4f2d3541b8cfa3366c7dd1cc357e620,u8a55-ue0103.svg,
CE-005394,評,1/準1級,旧字,https://www.kanjipedia.jp/common/images/kanji/60/pr_8A55.png,u8a55-k,collection_id_exact,5,cc368b50bbb64163e46a9966e1ef997dd4f2d3541b8cfa3366c7dd1cc357e620,u8a55-k.svg,
CE-005394,評,1/準1級,旧字,https://www.kanjipedia.jp/common/images/kanji/60/pr_8A55.png,u8a55-t,collection_id_exact,5,150536d81f427bc33486eb02f124d65aa8a2cfc80693eafa6dec12b9dae7842f,u8a55-t.svg,
CE-005394,評,1/準1級,旧字,https://www.kanjipedia.jp/common/images/kanji/60/pr_8A55.png,u8a55-j,collection_id_exact,1,24c67ce10490ac5bfec7e267b9ff50e72c488ce5f32352fae03b2d5f616a9500,u8a55-j.svg,
CE-005394,評,1/準1級,旧字,https://www.kanjipedia.jp/common/images/kanji/60/pr_8A55.png,u8a55,unicode_exact,17,24c67ce10490ac5bfec7e267b9ff50e72c488ce5f32352fae03b2d5f616a9500,u8a55.svg,
CE-005483,浮,1/準1級,旧字,https://www.kanjipedia.jp/common/images/kanji/60/pr_6D6E.png,u6d6e-ue0100,ivs_exact,14,38cb8ee89a9fffefbd341c3888e6d0254114c8d18da7ff2cc924c2982f4155aa,u6d6e-ue0100.svg,
CE-005483,浮,1/準1級,旧字,https://www.kanjipedia.jp/common/images/kanji/60/pr_6D6E.png,u6d6e-ue0101,ivs_exact,9,f2e8403fd94aeb320ab346c3a01fd34cd96165353bb57f3b5c62c164740fc938,u6d6e-ue0101.svg,
CE-005483,浮,1/準1級,旧字,https://www.kanjipedia.jp/common/images/kanji/60/pr_6D6E.png,u6d6e-ue0102,ivs_exact,12,38cb8ee89a9fffefbd341c3888e6d0254114c8d18da7ff2cc924c2982f4155aa,u6d6e-ue0102.svg,
CE-005483,浮,1/準1級,旧字,https://www.kanjipedia.jp/common/images/kanji/60/pr_6D6E.png,u6d6e-ue0103,ivs_exact,9,f2e8403fd94aeb320ab346c3a01fd34cd96165353bb57f3b5c62c164740fc938,u6d6e-ue0103.svg,
CE-005483,浮,1/準1級,旧字,https://www.kanjipedia.jp/common/images/kanji/60/pr_6D6E.png,u6d6e-k,collection_id_exact,11,f2e8403fd94aeb320ab346c3a01fd34cd96165353bb57f3b5c62c164740fc938,u6d6e-k.svg,
CE-005483,浮,1/準1級,旧字,https://www.kanjipedia.jp/common/images/kanji/60/pr_6D6E.png,u6d6e-t,collection_id_exact,6,495d1f7108f28e9d0ddf6f218ebf1095b211dc617f8417f541aca01912d5aa78,u6d6e-t.svg,
CE-005483,浮,1/準1級,旧字,https://www.kanjipedia.jp/common/images/kanji/60/pr_6D6E.png,u6d6e-j,collection_id_exact,10,38cb8ee89a9fffefbd341c3888e6d0254114c8d18da7ff2cc924c2982f4155aa,u6d6e-j.svg,
CE-005483,浮,1/準1級,旧字,https://www.kanjipedia.jp/common/images/kanji/60/pr_6D6E.png,u6d6e,unicode_exact,15,38cb8ee89a9fffefbd341c3888e6d0254114c8d18da7ff2cc924c2982f4155aa,u6d6e.svg,
CE-005487,婦,1/準1級,旧字,https://www.kanjipedia.jp/common/images/kanji/60/pr_5A66.png,u5a66-ue0100,ivs_exact,11,7317fbd4a0e60a721eb5c998e1cb24b9cc75ddf593da4ade7ab3d1557980c487,u5a66-ue0100.svg,
CE-005487,婦,1/準1級,旧字,https://www.kanjipedia.jp/common/images/kanji/60/pr_5A66.png,u5a66-ue0101,ivs_exact,10,746b5fde74e227ce68a093af4ba780e7f2c7105b17696bf73c57fb8fdd5f5fc9,u5a66-ue0101.svg,
CE-005487,婦,1/準1級,旧字,https://www.kanjipedia.jp/common/images/kanji/60/pr_5A66.png,u5a66-ue0102,ivs_exact,9,db0a14e9078438428e670d46fd987219b5c7506a987a64467162534c3d5ed25b,u5a66-ue0102.svg,
CE-005487,婦,1/準1級,旧字,https://www.kanjipedia.jp/common/images/kanji/60/pr_5A66.png,u5a66-ue0103,ivs_exact,8,cebf637fe07bbefa6dc154f590b7d57cc387b67cf2b049698b1f2df648603a68,u5a66-ue0103.svg,
CE-005487,婦,1/準1級,旧字,https://www.kanjipedia.jp/common/images/kanji/60/pr_5A66.png,u5a66-k,collection_id_exact,8,cebf637fe07bbefa6dc154f590b7d57cc387b67cf2b049698b1f2df648603a68,u5a66-k.svg,
CE-005487,婦,1/準1級,旧字,https://www.kanjipedia.jp/common/images/kanji/60/pr_5A66.png,u5a66-t,collection_id_exact,4,3c776c6d49b1a208921f8e14be33243c3c884e93af9314f8d8873086114ce3df,u5a66-t.svg,
CE-005487,婦,1/準1級,旧字,https://www.kanjipedia.jp/common/images/kanji/60/pr_5A66.png,u5a66-j,collection_id_exact,4,db0a14e9078438428e670d46fd987219b5c7506a987a64467162534c3d5ed25b,u5a66-j.svg,
CE-005487,婦,1/準1級,旧字,https://www.kanjipedia.jp/common/images/kanji/60/pr_5A66.png,u5a66,unicode_exact,13,db0a14e9078438428e670d46fd987219b5c7506a987a64467162534c3d5ed25b,u5a66.svg,
CE-005523,舞,1/準1級,旧字,https://www.kanjipedia.jp/common/images/kanji/60/skj_8194.png,u821e-ue0100,ivs_exact,4,ceffbc2e25c26ba262474bbf9b62dee37d9d743c07b1c09c042d6398bd8bdf12,u821e-ue0100.svg,
CE-005523,舞,1/準1級,旧字,https://www.kanjipedia.jp/common/images/kanji/60/skj_8194.png,u821e-ue0101,ivs_exact,4,ceffbc2e25c26ba262474bbf9b62dee37d9d743c07b1c09c042d6398bd8bdf12,u821e-ue0101.svg,
CE-005523,舞,1/準1級,旧字,https://www.kanjipedia.jp/common/images/kanji/60/skj_8194.png,u821e-ue0102,ivs_exact,2,9b4ee944f07479ff3cf72feac31e7a38272a0c5e7bae37109ab01d9872dcf99f,u821e-ue0102.svg,
CE-005523,舞,1/準1級,旧字,https://www.kanjipedia.jp/common/images/kanji/60/skj_8194.png,u821e-k,collection_id_exact,5,ceffbc2e25c26ba262474bbf9b62dee37d9d743c07b1c09c042d6398bd8bdf12,u821e-k.svg,
CE-005523,舞,1/準1級,旧字,https://www.kanjipedia.jp/common/images/kanji/60/skj_8194.png,u821e-t,collection_id_exact,4,74954f9c83ce9fe47853f8256056347c59d454b610fdad8547f67a5259f46549,u821e-t.svg,
CE-005523,舞,1/準1級,旧字,https://www.kanjipedia.jp/common/images/kanji/60/skj_8194.png,u821e-j,collection_id_exact,2,ceffbc2e25c26ba262474bbf9b62dee37d9d743c07b1c09c042d6398bd8bdf12,u821e-j.svg,
CE-005523,舞,1/準1級,旧字,https://www.kanjipedia.jp/common/images/kanji/60/skj_8194.png,u821e,unicode_exact,5,ceffbc2e25c26ba262474bbf9b62dee37d9d743c07b1c09c042d6398bd8bdf12,u821e.svg,
CE-005544,箙,1級,親字,https://www.kanjipedia.jp/common/images/kanji/180/std_7B99.png,u7b99-ue0100,ivs_exact,7,bcbab28414167766060d417eb78f52e3b838b4cb1d37ef0451cf5697826c91f7,u7b99-ue0100.svg,
CE-005544,箙,1級,親字,https://www.kanjipedia.jp/common/images/kanji/180/std_7B99.png,u7b99-ue0101,ivs_exact,10,cf1ee4fff072ad01f436e08477253a955c9e8de2ca7dab9570d6f09e4bb48413,u7b99-ue0101.svg,
CE-005544,箙,1級,親字,https://www.kanjipedia.jp/common/images/kanji/180/std_7B99.png,u7b99-ue0102,ivs_exact,5,bcbab28414167766060d417eb78f52e3b838b4cb1d37ef0451cf5697826c91f7,u7b99-ue0102.svg,
CE-005544,箙,1級,親字,https://www.kanjipedia.jp/common/images/kanji/180/std_7B99.png,u7b99-ue0103,ivs_exact,7,cf1ee4fff072ad01f436e08477253a955c9e8de2ca7dab9570d6f09e4bb48413,u7b99-ue0103.svg,
CE-005544,箙,1級,親字,https://www.kanjipedia.jp/common/images/kanji/180/std_7B99.png,u7b99-k,collection_id_exact,2,bedb345ce93525da298a50e9daffa2defd6275d5f67c82e84945b5d2ec9bf56a,u7b99-k.svg,
CE-005544,箙,1級,親字,https://www.kanjipedia.jp/common/images/kanji/180/std_7B99.png,u7b99-t,collection_id_exact,2,2d12dc26b1fc6449e33d9abcfdf073b78c82159c0d14308ab41eb1174cb4bb96,u7b99-t.svg,
CE-005544,箙,1級,親字,https://www.kanjipedia.jp/common/images/kanji/180/std_7B99.png,u7b99-j,collection_id_exact,2,bcbab28414167766060d417eb78f52e3b838b4cb1d37ef0451cf5697826c91f7,u7b99-j.svg,
CE-005544,箙,1級,親字,https://www.kanjipedia.jp/common/images/kanji/180/std_7B99.png,u7b99,unicode_exact,8,bcbab28414167766060d417eb78f52e3b838b4cb1d37ef0451cf5697826c91f7,u7b99.svg,
CE-005582,噴,1/準1級,旧字,https://www.kanjipedia.jp/common/images/kanji/60/skj_8195.png,u5674-ue0100,ivs_exact,16,c93b12fb977666add3491b8890192b8510968ca6937bf8e9365f1c31b5c15523,u5674-ue0100.svg,
CE-005582,噴,1/準1級,旧字,https://www.kanjipedia.jp/common/images/kanji/60/skj_8195.png,u5674-ue0101,ivs_exact,14,be47c5dcbf817f986706498d5346d88efa8405e5d934c79880db7fb4a78517e2,u5674-ue0101.svg,
CE-005582,噴,1/準1級,旧字,https://www.kanjipedia.jp/common/images/kanji/60/skj_8195.png,u5674-ue0102,ivs_exact,12,e0f1035961ac3ea848c6f45a486963042d21b41cf3f88a53031649caccc1da99,u5674-ue0102.svg,
CE-005582,噴,1/準1級,旧字,https://www.kanjipedia.jp/common/images/kanji/60/skj_8195.png,u5674-ue0103,ivs_exact,8,351950d2d970b796e6ce1a6e78f2927316502ebb0e7602ee319666ec620eb7d4,u5674-ue0103.svg,
CE-005582,噴,1/準1級,旧字,https://www.kanjipedia.jp/common/images/kanji/60/skj_8195.png,u5674-k,collection_id_exact,10,c93b12fb977666add3491b8890192b8510968ca6937bf8e9365f1c31b5c15523,u5674-k.svg,
CE-005582,噴,1/準1級,旧字,https://www.kanjipedia.jp/common/images/kanji/60/skj_8195.png,u5674-t,collection_id_exact,2,70a87487b777c47bfbaaf28af1a7e7ab906724976f323c8fd60e8463470ea40d,u5674-t.svg,
CE-005582,噴,1/準1級,旧字,https://www.kanjipedia.jp/common/images/kanji/60/skj_8195.png,u5674-j,collection_id_exact,3,c93b12fb977666add3491b8890192b8510968ca6937bf8e9365f1c31b5c15523,u5674-j.svg,
CE-005582,噴,1/準1級,旧字,https://www.kanjipedia.jp/common/images/kanji/60/skj_8195.png,u5674,unicode_exact,17,c93b12fb977666add3491b8890192b8510968ca6937bf8e9365f1c31b5c15523,u5674.svg,
CE-005584,墳,1/準1級,旧字,https://www.kanjipedia.jp/common/images/kanji/60/skj_8196.png,u58b3-ue0100,ivs_exact,12,dd837cbf74a39b337d688fa4abb50e4910946d14c101e1e211a801c6ecf3790b,u58b3-ue0100.svg,
CE-005584,墳,1/準1級,旧字,https://www.kanjipedia.jp/common/images/kanji/60/skj_8196.png,u58b3-ue0101,ivs_exact,6,dd837cbf74a39b337d688fa4abb50e4910946d14c101e1e211a801c6ecf3790b,u58b3-ue0101.svg,
CE-005584,墳,1/準1級,旧字,https://www.kanjipedia.jp/common/images/kanji/60/skj_8196.png,u58b3-ue0102,ivs_exact,4,ed8e748b0a7612c2b7c5d232315460b595b3bb4cd0a3e6275a81c8d9a2a16c51,u58b3-ue0102.svg,
CE-005584,墳,1/準1級,旧字,https://www.kanjipedia.jp/common/images/kanji/60/skj_8196.png,u58b3-k,collection_id_exact,6,dd837cbf74a39b337d688fa4abb50e4910946d14c101e1e211a801c6ecf3790b,u58b3-k.svg,
CE-005584,墳,1/準1級,旧字,https://www.kanjipedia.jp/common/images/kanji/60/skj_8196.png,u58b3-j,collection_id_exact,3,dd837cbf74a39b337d688fa4abb50e4910946d14c101e1e211a801c6ecf3790b,u58b3-j.svg,
CE-005584,墳,1/準1級,旧字,https://www.kanjipedia.jp/common/images/kanji/60/skj_8196.png,u58b3,unicode_exact,13,dd837cbf74a39b337d688fa4abb50e4910946d14c101e1e211a801c6ecf3790b,u58b3.svg,
CE-005586,憤,1/準1級,旧字,https://www.kanjipedia.jp/common/images/kanji/60/skj_8197.png,u61a4-ue0100,ivs_exact,11,07fc897001c0e1f7ca0e2b292bbf3b57382448fdc64eca8ae3706db27e03ecdc,u61a4-ue0100.svg,
CE-005586,憤,1/準1級,旧字,https://www.kanjipedia.jp/common/images/kanji/60/skj_8197.png,u61a4-ue0101,ivs_exact,8,431ba47b9305eda67a533a845499a36e17f5dc897d88eb1fd1ffc66b3fdf83cc,u61a4-ue0101.svg,
CE-005586,憤,1/準1級,旧字,https://www.kanjipedia.jp/common/images/kanji/60/skj_8197.png,u61a4-ue0102,ivs_exact,6,07fc897001c0e1f7ca0e2b292bbf3b57382448fdc64eca8ae3706db27e03ecdc,u61a4-ue0102.svg,
CE-005586,憤,1/準1級,旧字,https://www.kanjipedia.jp/common/images/kanji/60/skj_8197.png,u61a4-ue0103,ivs_exact,5,e94a345c510052d63c791ea315f35f23079bd244ea56f424168478e4658830a8,u61a4-ue0103.svg,
CE-005586,憤,1/準1級,旧字,https://www.kanjipedia.jp/common/images/kanji/60/skj_8197.png,u61a4-k,collection_id_exact,5,07fc897001c0e1f7ca0e2b292bbf3b57382448fdc64eca8ae3706db27e03ecdc,u61a4-k.svg,
CE-005586,憤,1/準1級,旧字,https://www.kanjipedia.jp/common/images/kanji/60/skj_8197.png,u61a4-j,collection_id_exact,2,07fc897001c0e1f7ca0e2b292bbf3b57382448fdc64eca8ae3706db27e03ecdc,u61a4-j.svg,
CE-005586,憤,1/準1級,旧字,https://www.kanjipedia.jp/common/images/kanji/60/skj_8197.png,u61a4,unicode_exact,12,07fc897001c0e1f7ca0e2b292bbf3b57382448fdc64eca8ae3706db27e03ecdc,u61a4.svg,
CE-005588,濆,1級,親字,https://www.kanjipedia.jp/common/images/kanji/180/std_6FC6.png,u6fc6-ue0100,ivs_exact,12,926bc897a86b83e74eb7183233223a8a53ee697079efb0272722d0288be1dbb5,u6fc6-ue0100.svg,
CE-005588,濆,1級,親字,https://www.kanjipedia.jp/common/images/kanji/180/std_6FC6.png,u6fc6-ue0101,ivs_exact,8,926bc897a86b83e74eb7183233223a8a53ee697079efb0272722d0288be1dbb5,u6fc6-ue0101.svg,
CE-005588,濆,1級,親字,https://www.kanjipedia.jp/common/images/kanji/180/std_6FC6.png,u6fc6-ue0102,ivs_exact,7,ffc66822996a4e3a86df54cc2ba07910306551d4133c0c4032abe5867890cb23,u6fc6-ue0102.svg,
CE-005588,濆,1級,親字,https://www.kanjipedia.jp/common/images/kanji/180/std_6FC6.png,u6fc6,unicode_exact,14,926bc897a86b83e74eb7183233223a8a53ee697079efb0272722d0288be1dbb5,u6fc6.svg,
CE-005597,平,1/準1級,旧字,https://www.kanjipedia.jp/common/images/kanji/60/pr_5E73.png,u5e73-ue0100,ivs_exact,6,7e74585303e45063f053ad04a95acce5a5bce58746a1889e2d1c6240de368c79,u5e73-ue0100.svg,
CE-005597,平,1/準1級,旧字,https://www.kanjipedia.jp/common/images/kanji/60/pr_5E73.png,u5e73-ue0101,ivs_exact,6,60ec092467b62ff428d8e2c33b5dbc076e865fe9e6bd937296700ffbef0bc778,u5e73-ue0101.svg,
CE-005597,平,1/準1級,旧字,https://www.kanjipedia.jp/common/images/kanji/60/pr_5E73.png,u5e73-ue0102,ivs_exact,4,7e74585303e45063f053ad04a95acce5a5bce58746a1889e2d1c6240de368c79,u5e73-ue0102.svg,
CE-005597,平,1/準1級,旧字,https://www.kanjipedia.jp/common/images/kanji/60/pr_5E73.png,u5e73-ue0103,ivs_exact,5,60ec092467b62ff428d8e2c33b5dbc076e865fe9e6bd937296700ffbef0bc778,u5e73-ue0103.svg,
CE-005597,平,1/準1級,旧字,https://www.kanjipedia.jp/common/images/kanji/60/pr_5E73.png,u5e73-k,collection_id_exact,8,60ec092467b62ff428d8e2c33b5dbc076e865fe9e6bd937296700ffbef0bc778,u5e73-k.svg,
CE-005597,平,1/準1級,旧字,https://www.kanjipedia.jp/common/images/kanji/60/pr_5E73.png,u5e73-t,collection_id_exact,1,7e74585303e45063f053ad04a95acce5a5bce58746a1889e2d1c6240de368c79,u5e73-t.svg,
CE-005597,平,1/準1級,旧字,https://www.kanjipedia.jp/common/images/kanji/60/pr_5E73.png,u5e73-j,collection_id_exact,2,7e74585303e45063f053ad04a95acce5a5bce58746a1889e2d1c6240de368c79,u5e73-j.svg,
CE-005597,平,1/準1級,旧字,https://www.kanjipedia.jp/common/images/kanji/60/pr_5E73.png,u5e73,unicode_exact,8,7e74585303e45063f053ad04a95acce5a5bce58746a1889e2d1c6240de368c79,u5e73.svg,
CE-005608,炳,1級,親字,https://www.kanjipedia.jp/common/images/kanji/180/std_70B3.png,u70b3-ue0100,ivs_exact,4,eecb1f6b7a6a42931fa89a45db411f0ee77543789ae6715fdc5bf8129393de95,u70b3-ue0100.svg,
CE-005608,炳,1級,親字,https://www.kanjipedia.jp/common/images/kanji/180/std_70B3.png,u70b3-ue0101,ivs_exact,3,eecb1f6b7a6a42931fa89a45db411f0ee77543789ae6715fdc5bf8129393de95,u70b3-ue0101.svg,
CE-005608,炳,1級,親字,https://www.kanjipedia.jp/common/images/kanji/180/std_70B3.png,u70b3-ue0102,ivs_exact,7,afa3e3519320a761cd33a791901cf4ff51a93dd49082b8b155c25b4ddabebe2c,u70b3-ue0102.svg,
CE-005608,炳,1級,親字,https://www.kanjipedia.jp/common/images/kanji/180/std_70B3.png,u70b3-k,collection_id_exact,7,5a6b796e26e2404650bf93676bfd5801f5bd9388b011986a885cd08d382eae22,u70b3-k.svg,
CE-005608,炳,1級,親字,https://www.kanjipedia.jp/common/images/kanji/180/std_70B3.png,u70b3-j,collection_id_exact,3,eecb1f6b7a6a42931fa89a45db411f0ee77543789ae6715fdc5bf8129393de95,u70b3-j.svg,
CE-005608,炳,1級,親字,https://www.kanjipedia.jp/common/images/kanji/180/std_70B3.png,u70b3,unicode_exact,7,eecb1f6b7a6a42931fa89a45db411f0ee77543789ae6715fdc5bf8129393de95,u70b3.svg,
CE-005622,幣,1/準1級,旧字,https://www.kanjipedia.jp/common/images/kanji/60/pr_5E64.png,u5e63-ue0100,ivs_exact,11,191c36f048aad828e4b695fb97e5f9db797f8cbb82d191a5c7465d217b038ecb,u5e63-ue0100.svg,
CE-005622,幣,1/準1級,旧字,https://www.kanjipedia.jp/common/images/kanji/60/pr_5E64.png,u5e63-ue0101,ivs_exact,12,f67498491e85dd51c242cd8d7372165db0e40c25c4faf3bf7ce9a4225a648cda,u5e63-ue0101.svg,
CE-005622,幣,1/準1級,旧字,https://www.kanjipedia.jp/common/images/kanji/60/pr_5E64.png,u5e63-ue0102,ivs_exact,9,191c36f048aad828e4b695fb97e5f9db797f8cbb82d191a5c7465d217b038ecb,u5e63-ue0102.svg,
CE-005622,幣,1/準1級,旧字,https://www.kanjipedia.jp/common/images/kanji/60/pr_5E64.png,u5e63-ue0103,ivs_exact,7,7fa5cccfe2840b4357714eb21d890e3fda29f388b51b893c2e6e09a352004d49,u5e63-ue0103.svg,
CE-005622,幣,1/準1級,旧字,https://www.kanjipedia.jp/common/images/kanji/60/pr_5E64.png,u5e63-k,collection_id_exact,10,f67498491e85dd51c242cd8d7372165db0e40c25c4faf3bf7ce9a4225a648cda,u5e63-k.svg,
CE-005622,幣,1/準1級,旧字,https://www.kanjipedia.jp/common/images/kanji/60/pr_5E64.png,u5e63-t,collection_id_exact,2,fa88461a35f9a693beecf571d600fd78bad4276b2a89b6aa8f894972a21df52e,u5e63-t.svg,
CE-005622,幣,1/準1級,旧字,https://www.kanjipedia.jp/common/images/kanji/60/pr_5E64.png,u5e63-j,collection_id_exact,1,191c36f048aad828e4b695fb97e5f9db797f8cbb82d191a5c7465d217b038ecb,u5e63-j.svg,
CE-005622,幣,1/準1級,旧字,https://www.kanjipedia.jp/common/images/kanji/60/pr_5E64.png,u5e63,unicode_exact,13,191c36f048aad828e4b695fb97e5f9db797f8cbb82d191a5c7465d217b038ecb,u5e63.svg,
CE-005624,弊,1/準1級,旧字,https://www.kanjipedia.jp/common/images/kanji/60/pr_5F0A.png,u5f0a-ue0100,ivs_exact,7,b06bcb1b79e1f0461f1664db34fa9fb6ad2a196edde71724b2a4013a60973fb3,u5f0a-ue0100.svg,
CE-005624,弊,1/準1級,旧字,https://www.kanjipedia.jp/common/images/kanji/60/pr_5F0A.png,u5f0a-ue0101,ivs_exact,11,d19558686e391b209689e167a4cb7c400221b01dac100ad5cd17244877bbd6bd,u5f0a-ue0101.svg,
CE-005624,弊,1/準1級,旧字,https://www.kanjipedia.jp/common/images/kanji/60/pr_5F0A.png,u5f0a-ue0102,ivs_exact,4,b06bcb1b79e1f0461f1664db34fa9fb6ad2a196edde71724b2a4013a60973fb3,u5f0a-ue0102.svg,
CE-005624,弊,1/準1級,旧字,https://www.kanjipedia.jp/common/images/kanji/60/pr_5F0A.png,u5f0a-ue0103,ivs_exact,9,d19558686e391b209689e167a4cb7c400221b01dac100ad5cd17244877bbd6bd,u5f0a-ue0103.svg,
CE-005624,弊,1/準1級,旧字,https://www.kanjipedia.jp/common/images/kanji/60/pr_5F0A.png,u5f0a-k,collection_id_exact,10,d19558686e391b209689e167a4cb7c400221b01dac100ad5cd17244877bbd6bd,u5f0a-k.svg,
CE-005624,弊,1/準1級,旧字,https://www.kanjipedia.jp/common/images/kanji/60/pr_5F0A.png,u5f0a-j,collection_id_exact,3,b06bcb1b79e1f0461f1664db34fa9fb6ad2a196edde71724b2a4013a60973fb3,u5f0a-j.svg,
CE-005624,弊,1/準1級,旧字,https://www.kanjipedia.jp/common/images/kanji/60/pr_5F0A.png,u5f0a,unicode_exact,7,b06bcb1b79e1f0461f1664db34fa9fb6ad2a196edde71724b2a4013a60973fb3,u5f0a.svg,
CE-005663,襪,1級,親字,https://www.kanjipedia.jp/common/images/kanji/180/std_896A.png,u896a-ue0100,ivs_exact,17,ecc72f4d161e37d61170672ff2a0e3494f64fa9a638644181735b758c2d9ffb4,u896a-ue0100.svg,
CE-005663,襪,1級,親字,https://www.kanjipedia.jp/common/images/kanji/180/std_896A.png,u896a-ue0101,ivs_exact,12,77d5036fd8c123765baa847cb64ebdcefaa9dff3ef772d7dbc50e7bc9d9e181c,u896a-ue0101.svg,
CE-005663,襪,1級,親字,https://www.kanjipedia.jp/common/images/kanji/180/std_896A.png,u896a-ue0102,ivs_exact,8,7408cd9e75721de6aec472f0e5d9cff8402d9fdb18af70bbd19571026ae4202f,u896a-ue0102.svg,
CE-005663,襪,1級,親字,https://www.kanjipedia.jp/common/images/kanji/180/std_896A.png,u896a-ue0103,ivs_exact,4,c9bfeb0acc7abda260af18959f05fc7774de5599cae233847cc15bba91569e34,u896a-ue0103.svg,
CE-005663,襪,1級,親字,https://www.kanjipedia.jp/common/images/kanji/180/std_896A.png,u896a-k,collection_id_exact,7,ecc72f4d161e37d61170672ff2a0e3494f64fa9a638644181735b758c2d9ffb4,u896a-k.svg,
CE-005663,襪,1級,親字,https://www.kanjipedia.jp/common/images/kanji/180/std_896A.png,u896a-t,collection_id_exact,1,bc2ba9b79e1771775b4c37fefab6f9097e3f8609eafe6b254da10f8e50d55779,u896a-t.svg,
CE-005663,襪,1級,親字,https://www.kanjipedia.jp/common/images/kanji/180/std_896A.png,u896a-j,collection_id_exact,2,ecc72f4d161e37d61170672ff2a0e3494f64fa9a638644181735b758c2d9ffb4,u896a-j.svg,
CE-005663,襪,1級,親字,https://www.kanjipedia.jp/common/images/kanji/180/std_896A.png,u896a,unicode_exact,15,ecc72f4d161e37d61170672ff2a0e3494f64fa9a638644181735b758c2d9ffb4,u896a.svg,
CE-005665,衊,1級,親字,https://www.kanjipedia.jp/common/images/kanji/180/std_E576.png,u884a-ue0100,ivs_exact,9,0276931e95a370a4af86b128f5fe5a8ef2e883e4c80b2657a9f0502dbf54f39a,u884a-ue0100.svg,
CE-005665,衊,1級,親字,https://www.kanjipedia.jp/common/images/kanji/180/std_E576.png,u884a-ue0101,ivs_exact,7,0276931e95a370a4af86b128f5fe5a8ef2e883e4c80b2657a9f0502dbf54f39a,u884a-ue0101.svg,
CE-005665,衊,1級,親字,https://www.kanjipedia.jp/common/images/kanji/180/std_E576.png,u884a-ue0102,ivs_exact,8,16fb51d721ed65c9d519c5be923e1fb6b2b0401dceaab8294fc5e179f2d2161d,u884a-ue0102.svg,
CE-005665,衊,1級,親字,https://www.kanjipedia.jp/common/images/kanji/180/std_E576.png,u884a-ue0103,ivs_exact,4,d7d69840e0be84761f0222ea7ebf33f8a16a3e4b1ed5db84f9b2d7e6641e074e,u884a-ue0103.svg,
CE-005665,衊,1級,親字,https://www.kanjipedia.jp/common/images/kanji/180/std_E576.png,u884a-j,collection_id_exact,2,0276931e95a370a4af86b128f5fe5a8ef2e883e4c80b2657a9f0502dbf54f39a,u884a-j.svg,
CE-005665,衊,1級,親字,https://www.kanjipedia.jp/common/images/kanji/180/std_E576.png,u884a,unicode_exact,17,0276931e95a370a4af86b128f5fe5a8ef2e883e4c80b2657a9f0502dbf54f39a,u884a.svg,
CE-005667,韈,1級,親字,https://www.kanjipedia.jp/common/images/kanji/180/nw_0008.png,u97c8-ue0100,ivs_exact,14,c9f99fafc7b8a21dee4393a743e00d934a6b699a1175f449b85add9d397e5669,u97c8-ue0100.svg,
CE-005667,韈,1級,親字,https://www.kanjipedia.jp/common/images/kanji/180/nw_0008.png,u97c8-ue0101,ivs_exact,7,c9f99fafc7b8a21dee4393a743e00d934a6b699a1175f449b85add9d397e5669,u97c8-ue0101.svg,
CE-005667,韈,1級,親字,https://www.kanjipedia.jp/common/images/kanji/180/nw_0008.png,u97c8-ue0102,ivs_exact,9,3a6792a56639899da5c7a50b2761085207c92988e0cb5fc0744c2c80bb22cc94,u97c8-ue0102.svg,
CE-005667,韈,1級,親字,https://www.kanjipedia.jp/common/images/kanji/180/nw_0008.png,u97c8-ue0103,ivs_exact,11,4ff51ad70265e3081c8ac5afbf507efe6ffff7a305fe5c270d5cd2099ecf9dba,u97c8-ue0103.svg,
CE-005667,韈,1級,親字,https://www.kanjipedia.jp/common/images/kanji/180/nw_0008.png,u97c8-t,collection_id_exact,2,653a7b165ad4852667919d577f88a0cdd224a3cc91b5eaa302efc8fcd717beb9,u97c8-t.svg,
CE-005667,韈,1級,親字,https://www.kanjipedia.jp/common/images/kanji/180/nw_0008.png,u97c8,unicode_exact,17,c9f99fafc7b8a21dee4393a743e00d934a6b699a1175f449b85add9d397e5669,u97c8.svg,
CE-005674,返,1/準1級,旧字,https://www.kanjipedia.jp/common/images/kanji/60/pr_8FD4.png,u8fd4-ue0100,ivs_exact,12,81ca709d3aeafdd8013c20416c0b8462c09d1be991338548c48983b4efb72e3a,u8fd4-ue0100.svg,
CE-005674,返,1/準1級,旧字,https://www.kanjipedia.jp/common/images/kanji/60/pr_8FD4.png,u8fd4-ue0101,ivs_exact,14,6a6d9b52bd6c950c130fda65048d366fbcc2654145797bcd9553939f2fbf268d,u8fd4-ue0101.svg,
CE-005674,返,1/準1級,旧字,https://www.kanjipedia.jp/common/images/kanji/60/pr_8FD4.png,u8fd4-ue0102,ivs_exact,10,2abd05e2783df1115ab843f9d590159b6b5c8c5081ce25fc9668448cc5bb18a6,u8fd4-ue0102.svg,
CE-005674,返,1/準1級,旧字,https://www.kanjipedia.jp/common/images/kanji/60/pr_8FD4.png,u8fd4-ue0103,ivs_exact,10,4faed534d09dd864c192e46a46835ce06a2d3ec17496dce4f6dd2993314e08d8,u8fd4-ue0103.svg,
CE-005674,返,1/準1級,旧字,https://www.kanjipedia.jp/common/images/kanji/60/pr_8FD4.png,u8fd4-k,collection_id_exact,7,612f31d8b689d57af3ed99d5490759d0185f67a6bfb3d39f0317c7de0aece04d,u8fd4-k.svg,
CE-005674,返,1/準1級,旧字,https://www.kanjipedia.jp/common/images/kanji/60/pr_8FD4.png,u8fd4-t,collection_id_exact,5,f7c4dea34c75e6a42955326487c89d2137d437876d4030f6f84b900ef0c4b0dd,u8fd4-t.svg,
CE-005674,返,1/準1級,旧字,https://www.kanjipedia.jp/common/images/kanji/60/pr_8FD4.png,u8fd4-j,collection_id_exact,8,81ca709d3aeafdd8013c20416c0b8462c09d1be991338548c48983b4efb72e3a,u8fd4-j.svg,
CE-005674,返,1/準1級,旧字,https://www.kanjipedia.jp/common/images/kanji/60/pr_8FD4.png,u8fd4,unicode_exact,13,81ca709d3aeafdd8013c20416c0b8462c09d1be991338548c48983b4efb72e3a,u8fd4.svg,
CE-005680,偏,1/準1級,旧字,https://www.kanjipedia.jp/common/images/kanji/60/pr_504F.png,u504f-ue0100,ivs_exact,7,47fc2b0fa6335c842c7d9d57895aaa7b6d5589e3be6ca441f3c9d9acf5ccddbf,u504f-ue0100.svg,
CE-005680,偏,1/準1級,旧字,https://www.kanjipedia.jp/common/images/kanji/60/pr_504F.png,u504f-ue0101,ivs_exact,5,ce71990061f91f62868a5cb2d59dc18a8978bd2a5af54cfb6246cd91cd83cbbf,u504f-ue0101.svg,
CE-005680,偏,1/準1級,旧字,https://www.kanjipedia.jp/common/images/kanji/60/pr_504F.png,u504f-ue0102,ivs_exact,5,47fc2b0fa6335c842c7d9d57895aaa7b6d5589e3be6ca441f3c9d9acf5ccddbf,u504f-ue0102.svg,
CE-005680,偏,1/準1級,旧字,https://www.kanjipedia.jp/common/images/kanji/60/pr_504F.png,u504f-ue0103,ivs_exact,4,ce71990061f91f62868a5cb2d59dc18a8978bd2a5af54cfb6246cd91cd83cbbf,u504f-ue0103.svg,
CE-005680,偏,1/準1級,旧字,https://www.kanjipedia.jp/common/images/kanji/60/pr_504F.png,u504f-k,collection_id_exact,5,ce71990061f91f62868a5cb2d59dc18a8978bd2a5af54cfb6246cd91cd83cbbf,u504f-k.svg,
CE-005680,偏,1/準1級,旧字,https://www.kanjipedia.jp/common/images/kanji/60/pr_504F.png,u504f-t,collection_id_exact,6,dd10bb703bd2abd76d51756017350f742946845e85e9ea468773e747f37c36b2,u504f-t.svg,
CE-005680,偏,1/準1級,旧字,https://www.kanjipedia.jp/common/images/kanji/60/pr_504F.png,u504f-j,collection_id_exact,2,47fc2b0fa6335c842c7d9d57895aaa7b6d5589e3be6ca441f3c9d9acf5ccddbf,u504f-j.svg,
CE-005680,偏,1/準1級,旧字,https://www.kanjipedia.jp/common/images/kanji/60/pr_504F.png,u504f,unicode_exact,8,47fc2b0fa6335c842c7d9d57895aaa7b6d5589e3be6ca441f3c9d9acf5ccddbf,u504f.svg,
CE-005682,胼,1級,親字,https://www.kanjipedia.jp/common/images/kanji/180/std_80FC.png,u80fc-ue0100,ivs_exact,9,4f619ad65ecfb41fe7e02c9f900dd6ae45824da7addc5c23038f0a69e1d633a5,u80fc-ue0100.svg,
CE-005682,胼,1級,親字,https://www.kanjipedia.jp/common/images/kanji/180/std_80FC.png,u80fc,unicode_exact,11,4f619ad65ecfb41fe7e02c9f900dd6ae45824da7addc5c23038f0a69e1d633a5,u80fc.svg,
CE-005685,遍,1/準1級,旧字,https://www.kanjipedia.jp/common/images/kanji/60/pr_904D.png,u904d-ue0100,ivs_exact,13,cdcf005ad5af90afa69e5a252d47a68acf870ec168729a83c76c447b55e05b9b,u904d-ue0100.svg,
CE-005685,遍,1/準1級,旧字,https://www.kanjipedia.jp/common/images/kanji/60/pr_904D.png,u904d-ue0101,ivs_exact,11,0173447171c2d63c850b19fef1b5df82da9319e2520412fb1a7e9c73bf253661,u904d-ue0101.svg,
CE-005685,遍,1/準1級,旧字,https://www.kanjipedia.jp/common/images/kanji/60/pr_904D.png,u904d-ue0102,ivs_exact,8,cdcf005ad5af90afa69e5a252d47a68acf870ec168729a83c76c447b55e05b9b,u904d-ue0102.svg,
CE-005685,遍,1/準1級,旧字,https://www.kanjipedia.jp/common/images/kanji/60/pr_904D.png,u904d-ue0103,ivs_exact,8,0173447171c2d63c850b19fef1b5df82da9319e2520412fb1a7e9c73bf253661,u904d-ue0103.svg,
CE-005685,遍,1/準1級,旧字,https://www.kanjipedia.jp/common/images/kanji/60/pr_904D.png,u904d-k,collection_id_exact,10,0173447171c2d63c850b19fef1b5df82da9319e2520412fb1a7e9c73bf253661,u904d-k.svg,
CE-005685,遍,1/準1級,旧字,https://www.kanjipedia.jp/common/images/kanji/60/pr_904D.png,u904d-t,collection_id_exact,12,93e778cb1b190bc47565deff4d797bf76f92e63f7d3573c004c86f80e5fd7bd7,u904d-t.svg,
CE-005685,遍,1/準1級,旧字,https://www.kanjipedia.jp/common/images/kanji/60/pr_904D.png,u904d-j,collection_id_exact,6,cdcf005ad5af90afa69e5a252d47a68acf870ec168729a83c76c447b55e05b9b,u904d-j.svg,
CE-005685,遍,1/準1級,旧字,https://www.kanjipedia.jp/common/images/kanji/60/pr_904D.png,u904d,unicode_exact,14,cdcf005ad5af90afa69e5a252d47a68acf870ec168729a83c76c447b55e05b9b,u904d.svg,
CE-005686,褊,1級,親字,https://www.kanjipedia.jp/common/images/kanji/180/std_890A.png,u890a-ue0100,ivs_exact,6,b0260a92402543c1b3a596a51c1953cf87c50c446d84c02ff4e5eb04225354b8,u890a-ue0100.svg,
CE-005686,褊,1級,親字,https://www.kanjipedia.jp/common/images/kanji/180/std_890A.png,u890a-ue0101,ivs_exact,5,2c9ac41d1fd865a5c7bf99140347a4d3fbbef0958efb3dae33b06f47be04e66f,u890a-ue0101.svg,
CE-005686,褊,1級,親字,https://www.kanjipedia.jp/common/images/kanji/180/std_890A.png,u890a-ue0102,ivs_exact,3,b0260a92402543c1b3a596a51c1953cf87c50c446d84c02ff4e5eb04225354b8,u890a-ue0102.svg,
CE-005686,褊,1級,親字,https://www.kanjipedia.jp/common/images/kanji/180/std_890A.png,u890a-ue0103,ivs_exact,2,2c9ac41d1fd865a5c7bf99140347a4d3fbbef0958efb3dae33b06f47be04e66f,u890a-ue0103.svg,
CE-005686,褊,1級,親字,https://www.kanjipedia.jp/common/images/kanji/180/std_890A.png,u890a,unicode_exact,7,b0260a92402543c1b3a596a51c1953cf87c50c446d84c02ff4e5eb04225354b8,u890a.svg,
CE-005691,編,1/準1級,旧字,https://www.kanjipedia.jp/common/images/kanji/60/pr_7DE8.png,u7de8-ue0100,ivs_exact,9,cbc8d8f82102b49948c5bb92043554e954c4f3ef12b5895c18667da55f8f15e5,u7de8-ue0100.svg,
CE-005691,編,1/準1級,旧字,https://www.kanjipedia.jp/common/images/kanji/60/pr_7DE8.png,u7de8-ue0101,ivs_exact,11,9d99e9533d338a702774e1d39602bbc2c8a82c1dd77010eb7f50a22a51c9dd2a,u7de8-ue0101.svg,
CE-005691,編,1/準1級,旧字,https://www.kanjipedia.jp/common/images/kanji/60/pr_7DE8.png,u7de8-ue0102,ivs_exact,7,cbc8d8f82102b49948c5bb92043554e954c4f3ef12b5895c18667da55f8f15e5,u7de8-ue0102.svg,
CE-005691,編,1/準1級,旧字,https://www.kanjipedia.jp/common/images/kanji/60/pr_7DE8.png,u7de8-ue0103,ivs_exact,10,9d99e9533d338a702774e1d39602bbc2c8a82c1dd77010eb7f50a22a51c9dd2a,u7de8-ue0103.svg,
CE-005691,編,1/準1級,旧字,https://www.kanjipedia.jp/common/images/kanji/60/pr_7DE8.png,u7de8-k,collection_id_exact,11,9d99e9533d338a702774e1d39602bbc2c8a82c1dd77010eb7f50a22a51c9dd2a,u7de8-k.svg,
CE-005691,編,1/準1級,旧字,https://www.kanjipedia.jp/common/images/kanji/60/pr_7DE8.png,u7de8-t,collection_id_exact,4,419f777a3c04996559d54ce2bb2f0a4c0b1880fa139cece49d3ed3f4dbabfd5b,u7de8-t.svg,
CE-005691,編,1/準1級,旧字,https://www.kanjipedia.jp/common/images/kanji/60/pr_7DE8.png,u7de8-j,collection_id_exact,3,cbc8d8f82102b49948c5bb92043554e954c4f3ef12b5895c18667da55f8f15e5,u7de8-j.svg,
CE-005691,編,1/準1級,旧字,https://www.kanjipedia.jp/common/images/kanji/60/pr_7DE8.png,u7de8,unicode_exact,12,cbc8d8f82102b49948c5bb92043554e954c4f3ef12b5895c18667da55f8f15e5,u7de8.svg,
CE-005692,翩,1級,親字,https://www.kanjipedia.jp/common/images/kanji/180/std_7FE9.png,u7fe9-ue0100,ivs_exact,7,fb950833dde03d00ae18258a39adf143be68ad5be7abbcb40984f654ddfa3078,u7fe9-ue0100.svg,
CE-005692,翩,1級,親字,https://www.kanjipedia.jp/common/images/kanji/180/std_7FE9.png,u7fe9-ue0101,ivs_exact,6,8ed523d6efce12acab45723181fc4089a3f297234be3173233b56226e7a491ef,u7fe9-ue0101.svg,
CE-005692,翩,1級,親字,https://www.kanjipedia.jp/common/images/kanji/180/std_7FE9.png,u7fe9-ue0102,ivs_exact,3,dc4a78066326bef60ea8b1001a0a4a8e2414da7d7885ec71ceb9bf871fdf3d76,u7fe9-ue0102.svg,
CE-005692,翩,1級,親字,https://www.kanjipedia.jp/common/images/kanji/180/std_7FE9.png,u7fe9-ue0103,ivs_exact,4,fb950833dde03d00ae18258a39adf143be68ad5be7abbcb40984f654ddfa3078,u7fe9-ue0103.svg,
CE-005692,翩,1級,親字,https://www.kanjipedia.jp/common/images/kanji/180/std_7FE9.png,u7fe9-k,collection_id_exact,6,8ed523d6efce12acab45723181fc4089a3f297234be3173233b56226e7a491ef,u7fe9-k.svg,
CE-005692,翩,1級,親字,https://www.kanjipedia.jp/common/images/kanji/180/std_7FE9.png,u7fe9,unicode_exact,8,fb950833dde03d00ae18258a39adf143be68ad5be7abbcb40984f654ddfa3078,u7fe9.svg,
CE-005694,蝙,1級,親字,https://www.kanjipedia.jp/common/images/kanji/180/std_8759.png,u8759-ue0100,ivs_exact,6,b40cf5b899bf8d2dd3c58524f04c16b601eb6d47a9fab5959fc9d41a97c01085,u8759-ue0100.svg,
CE-005694,蝙,1級,親字,https://www.kanjipedia.jp/common/images/kanji/180/std_8759.png,u8759-ue0101,ivs_exact,4,89f12dd491093b5b77a0857d65a4c53f9dbf678a761cab2350d5ba9601f007a1,u8759-ue0101.svg,
CE-005694,蝙,1級,親字,https://www.kanjipedia.jp/common/images/kanji/180/std_8759.png,u8759-ue0102,ivs_exact,3,b40cf5b899bf8d2dd3c58524f04c16b601eb6d47a9fab5959fc9d41a97c01085,u8759-ue0102.svg,
CE-005694,蝙,1級,親字,https://www.kanjipedia.jp/common/images/kanji/180/std_8759.png,u8759-ue0103,ivs_exact,1,89f12dd491093b5b77a0857d65a4c53f9dbf678a761cab2350d5ba9601f007a1,u8759-ue0103.svg,
CE-005694,蝙,1級,親字,https://www.kanjipedia.jp/common/images/kanji/180/std_8759.png,u8759,unicode_exact,7,b40cf5b899bf8d2dd3c58524f04c16b601eb6d47a9fab5959fc9d41a97c01085,u8759.svg,
CE-005696,諞,1級,親字,https://www.kanjipedia.jp/common/images/kanji/180/std_8ADE.png,u8ade-ue0100,ivs_exact,7,41812166fc63aac8e2230877003b9bd39a7584a9198d7f21b754598abad76d33,u8ade-ue0100.svg,
CE-005696,諞,1級,親字,https://www.kanjipedia.jp/common/images/kanji/180/std_8ADE.png,u8ade-ue0101,ivs_exact,4,4771729a60494bb058f7b6877f2747d0fe32e445cca81b1ab66ab6d2687cb7b1,u8ade-ue0101.svg,
CE-005696,諞,1級,親字,https://www.kanjipedia.jp/common/images/kanji/180/std_8ADE.png,u8ade-ue0102,ivs_exact,4,41812166fc63aac8e2230877003b9bd39a7584a9198d7f21b754598abad76d33,u8ade-ue0102.svg,
CE-005696,諞,1級,親字,https://www.kanjipedia.jp/common/images/kanji/180/std_8ADE.png,u8ade-ue0103,ivs_exact,1,4771729a60494bb058f7b6877f2747d0fe32e445cca81b1ab66ab6d2687cb7b1,u8ade-ue0103.svg,
CE-005696,諞,1級,親字,https://www.kanjipedia.jp/common/images/kanji/180/std_8ADE.png,u8ade-j,collection_id_exact,3,41812166fc63aac8e2230877003b9bd39a7584a9198d7f21b754598abad76d33,u8ade-j.svg,
CE-005696,諞,1級,親字,https://www.kanjipedia.jp/common/images/kanji/180/std_8ADE.png,u8ade,unicode_exact,8,41812166fc63aac8e2230877003b9bd39a7584a9198d7f21b754598abad76d33,u8ade.svg,
CE-005698,駢,1級,親字,https://www.kanjipedia.jp/common/images/kanji/180/std_99E2.png,u99e2-ue0100,ivs_exact,11,7362444ab70625b4ca6e7ba4f96326239a7ba75ed65e5c2b3655e8585cef13f5,u99e2-ue0100.svg,
CE-005698,駢,1級,親字,https://www.kanjipedia.jp/common/images/kanji/180/std_99E2.png,u99e2-j,collection_id_exact,4,7362444ab70625b4ca6e7ba4f96326239a7ba75ed65e5c2b3655e8585cef13f5,u99e2-j.svg,
CE-005698,駢,1級,親字,https://www.kanjipedia.jp/common/images/kanji/180/std_99E2.png,u99e2,unicode_exact,11,7362444ab70625b4ca6e7ba4f96326239a7ba75ed65e5c2b3655e8585cef13f5,u99e2.svg,
CE-005704,弁,1/準1級,旧字,https://www.kanjipedia.jp/common/images/kanji/60/std_74E3.png,u5f01-ue0100,ivs_exact,6,683ecd656c0b87815e68d433da5ebe80666faeaac68d4a727aefa182b6106d28,u5f01-ue0100.svg,
CE-005704,弁,1/準1級,旧字,https://www.kanjipedia.jp/common/images/kanji/60/std_74E3.png,u5f01-ue0101,ivs_exact,6,683ecd656c0b87815e68d433da5ebe80666faeaac68d4a727aefa182b6106d28,u5f01-ue0101.svg,
CE-005704,弁,1/準1級,旧字,https://www.kanjipedia.jp/common/images/kanji/60/std_74E3.png,u5f01-ue0102,ivs_exact,4,293a7fe69467eef8be2f9f4e905a0d8a19720178fe3d47880594051b406fda48,u5f01-ue0102.svg,
CE-005704,弁,1/準1級,旧字,https://www.kanjipedia.jp/common/images/kanji/60/std_74E3.png,u5f01-ue0103,ivs_exact,2,fa4ab6518fe8dd637bdf363e2df210c0f08787cd2baef7906d634c2fd4193766,u5f01-ue0103.svg,
CE-005704,弁,1/準1級,旧字,https://www.kanjipedia.jp/common/images/kanji/60/std_74E3.png,u5f01-k,collection_id_exact,5,683ecd656c0b87815e68d433da5ebe80666faeaac68d4a727aefa182b6106d28,u5f01-k.svg,
CE-005704,弁,1/準1級,旧字,https://www.kanjipedia.jp/common/images/kanji/60/std_74E3.png,u5f01-t,collection_id_exact,1,25e832ab874dd451cf49daedeee5aa7155824f61dcfac939ed13ece69fef2f70,u5f01-t.svg,
CE-005704,弁,1/準1級,旧字,https://www.kanjipedia.jp/common/images/kanji/60/std_74E3.png,u5f01-j,collection_id_exact,2,683ecd656c0b87815e68d433da5ebe80666faeaac68d4a727aefa182b6106d28,u5f01-j.svg,
CE-005704,弁,1/準1級,旧字,https://www.kanjipedia.jp/common/images/kanji/60/std_74E3.png,u5f01,unicode_exact,6,683ecd656c0b87815e68d433da5ebe80666faeaac68d4a727aefa182b6106d28,u5f01.svg,
CE-005720,瓣,1級,親字,https://www.kanjipedia.jp/common/images/kanji/180/std_74E3.png,u74e3-ue0100,ivs_exact,12,4a3168dc6003e5901eafe45f61c6ba17fe28ab40bfe4d72f4db1bb229e1a4cd0,u74e3-ue0100.svg,
CE-005720,瓣,1級,親字,https://www.kanjipedia.jp/common/images/kanji/180/std_74E3.png,u74e3-ue0101,ivs_exact,7,4a3168dc6003e5901eafe45f61c6ba17fe28ab40bfe4d72f4db1bb229e1a4cd0,u74e3-ue0101.svg,
CE-005720,瓣,1級,親字,https://www.kanjipedia.jp/common/images/kanji/180/std_74E3.png,u74e3-ue0102,ivs_exact,6,0c36af06b2d97f49917a502c4f75c23965633d7a77564c547ea1299a347465d5,u74e3-ue0102.svg,
CE-005720,瓣,1級,親字,https://www.kanjipedia.jp/common/images/kanji/180/std_74E3.png,u74e3-ue0103,ivs_exact,2,f9b308e072a161ceba69ab08c0196148f94e1d1954cc85675e91746550d2bc22,u74e3-ue0103.svg,
CE-005720,瓣,1級,親字,https://www.kanjipedia.jp/common/images/kanji/180/std_74E3.png,u74e3-k,collection_id_exact,10,4a3168dc6003e5901eafe45f61c6ba17fe28ab40bfe4d72f4db1bb229e1a4cd0,u74e3-k.svg,
CE-005720,瓣,1級,親字,https://www.kanjipedia.jp/common/images/kanji/180/std_74E3.png,u74e3-j,collection_id_exact,6,4a3168dc6003e5901eafe45f61c6ba17fe28ab40bfe4d72f4db1bb229e1a4cd0,u74e3-j.svg,
CE-005720,瓣,1級,親字,https://www.kanjipedia.jp/common/images/kanji/180/std_74E3.png,u74e3,unicode_exact,12,4a3168dc6003e5901eafe45f61c6ba17fe28ab40bfe4d72f4db1bb229e1a4cd0,u74e3.svg,
CE-005760,包,1/準1級,旧字,https://www.kanjipedia.jp/common/images/kanji/60/pr_9EAD.png,u5305-ue0100,ivs_exact,4,08d7a8a5aa51834975073f8c1e95f9fab12f19a8c7a4f29bd5a0b4d0f1706b05,u5305-ue0100.svg,
CE-005760,包,1/準1級,旧字,https://www.kanjipedia.jp/common/images/kanji/60/pr_9EAD.png,u5305-ue0101,ivs_exact,6,aadc2fa39fc031ba8d88b3fc0085ea1326993731dbe30d248cb625c300e27df8,u5305-ue0101.svg,
CE-005760,包,1/準1級,旧字,https://www.kanjipedia.jp/common/images/kanji/60/pr_9EAD.png,u5305-ue0102,ivs_exact,4,08d7a8a5aa51834975073f8c1e95f9fab12f19a8c7a4f29bd5a0b4d0f1706b05,u5305-ue0102.svg,
CE-005760,包,1/準1級,旧字,https://www.kanjipedia.jp/common/images/kanji/60/pr_9EAD.png,u5305-ue0103,ivs_exact,6,aadc2fa39fc031ba8d88b3fc0085ea1326993731dbe30d248cb625c300e27df8,u5305-ue0103.svg,
CE-005760,包,1/準1級,旧字,https://www.kanjipedia.jp/common/images/kanji/60/pr_9EAD.png,u5305-k,collection_id_exact,6,aadc2fa39fc031ba8d88b3fc0085ea1326993731dbe30d248cb625c300e27df8,u5305-k.svg,
CE-005760,包,1/準1級,旧字,https://www.kanjipedia.jp/common/images/kanji/60/pr_9EAD.png,u5305-t,collection_id_exact,3,1e50d3a4fd5467deee9d56f37252ac87b89909d8a25267bb24bd790fa4a0afe7,u5305-t.svg,
CE-005760,包,1/準1級,旧字,https://www.kanjipedia.jp/common/images/kanji/60/pr_9EAD.png,u5305-j,collection_id_exact,3,08d7a8a5aa51834975073f8c1e95f9fab12f19a8c7a4f29bd5a0b4d0f1706b05,u5305-j.svg,
CE-005760,包,1/準1級,旧字,https://www.kanjipedia.jp/common/images/kanji/60/pr_9EAD.png,u5305,unicode_exact,4,08d7a8a5aa51834975073f8c1e95f9fab12f19a8c7a4f29bd5a0b4d0f1706b05,u5305.svg,
CE-005774,抱,1/準1級,旧字,https://www.kanjipedia.jp/common/images/kanji/60/pr_62B1.png,u62b1-ue0100,ivs_exact,5,964400cde564d4ff130043e3054a0fecbf2d2473bf71b045756abc7c96885c11,u62b1-ue0100.svg,
CE-005774,抱,1/準1級,旧字,https://www.kanjipedia.jp/common/images/kanji/60/pr_62B1.png,u62b1-ue0101,ivs_exact,8,8004338a86111ec47b60347011e2f5c0f9550edb113d3209d523c3f8292e0283,u62b1-ue0101.svg,
CE-005774,抱,1/準1級,旧字,https://www.kanjipedia.jp/common/images/kanji/60/pr_62B1.png,u62b1-ue0102,ivs_exact,2,964400cde564d4ff130043e3054a0fecbf2d2473bf71b045756abc7c96885c11,u62b1-ue0102.svg,
CE-005774,抱,1/準1級,旧字,https://www.kanjipedia.jp/common/images/kanji/60/pr_62B1.png,u62b1-ue0103,ivs_exact,6,8004338a86111ec47b60347011e2f5c0f9550edb113d3209d523c3f8292e0283,u62b1-ue0103.svg,
CE-005774,抱,1/準1級,旧字,https://www.kanjipedia.jp/common/images/kanji/60/pr_62B1.png,u62b1-k,collection_id_exact,6,8004338a86111ec47b60347011e2f5c0f9550edb113d3209d523c3f8292e0283,u62b1-k.svg,
CE-005774,抱,1/準1級,旧字,https://www.kanjipedia.jp/common/images/kanji/60/pr_62B1.png,u62b1-t,collection_id_exact,1,021588e9daa95d636ecfffdd15db87240cc24be0a868a7b8d59ae0196f1a2852,u62b1-t.svg,
CE-005774,抱,1/準1級,旧字,https://www.kanjipedia.jp/common/images/kanji/60/pr_62B1.png,u62b1,unicode_exact,7,964400cde564d4ff130043e3054a0fecbf2d2473bf71b045756abc7c96885c11,u62b1.svg,
CE-005775,抛,1級,親字,https://www.kanjipedia.jp/common/images/kanji/180/std_629B.png,u629b-ue0100,ivs_exact,11,8280bee301b931438f3b876f286903d2a3f12b548ce5add159eaf7ef218d91a9,u629b-ue0100.svg,
CE-005775,抛,1級,親字,https://www.kanjipedia.jp/common/images/kanji/180/std_629B.png,u629b-k,collection_id_exact,9,8280bee301b931438f3b876f286903d2a3f12b548ce5add159eaf7ef218d91a9,u629b-k.svg,
CE-005775,抛,1級,親字,https://www.kanjipedia.jp/common/images/kanji/180/std_629B.png,u629b-j,collection_id_exact,2,8280bee301b931438f3b876f286903d2a3f12b548ce5add159eaf7ef218d91a9,u629b-j.svg,
CE-005775,抛,1級,親字,https://www.kanjipedia.jp/common/images/kanji/180/std_629B.png,u629b,unicode_exact,12,8280bee301b931438f3b876f286903d2a3f12b548ce5add159eaf7ef218d91a9,u629b.svg,
CE-005782,泡,1/準1級,旧字,https://www.kanjipedia.jp/common/images/kanji/60/pr_6CE1.png,u6ce1-ue0100,ivs_exact,10,aaee605d77392e857b95403220b848e4187771daec4f74466cee04a961f3ff98,u6ce1-ue0100.svg,
CE-005782,泡,1/準1級,旧字,https://www.kanjipedia.jp/common/images/kanji/60/pr_6CE1.png,u6ce1-ue0101,ivs_exact,12,dd0365d609b6a9ade6b298cf00e27f967f29a5a3c7d41ff8f0fc7e55fc0f7c5c,u6ce1-ue0101.svg,
CE-005782,泡,1/準1級,旧字,https://www.kanjipedia.jp/common/images/kanji/60/pr_6CE1.png,u6ce1-ue0102,ivs_exact,8,aaee605d77392e857b95403220b848e4187771daec4f74466cee04a961f3ff98,u6ce1-ue0102.svg,
CE-005782,泡,1/準1級,旧字,https://www.kanjipedia.jp/common/images/kanji/60/pr_6CE1.png,u6ce1-ue0103,ivs_exact,10,dd0365d609b6a9ade6b298cf00e27f967f29a5a3c7d41ff8f0fc7e55fc0f7c5c,u6ce1-ue0103.svg,
CE-005782,泡,1/準1級,旧字,https://www.kanjipedia.jp/common/images/kanji/60/pr_6CE1.png,u6ce1-k,collection_id_exact,10,dd0365d609b6a9ade6b298cf00e27f967f29a5a3c7d41ff8f0fc7e55fc0f7c5c,u6ce1-k.svg,
CE-005782,泡,1/準1級,旧字,https://www.kanjipedia.jp/common/images/kanji/60/pr_6CE1.png,u6ce1-t,collection_id_exact,4,6b520538efb41f073ede33a079c0995908e6d20eafff3cba1ea305d06f76f258,u6ce1-t.svg,
CE-005782,泡,1/準1級,旧字,https://www.kanjipedia.jp/common/images/kanji/60/pr_6CE1.png,u6ce1-j,collection_id_exact,6,aaee605d77392e857b95403220b848e4187771daec4f74466cee04a961f3ff98,u6ce1-j.svg,
CE-005782,泡,1/準1級,旧字,https://www.kanjipedia.jp/common/images/kanji/60/pr_6CE1.png,u6ce1,unicode_exact,12,aaee605d77392e857b95403220b848e4187771daec4f74466cee04a961f3ff98,u6ce1.svg,
CE-005787,胞,1/準1級,旧字,https://www.kanjipedia.jp/common/images/kanji/60/pr_80DE.png,u80de-ue0100,ivs_exact,8,ff412452bb940ca9ec42507d91c3edb7a6f454caf0b2c94c774b1b24d0b0b242,u80de-ue0100.svg,
CE-005787,胞,1/準1級,旧字,https://www.kanjipedia.jp/common/images/kanji/60/pr_80DE.png,u80de-ue0101,ivs_exact,8,56a639a3b984038aff35575e16dd23157fed5c1539be58c48efa8d580973929c,u80de-ue0101.svg,
CE-005787,胞,1/準1級,旧字,https://www.kanjipedia.jp/common/images/kanji/60/pr_80DE.png,u80de-ue0102,ivs_exact,5,b28c6f6b4260157ee73fefdc36636cff53ddd2f6af6de791302d0d0e76339b33,u80de-ue0102.svg,
CE-005787,胞,1/準1級,旧字,https://www.kanjipedia.jp/common/images/kanji/60/pr_80DE.png,u80de-ue0103,ivs_exact,7,56a639a3b984038aff35575e16dd23157fed5c1539be58c48efa8d580973929c,u80de-ue0103.svg,
CE-005787,胞,1/準1級,旧字,https://www.kanjipedia.jp/common/images/kanji/60/pr_80DE.png,u80de-k,collection_id_exact,8,56a639a3b984038aff35575e16dd23157fed5c1539be58c48efa8d580973929c,u80de-k.svg,
CE-005787,胞,1/準1級,旧字,https://www.kanjipedia.jp/common/images/kanji/60/pr_80DE.png,u80de-t,collection_id_exact,3,b3ce98653fe130675ccd0d1fb33225a79e10d1aa2b3724ee23f7252fad583b68,u80de-t.svg,
CE-005787,胞,1/準1級,旧字,https://www.kanjipedia.jp/common/images/kanji/60/pr_80DE.png,u80de-j,collection_id_exact,2,ff412452bb940ca9ec42507d91c3edb7a6f454caf0b2c94c774b1b24d0b0b242,u80de-j.svg,
CE-005787,胞,1/準1級,旧字,https://www.kanjipedia.jp/common/images/kanji/60/pr_80DE.png,u80de,unicode_exact,11,ff412452bb940ca9ec42507d91c3edb7a6f454caf0b2c94c774b1b24d0b0b242,u80de.svg,
CE-005796,砲,1/準1級,旧字,https://www.kanjipedia.jp/common/images/kanji/60/pr_70AE.png,u7832-ue0100,ivs_exact,9,52412bc59116fa7957f9cba18cb9432f2ebb9fdca22427cf1bb0f03316a9f86a,u7832-ue0100.svg,
CE-005796,砲,1/準1級,旧字,https://www.kanjipedia.jp/common/images/kanji/60/pr_70AE.png,u7832-ue0101,ivs_exact,8,8f367bacb9246767007a559880d3a7ffab222c3a353e75ed75de67f8ade05f68,u7832-ue0101.svg,
CE-005796,砲,1/準1級,旧字,https://www.kanjipedia.jp/common/images/kanji/60/pr_70AE.png,u7832-ue0102,ivs_exact,5,52412bc59116fa7957f9cba18cb9432f2ebb9fdca22427cf1bb0f03316a9f86a,u7832-ue0102.svg,
CE-005796,砲,1/準1級,旧字,https://www.kanjipedia.jp/common/images/kanji/60/pr_70AE.png,u7832-ue0103,ivs_exact,5,8f367bacb9246767007a559880d3a7ffab222c3a353e75ed75de67f8ade05f68,u7832-ue0103.svg,
CE-005796,砲,1/準1級,旧字,https://www.kanjipedia.jp/common/images/kanji/60/pr_70AE.png,u7832-k,collection_id_exact,7,8f367bacb9246767007a559880d3a7ffab222c3a353e75ed75de67f8ade05f68,u7832-k.svg,
CE-005796,砲,1/準1級,旧字,https://www.kanjipedia.jp/common/images/kanji/60/pr_70AE.png,u7832-j,collection_id_exact,4,52412bc59116fa7957f9cba18cb9432f2ebb9fdca22427cf1bb0f03316a9f86a,u7832-j.svg,
CE-005796,砲,1/準1級,旧字,https://www.kanjipedia.jp/common/images/kanji/60/pr_70AE.png,u7832,unicode_exact,10,52412bc59116fa7957f9cba18cb9432f2ebb9fdca22427cf1bb0f03316a9f86a,u7832.svg,
CE-005800,堋,1級,親字,https://www.kanjipedia.jp/common/images/kanji/180/std_580B.png,u580b-ue0100,ivs_exact,10,943f61a2ed7c17af7896ec46fad2240ec96618b90962dc0e772cbd0d52d8fc7f,u580b-ue0100.svg,
CE-005800,堋,1級,親字,https://www.kanjipedia.jp/common/images/kanji/180/std_580B.png,u580b-ue0101,ivs_exact,12,64d5294907f6c5bc2638399d3bd465a50704f0aed7dd6532057537a8a032a0b3,u580b-ue0101.svg,
CE-005800,堋,1級,親字,https://www.kanjipedia.jp/common/images/kanji/180/std_580B.png,u580b-ue0102,ivs_exact,6,943f61a2ed7c17af7896ec46fad2240ec96618b90962dc0e772cbd0d52d8fc7f,u580b-ue0102.svg,
CE-005800,堋,1級,親字,https://www.kanjipedia.jp/common/images/kanji/180/std_580B.png,u580b-ue0103,ivs_exact,7,64d5294907f6c5bc2638399d3bd465a50704f0aed7dd6532057537a8a032a0b3,u580b-ue0103.svg,
CE-005800,堋,1級,親字,https://www.kanjipedia.jp/common/images/kanji/180/std_580B.png,u580b-j,collection_id_exact,2,943f61a2ed7c17af7896ec46fad2240ec96618b90962dc0e772cbd0d52d8fc7f,u580b-j.svg,
CE-005800,堋,1級,親字,https://www.kanjipedia.jp/common/images/kanji/180/std_580B.png,u580b,unicode_exact,11,943f61a2ed7c17af7896ec46fad2240ec96618b90962dc0e772cbd0d52d8fc7f,u580b.svg,
CE-005803,崩,1/準1級,旧字,https://www.kanjipedia.jp/common/images/kanji/60/pr_5D29.png,u5d29-ue0100,ivs_exact,7,b862053d3930024004ed67ce25fcdfbc9b26219b786f384abc1e9fd28fa790a7,u5d29-ue0100.svg,
CE-005803,崩,1/準1級,旧字,https://www.kanjipedia.jp/common/images/kanji/60/pr_5D29.png,u5d29-ue0101,ivs_exact,7,44b9c9092660552a7da58443626cd061c7d0097a2db32bc772589e3d089c5433,u5d29-ue0101.svg,
CE-005803,崩,1/準1級,旧字,https://www.kanjipedia.jp/common/images/kanji/60/pr_5D29.png,u5d29-ue0102,ivs_exact,6,b862053d3930024004ed67ce25fcdfbc9b26219b786f384abc1e9fd28fa790a7,u5d29-ue0102.svg,
CE-005803,崩,1/準1級,旧字,https://www.kanjipedia.jp/common/images/kanji/60/pr_5D29.png,u5d29-ue0103,ivs_exact,4,44b9c9092660552a7da58443626cd061c7d0097a2db32bc772589e3d089c5433,u5d29-ue0103.svg,
CE-005803,崩,1/準1級,旧字,https://www.kanjipedia.jp/common/images/kanji/60/pr_5D29.png,u5d29-k,collection_id_exact,6,b862053d3930024004ed67ce25fcdfbc9b26219b786f384abc1e9fd28fa790a7,u5d29-k.svg,
CE-005803,崩,1/準1級,旧字,https://www.kanjipedia.jp/common/images/kanji/60/pr_5D29.png,u5d29-t,collection_id_exact,1,32cb4ff6ee4645415e82c24452e39e3a2b6f49585f0e04436e75e0d6c6c5501f,u5d29-t.svg,
CE-005803,崩,1/準1級,旧字,https://www.kanjipedia.jp/common/images/kanji/60/pr_5D29.png,u5d29-j,collection_id_exact,1,b862053d3930024004ed67ce25fcdfbc9b26219b786f384abc1e9fd28fa790a7,u5d29-j.svg,
CE-005803,崩,1/準1級,旧字,https://www.kanjipedia.jp/common/images/kanji/60/pr_5D29.png,u5d29,unicode_exact,7,b862053d3930024004ed67ce25fcdfbc9b26219b786f384abc1e9fd28fa790a7,u5d29.svg,
CE-005804,弸,1級,親字,https://www.kanjipedia.jp/common/images/kanji/180/std_5F38.png,u5f38-ue0100,ivs_exact,7,522caa1e15027628637181ef72cdf07a2b1310072717031c2f2a5ca8f469b54c,u5f38-ue0100.svg,
CE-005804,弸,1級,親字,https://www.kanjipedia.jp/common/images/kanji/180/std_5F38.png,u5f38-ue0101,ivs_exact,4,56f5d93416f156c46cfcdbc12eec2f2a8f1f29a30437658c55e934b219dd4697,u5f38-ue0101.svg,
CE-005804,弸,1級,親字,https://www.kanjipedia.jp/common/images/kanji/180/std_5F38.png,u5f38-ue0102,ivs_exact,4,522caa1e15027628637181ef72cdf07a2b1310072717031c2f2a5ca8f469b54c,u5f38-ue0102.svg,
CE-005804,弸,1級,親字,https://www.kanjipedia.jp/common/images/kanji/180/std_5F38.png,u5f38-ue0103,ivs_exact,4,56f5d93416f156c46cfcdbc12eec2f2a8f1f29a30437658c55e934b219dd4697,u5f38-ue0103.svg,
CE-005804,弸,1級,親字,https://www.kanjipedia.jp/common/images/kanji/180/std_5F38.png,u5f38,unicode_exact,8,522caa1e15027628637181ef72cdf07a2b1310072717031c2f2a5ca8f469b54c,u5f38.svg,
CE-005819,迸,1級,親字,https://www.kanjipedia.jp/common/images/kanji/180/std_8FF8.png,u8ff8-ue0100,ivs_exact,10,bfb12573279d4d97ac1012afa6b476e5a1708527c9ace6d5c7ea625456e50717,u8ff8-ue0100.svg,
CE-005819,迸,1級,親字,https://www.kanjipedia.jp/common/images/kanji/180/std_8FF8.png,u8ff8-ue0101,ivs_exact,6,bfb12573279d4d97ac1012afa6b476e5a1708527c9ace6d5c7ea625456e50717,u8ff8-ue0101.svg,
CE-005819,迸,1級,親字,https://www.kanjipedia.jp/common/images/kanji/180/std_8FF8.png,u8ff8-ue0102,ivs_exact,9,fa54d1c648e45c725b638837244601e900fb661c71c10af4ca1ab1a1a0f6f465,u8ff8-ue0102.svg,
CE-005819,迸,1級,親字,https://www.kanjipedia.jp/common/images/kanji/180/std_8FF8.png,u8ff8-k,collection_id_exact,6,bfb12573279d4d97ac1012afa6b476e5a1708527c9ace6d5c7ea625456e50717,u8ff8-k.svg,
CE-005819,迸,1級,親字,https://www.kanjipedia.jp/common/images/kanji/180/std_8FF8.png,u8ff8-t,collection_id_exact,4,799f48d07417b967166b994421b9cfe0bb8b633cf2b28170ebc744bf21a30055,u8ff8-t.svg,
CE-005819,迸,1級,親字,https://www.kanjipedia.jp/common/images/kanji/180/std_8FF8.png,u8ff8-j,collection_id_exact,1,bfb12573279d4d97ac1012afa6b476e5a1708527c9ace6d5c7ea625456e50717,u8ff8-j.svg,
CE-005819,迸,1級,親字,https://www.kanjipedia.jp/common/images/kanji/180/std_8FF8.png,u8ff8,unicode_exact,11,bfb12573279d4d97ac1012afa6b476e5a1708527c9ace6d5c7ea625456e50717,u8ff8.svg,
CE-005822,硼,1級,親字,https://www.kanjipedia.jp/common/images/kanji/180/std_787C.png,u787c-ue0100,ivs_exact,9,5c4abf2fc3ffb613ebe64e193be577abf8aa55523d58dbca0a10c4ec6145c292,u787c-ue0100.svg,
CE-005822,硼,1級,親字,https://www.kanjipedia.jp/common/images/kanji/180/std_787C.png,u787c-ue0101,ivs_exact,9,a66ca44c4a257356211279453442b4a336850cb3d515553daffda12a38ffa0bb,u787c-ue0101.svg,
CE-005822,硼,1級,親字,https://www.kanjipedia.jp/common/images/kanji/180/std_787C.png,u787c-ue0102,ivs_exact,6,5c4abf2fc3ffb613ebe64e193be577abf8aa55523d58dbca0a10c4ec6145c292,u787c-ue0102.svg,
CE-005822,硼,1級,親字,https://www.kanjipedia.jp/common/images/kanji/180/std_787C.png,u787c-ue0103,ivs_exact,6,a66ca44c4a257356211279453442b4a336850cb3d515553daffda12a38ffa0bb,u787c-ue0103.svg,
CE-005822,硼,1級,親字,https://www.kanjipedia.jp/common/images/kanji/180/std_787C.png,u787c-k,collection_id_exact,7,5c4abf2fc3ffb613ebe64e193be577abf8aa55523d58dbca0a10c4ec6145c292,u787c-k.svg,
CE-005822,硼,1級,親字,https://www.kanjipedia.jp/common/images/kanji/180/std_787C.png,u787c-t,collection_id_exact,1,0a9f8e2feb9e9fdfe00bfd6079d690274aeeaf84e2fa0f5e51f00b4609fa9cbc,u787c-t.svg,
CE-005822,硼,1級,親字,https://www.kanjipedia.jp/common/images/kanji/180/std_787C.png,u787c-j,collection_id_exact,3,5c4abf2fc3ffb613ebe64e193be577abf8aa55523d58dbca0a10c4ec6145c292,u787c-j.svg,
CE-005822,硼,1級,親字,https://www.kanjipedia.jp/common/images/kanji/180/std_787C.png,u787c,unicode_exact,10,5c4abf2fc3ffb613ebe64e193be577abf8aa55523d58dbca0a10c4ec6145c292,u787c.svg,
CE-005829,飽,1/準1級,旧字,https://www.kanjipedia.jp/common/images/kanji/60/pr_98FD.png,u98fd-ue0100,ivs_exact,11,eb6964f433b284f89793b669a5b47c7a0b9baaca6cd36a57b0e9ec2950debf7a,u98fd-ue0100.svg,
CE-005829,飽,1/準1級,旧字,https://www.kanjipedia.jp/common/images/kanji/60/pr_98FD.png,u98fd-ue0101,ivs_exact,6,5ed1f738e5897bc4c949aef6c0e0359cf960b7092b218ff8a95d70e8b83ff1b0,u98fd-ue0101.svg,
CE-005829,飽,1/準1級,旧字,https://www.kanjipedia.jp/common/images/kanji/60/pr_98FD.png,u98fd-ue0102,ivs_exact,7,eb6964f433b284f89793b669a5b47c7a0b9baaca6cd36a57b0e9ec2950debf7a,u98fd-ue0102.svg,
CE-005829,飽,1/準1級,旧字,https://www.kanjipedia.jp/common/images/kanji/60/pr_98FD.png,u98fd-ue0103,ivs_exact,5,96a5942d80a7aca732fd1d0b7fd00cea86511897e50983bd0603dc5cfc1659de,u98fd-ue0103.svg,
CE-005829,飽,1/準1級,旧字,https://www.kanjipedia.jp/common/images/kanji/60/pr_98FD.png,u98fd-k,collection_id_exact,6,5ed1f738e5897bc4c949aef6c0e0359cf960b7092b218ff8a95d70e8b83ff1b0,u98fd-k.svg,
CE-005829,飽,1/準1級,旧字,https://www.kanjipedia.jp/common/images/kanji/60/pr_98FD.png,u98fd-t,collection_id_exact,1,65fc3ca1bcc2a2a134d4348748c80ecbbefa7b3f45d68ec80a4449926d7d7fcd,u98fd-t.svg,
CE-005829,飽,1/準1級,旧字,https://www.kanjipedia.jp/common/images/kanji/60/pr_98FD.png,u98fd-j,collection_id_exact,2,eb6964f433b284f89793b669a5b47c7a0b9baaca6cd36a57b0e9ec2950debf7a,u98fd-j.svg,
CE-005829,飽,1/準1級,旧字,https://www.kanjipedia.jp/common/images/kanji/60/pr_98FD.png,u98fd,unicode_exact,8,eb6964f433b284f89793b669a5b47c7a0b9baaca6cd36a57b0e9ec2950debf7a,u98fd.svg,
CE-005848,縫,1/準1級,旧字,https://www.kanjipedia.jp/common/images/kanji/60/pr_7E2B.png,u7e2b-ue0100,ivs_exact,7,113389bbbe91263d8b36902f062f3a05d49f7255183c2fa6656c9c34bda48252,u7e2b-ue0100.svg,
CE-005848,縫,1/準1級,旧字,https://www.kanjipedia.jp/common/images/kanji/60/pr_7E2B.png,u7e2b-ue0101,ivs_exact,13,534ba2394140814768d299b83e537979a497364bf3208404666476aeb56a1ea6,u7e2b-ue0101.svg,
CE-005848,縫,1/準1級,旧字,https://www.kanjipedia.jp/common/images/kanji/60/pr_7E2B.png,u7e2b-ue0102,ivs_exact,7,aa924f14b08d5a0079c0cb606f300622064051988cbde53764e88f4831f64649,u7e2b-ue0102.svg,
CE-005848,縫,1/準1級,旧字,https://www.kanjipedia.jp/common/images/kanji/60/pr_7E2B.png,u7e2b-ue0103,ivs_exact,3,e4e209b230418ac101f080b7c562904f4850caac70a0fe9f15efdeabe765cfc0,u7e2b-ue0103.svg,
CE-005848,縫,1/準1級,旧字,https://www.kanjipedia.jp/common/images/kanji/60/pr_7E2B.png,u7e2b-k,collection_id_exact,11,534ba2394140814768d299b83e537979a497364bf3208404666476aeb56a1ea6,u7e2b-k.svg,
CE-005848,縫,1/準1級,旧字,https://www.kanjipedia.jp/common/images/kanji/60/pr_7E2B.png,u7e2b-t,collection_id_exact,2,2e4e06c55a281f4f62bd7fb237dd481408ed3c6fc9f9b53a50fc7c5d341343f3,u7e2b-t.svg,
CE-005848,縫,1/準1級,旧字,https://www.kanjipedia.jp/common/images/kanji/60/pr_7E2B.png,u7e2b-j,collection_id_exact,3,113389bbbe91263d8b36902f062f3a05d49f7255183c2fa6656c9c34bda48252,u7e2b-j.svg,
CE-005848,縫,1/準1級,旧字,https://www.kanjipedia.jp/common/images/kanji/60/pr_7E2B.png,u7e2b,unicode_exact,11,113389bbbe91263d8b36902f062f3a05d49f7255183c2fa6656c9c34bda48252,u7e2b.svg,
CE-005854,繃,1級,親字,https://www.kanjipedia.jp/common/images/kanji/180/std_7E43.png,u7e43-ue0100,ivs_exact,13,a48f4d1f4e261214a6aa631b1405335fe085122620fc0917cae033d9c63345bb,u7e43-ue0100.svg,
CE-005854,繃,1級,親字,https://www.kanjipedia.jp/common/images/kanji/180/std_7E43.png,u7e43-ue0101,ivs_exact,13,6e48f6ee69183d59cb5de215e94ae57a841ca05f213c9bf5585abf77a73b2eb9,u7e43-ue0101.svg,
CE-005854,繃,1級,親字,https://www.kanjipedia.jp/common/images/kanji/180/std_7E43.png,u7e43-ue0102,ivs_exact,10,a48f4d1f4e261214a6aa631b1405335fe085122620fc0917cae033d9c63345bb,u7e43-ue0102.svg,
CE-005854,繃,1級,親字,https://www.kanjipedia.jp/common/images/kanji/180/std_7E43.png,u7e43-ue0103,ivs_exact,8,6e48f6ee69183d59cb5de215e94ae57a841ca05f213c9bf5585abf77a73b2eb9,u7e43-ue0103.svg,
CE-005854,繃,1級,親字,https://www.kanjipedia.jp/common/images/kanji/180/std_7E43.png,u7e43-k,collection_id_exact,12,a48f4d1f4e261214a6aa631b1405335fe085122620fc0917cae033d9c63345bb,u7e43-k.svg,
CE-005854,繃,1級,親字,https://www.kanjipedia.jp/common/images/kanji/180/std_7E43.png,u7e43-j,collection_id_exact,3,a48f4d1f4e261214a6aa631b1405335fe085122620fc0917cae033d9c63345bb,u7e43-j.svg,
CE-005854,繃,1級,親字,https://www.kanjipedia.jp/common/images/kanji/180/std_7E43.png,u7e43,unicode_exact,15,a48f4d1f4e261214a6aa631b1405335fe085122620fc0917cae033d9c63345bb,u7e43.svg,
CE-005870,房,1/準1級,旧字,https://www.kanjipedia.jp/common/images/kanji/60/pr_623F.png,u623f-ue0100,ivs_exact,4,96fec9689534da35d2381869f27acf4b9945ea976a2327f5fdba7cecfecac685,u623f-ue0100.svg,
CE-005870,房,1/準1級,旧字,https://www.kanjipedia.jp/common/images/kanji/60/pr_623F.png,u623f-ue0101,ivs_exact,8,9cb795574a6547ee600e6c5ff70b2b4e43dfa1baacd1bbb44befe012d66ef563,u623f-ue0101.svg,
CE-005870,房,1/準1級,旧字,https://www.kanjipedia.jp/common/images/kanji/60/pr_623F.png,u623f-ue0102,ivs_exact,3,96fec9689534da35d2381869f27acf4b9945ea976a2327f5fdba7cecfecac685,u623f-ue0102.svg,
CE-005870,房,1/準1級,旧字,https://www.kanjipedia.jp/common/images/kanji/60/pr_623F.png,u623f-ue0103,ivs_exact,6,9cb795574a6547ee600e6c5ff70b2b4e43dfa1baacd1bbb44befe012d66ef563,u623f-ue0103.svg,
CE-005870,房,1/準1級,旧字,https://www.kanjipedia.jp/common/images/kanji/60/pr_623F.png,u623f-k,collection_id_exact,9,9cb795574a6547ee600e6c5ff70b2b4e43dfa1baacd1bbb44befe012d66ef563,u623f-k.svg,
CE-005870,房,1/準1級,旧字,https://www.kanjipedia.jp/common/images/kanji/60/pr_623F.png,u623f-t,collection_id_exact,3,53c72f0c3a8aef5d16e07f8797521ed607f1e97b710603205f711a247bdc44c6,u623f-t.svg,
CE-005870,房,1/準1級,旧字,https://www.kanjipedia.jp/common/images/kanji/60/pr_623F.png,u623f-j,collection_id_exact,2,96fec9689534da35d2381869f27acf4b9945ea976a2327f5fdba7cecfecac685,u623f-j.svg,
CE-005870,房,1/準1級,旧字,https://www.kanjipedia.jp/common/images/kanji/60/pr_623F.png,u623f,unicode_exact,4,96fec9689534da35d2381869f27acf4b9945ea976a2327f5fdba7cecfecac685,u623f.svg,
CE-005878,冒,1/準1級,旧字,https://www.kanjipedia.jp/common/images/kanji/60/pr_5190.png,u5192-ue0100,ivs_exact,5,eb47aa1bd1838c0a109fc1883a18b368fd3eb985574662def077765277185876,u5192-ue0100.svg,
CE-005878,冒,1/準1級,旧字,https://www.kanjipedia.jp/common/images/kanji/60/pr_5190.png,u5192-ue0101,ivs_exact,6,a310bec3e64de64708c3b9a66b235cd85d17477cdfa05d6f0bbc5f9434122a76,u5192-ue0101.svg,
CE-005878,冒,1/準1級,旧字,https://www.kanjipedia.jp/common/images/kanji/60/pr_5190.png,u5192-ue0102,ivs_exact,5,eb47aa1bd1838c0a109fc1883a18b368fd3eb985574662def077765277185876,u5192-ue0102.svg,
CE-005878,冒,1/準1級,旧字,https://www.kanjipedia.jp/common/images/kanji/60/pr_5190.png,u5192-ue0103,ivs_exact,11,e205ee26fe1795c68c16534ed06f8b162d6e541976230a16f874e253b88f8dec,u5192-ue0103.svg,
CE-005878,冒,1/準1級,旧字,https://www.kanjipedia.jp/common/images/kanji/60/pr_5190.png,u5192-k,collection_id_exact,13,e205ee26fe1795c68c16534ed06f8b162d6e541976230a16f874e253b88f8dec,u5192-k.svg,
CE-005878,冒,1/準1級,旧字,https://www.kanjipedia.jp/common/images/kanji/60/pr_5190.png,u5192-t,collection_id_exact,4,e205ee26fe1795c68c16534ed06f8b162d6e541976230a16f874e253b88f8dec,u5192-t.svg,
CE-005878,冒,1/準1級,旧字,https://www.kanjipedia.jp/common/images/kanji/60/pr_5190.png,u5192-j,collection_id_exact,1,eb47aa1bd1838c0a109fc1883a18b368fd3eb985574662def077765277185876,u5192-j.svg,
CE-005878,冒,1/準1級,旧字,https://www.kanjipedia.jp/common/images/kanji/60/pr_5190.png,u5192,unicode_exact,5,eb47aa1bd1838c0a109fc1883a18b368fd3eb985574662def077765277185876,u5192.svg,
CE-005895,帽,1/準1級,旧字,https://www.kanjipedia.jp/common/images/kanji/60/pr_5E3D.png,u5e3d-ue0100,ivs_exact,10,9d3ed6fa23d67244bd2977ffd111b09852778865cfd4a39efb558a90236a9cda,u5e3d-ue0100.svg,
CE-005895,帽,1/準1級,旧字,https://www.kanjipedia.jp/common/images/kanji/60/pr_5E3D.png,u5e3d-ue0101,ivs_exact,7,1f2cc4e687644c14d417b4dd9652d6cc76a2ccf83a40f1ff75c91f61b200acd2,u5e3d-ue0101.svg,
CE-005895,帽,1/準1級,旧字,https://www.kanjipedia.jp/common/images/kanji/60/pr_5E3D.png,u5e3d-ue0102,ivs_exact,7,9d3ed6fa23d67244bd2977ffd111b09852778865cfd4a39efb558a90236a9cda,u5e3d-ue0102.svg,
CE-005895,帽,1/準1級,旧字,https://www.kanjipedia.jp/common/images/kanji/60/pr_5E3D.png,u5e3d-ue0103,ivs_exact,7,1f2cc4e687644c14d417b4dd9652d6cc76a2ccf83a40f1ff75c91f61b200acd2,u5e3d-ue0103.svg,
CE-005895,帽,1/準1級,旧字,https://www.kanjipedia.jp/common/images/kanji/60/pr_5E3D.png,u5e3d-k,collection_id_exact,7,9d3ed6fa23d67244bd2977ffd111b09852778865cfd4a39efb558a90236a9cda,u5e3d-k.svg,
CE-005895,帽,1/準1級,旧字,https://www.kanjipedia.jp/common/images/kanji/60/pr_5E3D.png,u5e3d-j,collection_id_exact,1,9d3ed6fa23d67244bd2977ffd111b09852778865cfd4a39efb558a90236a9cda,u5e3d-j.svg,
CE-005895,帽,1/準1級,旧字,https://www.kanjipedia.jp/common/images/kanji/60/pr_5E3D.png,u5e3d,unicode_exact,10,9d3ed6fa23d67244bd2977ffd111b09852778865cfd4a39efb558a90236a9cda,u5e3d.svg,
CE-005903,鋩,1級,親字,https://www.kanjipedia.jp/common/images/kanji/180/std_92E9.png,u92e9-ue0100,ivs_exact,13,2dd05cedb4c21d566e4423e3658a634377f40789b58e4b4da262b003e0dc725d,u92e9-ue0100.svg,
CE-005903,鋩,1級,親字,https://www.kanjipedia.jp/common/images/kanji/180/std_92E9.png,u92e9-ue0101,ivs_exact,12,065c03d77c0fd2491e5e09063ba10e65e38c231a923473ea38a0758943d02f67,u92e9-ue0101.svg,
CE-005903,鋩,1級,親字,https://www.kanjipedia.jp/common/images/kanji/180/std_92E9.png,u92e9-ue0102,ivs_exact,10,2dd05cedb4c21d566e4423e3658a634377f40789b58e4b4da262b003e0dc725d,u92e9-ue0102.svg,
CE-005903,鋩,1級,親字,https://www.kanjipedia.jp/common/images/kanji/180/std_92E9.png,u92e9-ue0103,ivs_exact,10,dcbad304d9ca93b3ebfd4b3804c088f258dd752f8478127d66e23b1ed51964c9,u92e9-ue0103.svg,
CE-005903,鋩,1級,親字,https://www.kanjipedia.jp/common/images/kanji/180/std_92E9.png,u92e9-k,collection_id_exact,2,05bfa2eee67a447c4bfe51eefba93c5531e64c88e0c44b33f782e518223cf4c3,u92e9-k.svg,
CE-005903,鋩,1級,親字,https://www.kanjipedia.jp/common/images/kanji/180/std_92E9.png,u92e9-t,collection_id_exact,1,316f978ea7f14048212293d31196f557ca4b34c657a733bb02ddfb0cc2093e9b,u92e9-t.svg,
CE-005903,鋩,1級,親字,https://www.kanjipedia.jp/common/images/kanji/180/std_92E9.png,u92e9-j,collection_id_exact,5,2dd05cedb4c21d566e4423e3658a634377f40789b58e4b4da262b003e0dc725d,u92e9-j.svg,
CE-005903,鋩,1級,親字,https://www.kanjipedia.jp/common/images/kanji/180/std_92E9.png,u92e9,unicode_exact,14,2dd05cedb4c21d566e4423e3658a634377f40789b58e4b4da262b003e0dc725d,u92e9.svg,
CE-005910,蠎,1級,親字,https://www.kanjipedia.jp/common/images/kanji/180/std_87D2.png,u880e-ue0100,ivs_exact,8,606a7837523a645898b8e7885f2f43fc390b91f0e66c92401b010d02ed72f7dd,u880e-ue0100.svg,
CE-005910,蠎,1級,親字,https://www.kanjipedia.jp/common/images/kanji/180/std_87D2.png,u880e-ue0101,ivs_exact,13,d1b654fd7666594c7bcb0c10e89176d18b24eb575c252e2a654eeb1c2459e784,u880e-ue0101.svg,
CE-005910,蠎,1級,親字,https://www.kanjipedia.jp/common/images/kanji/180/std_87D2.png,u880e-ue0102,ivs_exact,3,606a7837523a645898b8e7885f2f43fc390b91f0e66c92401b010d02ed72f7dd,u880e-ue0102.svg,
CE-005910,蠎,1級,親字,https://www.kanjipedia.jp/common/images/kanji/180/std_87D2.png,u880e-ue0103,ivs_exact,7,0a06d10117cad0f12bbc4a4632431e52bdee9521fa90ec744bd335f1c217de91,u880e-ue0103.svg,
CE-005910,蠎,1級,親字,https://www.kanjipedia.jp/common/images/kanji/180/std_87D2.png,u880e-j,collection_id_exact,3,606a7837523a645898b8e7885f2f43fc390b91f0e66c92401b010d02ed72f7dd,u880e-j.svg,
CE-005910,蠎,1級,親字,https://www.kanjipedia.jp/common/images/kanji/180/std_87D2.png,u880e,unicode_exact,8,606a7837523a645898b8e7885f2f43fc390b91f0e66c92401b010d02ed72f7dd,u880e.svg,
CE-005940,奔,1/準1級,旧字,https://www.kanjipedia.jp/common/images/kanji/60/skj_8199.png,u5954-ue0100,ivs_exact,4,9195477aaea8770b0bf53c89c2c5f6b9d44530b4d4ac13bc83ca8b10a6ffd994,u5954-ue0100.svg,
CE-005940,奔,1/準1級,旧字,https://www.kanjipedia.jp/common/images/kanji/60/skj_8199.png,u5954-ue0101,ivs_exact,4,9195477aaea8770b0bf53c89c2c5f6b9d44530b4d4ac13bc83ca8b10a6ffd994,u5954-ue0101.svg,
CE-005940,奔,1/準1級,旧字,https://www.kanjipedia.jp/common/images/kanji/60/skj_8199.png,u5954-ue0102,ivs_exact,2,5d00ba5847476c096f27feeb4901fa5dc5ad0fd0cd76a4cd11662ed9482bed51,u5954-ue0102.svg,
CE-005940,奔,1/準1級,旧字,https://www.kanjipedia.jp/common/images/kanji/60/skj_8199.png,u5954-k,collection_id_exact,3,9195477aaea8770b0bf53c89c2c5f6b9d44530b4d4ac13bc83ca8b10a6ffd994,u5954-k.svg,
CE-005940,奔,1/準1級,旧字,https://www.kanjipedia.jp/common/images/kanji/60/skj_8199.png,u5954-t,collection_id_exact,3,9195477aaea8770b0bf53c89c2c5f6b9d44530b4d4ac13bc83ca8b10a6ffd994,u5954-t.svg,
CE-005940,奔,1/準1級,旧字,https://www.kanjipedia.jp/common/images/kanji/60/skj_8199.png,u5954-j,collection_id_exact,3,9195477aaea8770b0bf53c89c2c5f6b9d44530b4d4ac13bc83ca8b10a6ffd994,u5954-j.svg,
CE-005940,奔,1/準1級,旧字,https://www.kanjipedia.jp/common/images/kanji/60/skj_8199.png,u5954,unicode_exact,4,9195477aaea8770b0bf53c89c2c5f6b9d44530b4d4ac13bc83ca8b10a6ffd994,u5954.svg,
CE-005945,翻,1/準1級,旧字,https://www.kanjipedia.jp/common/images/kanji/60/pr_98DC.png,u7ffb-ue0100,ivs_exact,9,536cf772a911025854bf6ae86e588185e45a7c9223e1d3d73a577d982222bb7d,u7ffb-ue0100.svg,
CE-005945,翻,1/準1級,旧字,https://www.kanjipedia.jp/common/images/kanji/60/pr_98DC.png,u7ffb-ue0101,ivs_exact,12,2886dc0335ef0f9e3034d9c96d9a43da2c4156cbbace0533a9a8342133fa66fe,u7ffb-ue0101.svg,
CE-005945,翻,1/準1級,旧字,https://www.kanjipedia.jp/common/images/kanji/60/pr_98DC.png,u7ffb-ue0102,ivs_exact,6,536cf772a911025854bf6ae86e588185e45a7c9223e1d3d73a577d982222bb7d,u7ffb-ue0102.svg,
CE-005945,翻,1/準1級,旧字,https://www.kanjipedia.jp/common/images/kanji/60/pr_98DC.png,u7ffb-ue0103,ivs_exact,9,2886dc0335ef0f9e3034d9c96d9a43da2c4156cbbace0533a9a8342133fa66fe,u7ffb-ue0103.svg,
CE-005945,翻,1/準1級,旧字,https://www.kanjipedia.jp/common/images/kanji/60/pr_98DC.png,u7ffb-t,collection_id_exact,2,2cbf5672b05887c0788ba76bcaa7a7b5e4975c58cf9ad841f293255fa3f2d8a4,u7ffb-t.svg,
CE-005945,翻,1/準1級,旧字,https://www.kanjipedia.jp/common/images/kanji/60/pr_98DC.png,u7ffb-j,collection_id_exact,4,536cf772a911025854bf6ae86e588185e45a7c9223e1d3d73a577d982222bb7d,u7ffb-j.svg,
CE-005945,翻,1/準1級,旧字,https://www.kanjipedia.jp/common/images/kanji/60/pr_98DC.png,u7ffb,unicode_exact,11,536cf772a911025854bf6ae86e588185e45a7c9223e1d3d73a577d982222bb7d,u7ffb.svg,
CE-005983,麿,1/準1級,旧字,https://www.kanjipedia.jp/common/images/kanji/60/pr_9EBF.png,u9ebf-ue0100,ivs_exact,8,4cb50966be465b7d0bf580d4e6cffedd7b5606358d9fa85f6e9376967b05d0f3,u9ebf-ue0100.svg,
CE-005983,麿,1/準1級,旧字,https://www.kanjipedia.jp/common/images/kanji/60/pr_9EBF.png,u9ebf-ue0101,ivs_exact,7,6dc601a7564e4a7add5b484e5d150f01b3b0f858993dca05498853aaf5d729a2,u9ebf-ue0101.svg,
CE-005983,麿,1/準1級,旧字,https://www.kanjipedia.jp/common/images/kanji/60/pr_9EBF.png,u9ebf-ue0102,ivs_exact,7,4cb50966be465b7d0bf580d4e6cffedd7b5606358d9fa85f6e9376967b05d0f3,u9ebf-ue0102.svg,
CE-005983,麿,1/準1級,旧字,https://www.kanjipedia.jp/common/images/kanji/60/pr_9EBF.png,u9ebf-ue0103,ivs_exact,5,6dc601a7564e4a7add5b484e5d150f01b3b0f858993dca05498853aaf5d729a2,u9ebf-ue0103.svg,
CE-005983,麿,1/準1級,旧字,https://www.kanjipedia.jp/common/images/kanji/60/pr_9EBF.png,u9ebf-k,collection_id_exact,3,6dc601a7564e4a7add5b484e5d150f01b3b0f858993dca05498853aaf5d729a2,u9ebf-k.svg,
CE-005983,麿,1/準1級,旧字,https://www.kanjipedia.jp/common/images/kanji/60/pr_9EBF.png,u9ebf-t,collection_id_exact,1,d4ecb300844f97982a867276cd06dbfeb7af5a9bd0e05121056bceb47901be12,u9ebf-t.svg,
CE-005983,麿,1/準1級,旧字,https://www.kanjipedia.jp/common/images/kanji/60/pr_9EBF.png,u9ebf-j,collection_id_exact,2,4cb50966be465b7d0bf580d4e6cffedd7b5606358d9fa85f6e9376967b05d0f3,u9ebf-j.svg,
CE-005983,麿,1/準1級,旧字,https://www.kanjipedia.jp/common/images/kanji/60/pr_9EBF.png,u9ebf,unicode_exact,8,4cb50966be465b7d0bf580d4e6cffedd7b5606358d9fa85f6e9376967b05d0f3,u9ebf.svg,
CE-005985,万,1/準1級,旧字,,u4e07-ue0100,ivs_exact,4,3e3356acb440f8e9bd3ebb161302bea14dd86e2c1eb9eb6b360864dfd485e568,u4e07-ue0100.svg,
CE-005985,万,1/準1級,旧字,,u4e07-ue0101,ivs_exact,4,3e3356acb440f8e9bd3ebb161302bea14dd86e2c1eb9eb6b360864dfd485e568,u4e07-ue0101.svg,
CE-005985,万,1/準1級,旧字,,u4e07-ue0102,ivs_exact,6,27183e08735ccd525c9f5cc77b3b19829370c265ff02cdb6bc094b18e1a91e8a,u4e07-ue0102.svg,
CE-005985,万,1/準1級,旧字,,u4e07-ue0103,ivs_exact,6,27104cce82eea877b1d93a583c684e0cfb654ca4a42e7fb57598b0e26ef2cd5c,u4e07-ue0103.svg,
CE-005985,万,1/準1級,旧字,,u4e07-k,collection_id_exact,4,3e3356acb440f8e9bd3ebb161302bea14dd86e2c1eb9eb6b360864dfd485e568,u4e07-k.svg,
CE-005985,万,1/準1級,旧字,,u4e07-t,collection_id_exact,4,3e3356acb440f8e9bd3ebb161302bea14dd86e2c1eb9eb6b360864dfd485e568,u4e07-t.svg,
CE-005985,万,1/準1級,旧字,,u4e07-j,collection_id_exact,4,3e3356acb440f8e9bd3ebb161302bea14dd86e2c1eb9eb6b360864dfd485e568,u4e07-j.svg,
CE-005985,万,1/準1級,旧字,,u4e07,unicode_exact,8,3e3356acb440f8e9bd3ebb161302bea14dd86e2c1eb9eb6b360864dfd485e568,u4e07.svg,
CE-006021,夢,1/準1級,旧字,https://www.kanjipedia.jp/common/images/kanji/60/skj_81E1.png,u5922-ue0100,ivs_exact,16,a556fabb06eb568a10617b30e94c7853ef0e40acf08a31907a584dd070b880a1,u5922-ue0100.svg,
CE-006021,夢,1/準1級,旧字,https://www.kanjipedia.jp/common/images/kanji/60/skj_81E1.png,u5922-ue0101,ivs_exact,11,a556fabb06eb568a10617b30e94c7853ef0e40acf08a31907a584dd070b880a1,u5922-ue0101.svg,
CE-006021,夢,1/準1級,旧字,https://www.kanjipedia.jp/common/images/kanji/60/skj_81E1.png,u5922-ue0102,ivs_exact,12,1d9dfa3f426f9488759132a355a6c015f88c5c5ce29bb4c0b27afe8b201efb24,u5922-ue0102.svg,
CE-006021,夢,1/準1級,旧字,https://www.kanjipedia.jp/common/images/kanji/60/skj_81E1.png,u5922-ue0103,ivs_exact,7,3cae029cd8689a7e4fc28a11bba51560b4170065c1f2887a53415db9901d52ae,u5922-ue0103.svg,
CE-006021,夢,1/準1級,旧字,https://www.kanjipedia.jp/common/images/kanji/60/skj_81E1.png,u5922-k,collection_id_exact,9,a556fabb06eb568a10617b30e94c7853ef0e40acf08a31907a584dd070b880a1,u5922-k.svg,
CE-006021,夢,1/準1級,旧字,https://www.kanjipedia.jp/common/images/kanji/60/skj_81E1.png,u5922-t,collection_id_exact,20,9e2190f5371e45590f10fb0209b780ef82e1b8e6b0fa609cd0e49a942403badf,u5922-t.svg,
CE-006021,夢,1/準1級,旧字,https://www.kanjipedia.jp/common/images/kanji/60/skj_81E1.png,u5922-j,collection_id_exact,5,a556fabb06eb568a10617b30e94c7853ef0e40acf08a31907a584dd070b880a1,u5922-j.svg,
CE-006021,夢,1/準1級,旧字,https://www.kanjipedia.jp/common/images/kanji/60/skj_81E1.png,u5922,unicode_exact,17,a556fabb06eb568a10617b30e94c7853ef0e40acf08a31907a584dd070b880a1,u5922.svg,
CE-006036,迷,1/準1級,旧字,https://www.kanjipedia.jp/common/images/kanji/60/pr_8FF7.png,u8ff7-ue0100,ivs_exact,15,711c20c09efe0c8fd5defc3df5b1aaa673360ce56094e0719eff60f90d3525c9,u8ff7-ue0100.svg,
CE-006036,迷,1/準1級,旧字,https://www.kanjipedia.jp/common/images/kanji/60/pr_8FF7.png,u8ff7-ue0101,ivs_exact,7,60f3ff63929103b6688e20ec06cebc1cf2cd72dd552f81beb17fb5998f2cadc4,u8ff7-ue0101.svg,
CE-006036,迷,1/準1級,旧字,https://www.kanjipedia.jp/common/images/kanji/60/pr_8FF7.png,u8ff7-ue0102,ivs_exact,10,711c20c09efe0c8fd5defc3df5b1aaa673360ce56094e0719eff60f90d3525c9,u8ff7-ue0102.svg,
CE-006036,迷,1/準1級,旧字,https://www.kanjipedia.jp/common/images/kanji/60/pr_8FF7.png,u8ff7-ue0103,ivs_exact,6,60f3ff63929103b6688e20ec06cebc1cf2cd72dd552f81beb17fb5998f2cadc4,u8ff7-ue0103.svg,
CE-006036,迷,1/準1級,旧字,https://www.kanjipedia.jp/common/images/kanji/60/pr_8FF7.png,u8ff7-k,collection_id_exact,7,c40fc026133be6df5ad445f1d669b4e417369b6ba81652dcfc4cacd80b8503a3,u8ff7-k.svg,
CE-006036,迷,1/準1級,旧字,https://www.kanjipedia.jp/common/images/kanji/60/pr_8FF7.png,u8ff7-t,collection_id_exact,7,eb8d63edbef041a0f8e828e3d3c99723c654f623ad5cce93f7ecf92b5b56551f,u8ff7-t.svg,
CE-006036,迷,1/準1級,旧字,https://www.kanjipedia.jp/common/images/kanji/60/pr_8FF7.png,u8ff7-j,collection_id_exact,6,711c20c09efe0c8fd5defc3df5b1aaa673360ce56094e0719eff60f90d3525c9,u8ff7-j.svg,
CE-006036,迷,1/準1級,旧字,https://www.kanjipedia.jp/common/images/kanji/60/pr_8FF7.png,u8ff7,unicode_exact,15,711c20c09efe0c8fd5defc3df5b1aaa673360ce56094e0719eff60f90d3525c9,u8ff7.svg,
CE-006067,莽,1級,親字,https://www.kanjipedia.jp/common/images/kanji/180/std_83BD.png,u83bd-ue0100,ivs_exact,14,5b6750fc4e99382fc8b7bbab7922268661dc7322871e7f55234fa10fd3accd41,u83bd-ue0100.svg,
CE-006067,莽,1級,親字,https://www.kanjipedia.jp/common/images/kanji/180/std_83BD.png,u83bd-ue0101,ivs_exact,11,822a42c91b334a3ecdfb1b2fa7382f51fc932e70529c405982bd20afce3242d8,u83bd-ue0101.svg,
CE-006067,莽,1級,親字,https://www.kanjipedia.jp/common/images/kanji/180/std_83BD.png,u83bd-ue0102,ivs_exact,10,5b6750fc4e99382fc8b7bbab7922268661dc7322871e7f55234fa10fd3accd41,u83bd-ue0102.svg,
CE-006067,莽,1級,親字,https://www.kanjipedia.jp/common/images/kanji/180/std_83BD.png,u83bd-ue0103,ivs_exact,10,9c1901afcc0f9cb79252b1e7fad16a7a664b174d1ee61b50a22e1d8cdc775686,u83bd-ue0103.svg,
CE-006067,莽,1級,親字,https://www.kanjipedia.jp/common/images/kanji/180/std_83BD.png,u83bd-k,collection_id_exact,10,c012b57500e94e17edd690621f3148d41ae29676d480aab794d9e495ebaf01fb,u83bd-k.svg,
CE-006067,莽,1級,親字,https://www.kanjipedia.jp/common/images/kanji/180/std_83BD.png,u83bd-t,collection_id_exact,3,6731c0eec5af7f8d5ce89af84b602d472b0ac6ba8bdca89a2f9c069579c29b1b,u83bd-t.svg,
CE-006067,莽,1級,親字,https://www.kanjipedia.jp/common/images/kanji/180/std_83BD.png,u83bd-j,collection_id_exact,6,5b6750fc4e99382fc8b7bbab7922268661dc7322871e7f55234fa10fd3accd41,u83bd-j.svg,
CE-006067,莽,1級,親字,https://www.kanjipedia.jp/common/images/kanji/180/std_83BD.png,u83bd,unicode_exact,14,5b6750fc4e99382fc8b7bbab7922268661dc7322871e7f55234fa10fd3accd41,u83bd.svg,
CE-006113,約,1/準1級,旧字,https://www.kanjipedia.jp/common/images/kanji/60/pr_7D04.png,u7d04-ue0100,ivs_exact,17,da2ef4209b1a2b48257e38f4abf5be9cd2775c274c12b672fe1aa39527a5005c,u7d04-ue0100.svg,
CE-006113,約,1/準1級,旧字,https://www.kanjipedia.jp/common/images/kanji/60/pr_7D04.png,u7d04-ue0101,ivs_exact,10,51975b955498e0b02414dd75d469c7bdd141e255806ff3f83123cce6863c4bce,u7d04-ue0101.svg,
CE-006113,約,1/準1級,旧字,https://www.kanjipedia.jp/common/images/kanji/60/pr_7D04.png,u7d04-ue0102,ivs_exact,11,da2ef4209b1a2b48257e38f4abf5be9cd2775c274c12b672fe1aa39527a5005c,u7d04-ue0102.svg,
CE-006113,約,1/準1級,旧字,https://www.kanjipedia.jp/common/images/kanji/60/pr_7D04.png,u7d04-ue0103,ivs_exact,8,51975b955498e0b02414dd75d469c7bdd141e255806ff3f83123cce6863c4bce,u7d04-ue0103.svg,
CE-006113,約,1/準1級,旧字,https://www.kanjipedia.jp/common/images/kanji/60/pr_7D04.png,u7d04-k,collection_id_exact,14,da2ef4209b1a2b48257e38f4abf5be9cd2775c274c12b672fe1aa39527a5005c,u7d04-k.svg,
CE-006113,約,1/準1級,旧字,https://www.kanjipedia.jp/common/images/kanji/60/pr_7D04.png,u7d04-t,collection_id_exact,2,4762f19cc2e601f5d5835407a2e03cba04f1d9a9b439efe9ad0e1a126ed1def8,u7d04-t.svg,
CE-006113,約,1/準1級,旧字,https://www.kanjipedia.jp/common/images/kanji/60/pr_7D04.png,u7d04-j,collection_id_exact,4,da2ef4209b1a2b48257e38f4abf5be9cd2775c274c12b672fe1aa39527a5005c,u7d04-j.svg,
CE-006113,約,1/準1級,旧字,https://www.kanjipedia.jp/common/images/kanji/60/pr_7D04.png,u7d04,unicode_exact,19,da2ef4209b1a2b48257e38f4abf5be9cd2775c274c12b672fe1aa39527a5005c,u7d04.svg,
CE-006117,葯,1級,親字,https://www.kanjipedia.jp/common/images/kanji/180/std_846F.png,u846f-ue0100,ivs_exact,9,e9270ab8e67046d36b737cb2099a02cececb653cd2db69bcc0f51cf7164b89d0,u846f-ue0100.svg,
CE-006117,葯,1級,親字,https://www.kanjipedia.jp/common/images/kanji/180/std_846F.png,u846f-ue0101,ivs_exact,8,e9270ab8e67046d36b737cb2099a02cececb653cd2db69bcc0f51cf7164b89d0,u846f-ue0101.svg,
CE-006117,葯,1級,親字,https://www.kanjipedia.jp/common/images/kanji/180/std_846F.png,u846f-ue0102,ivs_exact,10,642ab4c70699499336efafb78748a8f1e50151465f5d2168424733461a20b114,u846f-ue0102.svg,
CE-006117,葯,1級,親字,https://www.kanjipedia.jp/common/images/kanji/180/std_846F.png,u846f-k,collection_id_exact,10,55af2e440316a4c25d741f3a7ccc750deb3c0afe4fbd4238797a51a47ab8bf8d,u846f-k.svg,
CE-006117,葯,1級,親字,https://www.kanjipedia.jp/common/images/kanji/180/std_846F.png,u846f-t,collection_id_exact,1,7827ad0952478079d0bb6217b1d22b8d8075bf20df0f125eaf7a2c8a55cd794c,u846f-t.svg,
CE-006117,葯,1級,親字,https://www.kanjipedia.jp/common/images/kanji/180/std_846F.png,u846f-j,collection_id_exact,2,e9270ab8e67046d36b737cb2099a02cececb653cd2db69bcc0f51cf7164b89d0,u846f-j.svg,
CE-006117,葯,1級,親字,https://www.kanjipedia.jp/common/images/kanji/180/std_846F.png,u846f,unicode_exact,16,e9270ab8e67046d36b737cb2099a02cececb653cd2db69bcc0f51cf7164b89d0,u846f.svg,
CE-006121,薬,1/準1級,旧字,,u85ac-ue0100,ivs_exact,11,f28e8d6b42264236211f983df4ea3d83e03756513a249cf3a47c79cb3dbbf63d,u85ac-ue0100.svg,
CE-006121,薬,1/準1級,旧字,,u85ac-ue0101,ivs_exact,7,f28e8d6b42264236211f983df4ea3d83e03756513a249cf3a47c79cb3dbbf63d,u85ac-ue0101.svg,
CE-006121,薬,1/準1級,旧字,,u85ac-ue0102,ivs_exact,11,afa0edd6f34a46d86cb2e1551c0466ed046b20dfe47884d609fa959d7fff6d93,u85ac-ue0102.svg,
CE-006121,薬,1/準1級,旧字,,u85ac-j,collection_id_exact,3,f28e8d6b42264236211f983df4ea3d83e03756513a249cf3a47c79cb3dbbf63d,u85ac-j.svg,
CE-006121,薬,1/準1級,旧字,,u85ac,unicode_exact,12,f28e8d6b42264236211f983df4ea3d83e03756513a249cf3a47c79cb3dbbf63d,u85ac.svg,
CE-006127,萢,1級,親字,https://www.kanjipedia.jp/common/images/kanji/180/std_8422.png,u8422-ue0100,ivs_exact,10,640cdd3e8a578e2eb3bc5533470abec505fb5871d8d2c36adf42531116b842fe,u8422-ue0100.svg,
CE-006127,萢,1級,親字,https://www.kanjipedia.jp/common/images/kanji/180/std_8422.png,u8422-ue0101,ivs_exact,14,94b3fabb40162cf52cf83533b96126b87fe809a70b55668db4d436361b6b2006,u8422-ue0101.svg,
CE-006127,萢,1級,親字,https://www.kanjipedia.jp/common/images/kanji/180/std_8422.png,u8422-ue0102,ivs_exact,7,640cdd3e8a578e2eb3bc5533470abec505fb5871d8d2c36adf42531116b842fe,u8422-ue0102.svg,
CE-006127,萢,1級,親字,https://www.kanjipedia.jp/common/images/kanji/180/std_8422.png,u8422-ue0103,ivs_exact,8,00d501720211ff0aa14a00e081c419b16b9be5672a784b7c53faee1422cb5e06,u8422-ue0103.svg,
CE-006127,萢,1級,親字,https://www.kanjipedia.jp/common/images/kanji/180/std_8422.png,u8422-j,collection_id_exact,3,640cdd3e8a578e2eb3bc5533470abec505fb5871d8d2c36adf42531116b842fe,u8422-j.svg,
CE-006127,萢,1級,親字,https://www.kanjipedia.jp/common/images/kanji/180/std_8422.png,u8422,unicode_exact,12,640cdd3e8a578e2eb3bc5533470abec505fb5871d8d2c36adf42531116b842fe,u8422.svg,
CE-006139,愉,1/準1級,旧字,https://www.kanjipedia.jp/common/images/kanji/60/skj_8233.png,u6109-ue0100,ivs_exact,9,0b96096b76496fd1c050b837c2468fffea3045639edd14e3c1d403d02f8318b9,u6109-ue0100.svg,
CE-006139,愉,1/準1級,旧字,https://www.kanjipedia.jp/common/images/kanji/60/skj_8233.png,u6109-ue0101,ivs_exact,8,197f2bb3a95380685ade2e555be43498911bd19a063d8d1170373df566a7d05e,u6109-ue0101.svg,
CE-006139,愉,1/準1級,旧字,https://www.kanjipedia.jp/common/images/kanji/60/skj_8233.png,u6109-ue0102,ivs_exact,7,0b96096b76496fd1c050b837c2468fffea3045639edd14e3c1d403d02f8318b9,u6109-ue0102.svg,
CE-006139,愉,1/準1級,旧字,https://www.kanjipedia.jp/common/images/kanji/60/skj_8233.png,u6109-ue0103,ivs_exact,8,197f2bb3a95380685ade2e555be43498911bd19a063d8d1170373df566a7d05e,u6109-ue0103.svg,
CE-006139,愉,1/準1級,旧字,https://www.kanjipedia.jp/common/images/kanji/60/skj_8233.png,u6109-k,collection_id_exact,6,adc77e63660430048264323b92c6b1f797175da7e78127016889131df5282b0b,u6109-k.svg,
CE-006139,愉,1/準1級,旧字,https://www.kanjipedia.jp/common/images/kanji/60/skj_8233.png,u6109-t,collection_id_exact,2,77f70c381b580468f192145bee426c9421d59be3f73d9c820e4f0c759678bba5,u6109-t.svg,
CE-006139,愉,1/準1級,旧字,https://www.kanjipedia.jp/common/images/kanji/60/skj_8233.png,u6109-j,collection_id_exact,1,0b96096b76496fd1c050b837c2468fffea3045639edd14e3c1d403d02f8318b9,u6109-j.svg,
CE-006139,愉,1/準1級,旧字,https://www.kanjipedia.jp/common/images/kanji/60/skj_8233.png,u6109,unicode_exact,14,0b96096b76496fd1c050b837c2468fffea3045639edd14e3c1d403d02f8318b9,u6109.svg,
CE-006153,諭,1/準1級,旧字,https://www.kanjipedia.jp/common/images/kanji/60/skj_8234.png,u8aed-ue0100,ivs_exact,10,5ba576a19c901d57df823c9b57a56c51cae22880aa961605442338fd8c5baa6f,u8aed-ue0100.svg,
CE-006153,諭,1/準1級,旧字,https://www.kanjipedia.jp/common/images/kanji/60/skj_8234.png,u8aed-ue0101,ivs_exact,5,24b5447694118845c4c9838c7b8c54e66175ad96a4a17e7666dbe91274125b11,u8aed-ue0101.svg,
CE-006153,諭,1/準1級,旧字,https://www.kanjipedia.jp/common/images/kanji/60/skj_8234.png,u8aed-ue0102,ivs_exact,4,24b5447694118845c4c9838c7b8c54e66175ad96a4a17e7666dbe91274125b11,u8aed-ue0102.svg,
CE-006153,諭,1/準1級,旧字,https://www.kanjipedia.jp/common/images/kanji/60/skj_8234.png,u8aed-ue0103,ivs_exact,6,39f4f87250f712f7f0ec91887afbd333789f9c359f5a3dd083b4de4c279bf6d0,u8aed-ue0103.svg,
CE-006153,諭,1/準1級,旧字,https://www.kanjipedia.jp/common/images/kanji/60/skj_8234.png,u8aed-k,collection_id_exact,9,f7a064ea59c3ca3e67a1a5bbb471b43b5d1154fb6c9cff3d870e6741c466500f,u8aed-k.svg,
CE-006153,諭,1/準1級,旧字,https://www.kanjipedia.jp/common/images/kanji/60/skj_8234.png,u8aed-t,collection_id_exact,1,857807d270def6f234742884d5a6ea02f5b3fce979e1633de2178544f6485d3f,u8aed-t.svg,
CE-006153,諭,1/準1級,旧字,https://www.kanjipedia.jp/common/images/kanji/60/skj_8234.png,u8aed-j,collection_id_exact,1,24b5447694118845c4c9838c7b8c54e66175ad96a4a17e7666dbe91274125b11,u8aed-j.svg,
CE-006153,諭,1/準1級,旧字,https://www.kanjipedia.jp/common/images/kanji/60/skj_8234.png,u8aed,unicode_exact,6,24b5447694118845c4c9838c7b8c54e66175ad96a4a17e7666dbe91274125b11,u8aed.svg,
CE-006154,諛,1級,親字,https://www.kanjipedia.jp/common/images/kanji/180/std_8ADB.png,u8adb-ue0100,ivs_exact,4,7d35e4408ab50f5786006aaf11428532fcb3beefda83c591547cbb288797c3f3,u8adb-ue0100.svg,
CE-006154,諛,1級,親字,https://www.kanjipedia.jp/common/images/kanji/180/std_8ADB.png,u8adb-ue0101,ivs_exact,6,b39cd520dca6f0830a8e9b5f15d68afa93a12955233aa9c2d7d482b694829336,u8adb-ue0101.svg,
CE-006154,諛,1級,親字,https://www.kanjipedia.jp/common/images/kanji/180/std_8ADB.png,u8adb-ue0102,ivs_exact,3,7d35e4408ab50f5786006aaf11428532fcb3beefda83c591547cbb288797c3f3,u8adb-ue0102.svg,
CE-006154,諛,1級,親字,https://www.kanjipedia.jp/common/images/kanji/180/std_8ADB.png,u8adb-ue0103,ivs_exact,7,99aac115cff4275dcf1179873be36fcbe85a552a88c5dcc5b5fe7a7299a01dfb,u8adb-ue0103.svg,
CE-006154,諛,1級,親字,https://www.kanjipedia.jp/common/images/kanji/180/std_8ADB.png,u8adb-k,collection_id_exact,3,7d35e4408ab50f5786006aaf11428532fcb3beefda83c591547cbb288797c3f3,u8adb-k.svg,
CE-006154,諛,1級,親字,https://www.kanjipedia.jp/common/images/kanji/180/std_8ADB.png,u8adb,unicode_exact,6,7d35e4408ab50f5786006aaf11428532fcb3beefda83c591547cbb288797c3f3,u8adb.svg,
CE-006158,輸,1/準1級,旧字,https://www.kanjipedia.jp/common/images/kanji/60/skj_8235.png,u8f38-ue0100,ivs_exact,6,97465eede115aaa2b13c1f31d2214afefad9deebc04a7e6891fc5a9e5fe2a267,u8f38-ue0100.svg,
CE-006158,輸,1/準1級,旧字,https://www.kanjipedia.jp/common/images/kanji/60/skj_8235.png,u8f38-ue0101,ivs_exact,10,2d0588b7801425dbdd8cad00edf189f1514fc1dc934dfb5796a86bfa1696be9d,u8f38-ue0101.svg,
CE-006158,輸,1/準1級,旧字,https://www.kanjipedia.jp/common/images/kanji/60/skj_8235.png,u8f38-ue0102,ivs_exact,3,97465eede115aaa2b13c1f31d2214afefad9deebc04a7e6891fc5a9e5fe2a267,u8f38-ue0102.svg,
CE-006158,輸,1/準1級,旧字,https://www.kanjipedia.jp/common/images/kanji/60/skj_8235.png,u8f38-ue0103,ivs_exact,7,2d0588b7801425dbdd8cad00edf189f1514fc1dc934dfb5796a86bfa1696be9d,u8f38-ue0103.svg,
CE-006158,輸,1/準1級,旧字,https://www.kanjipedia.jp/common/images/kanji/60/skj_8235.png,u8f38-k,collection_id_exact,11,3991ff18a2fc348f100e04f1c4610be7a0ace00d4d4fea6378ecc69bd3a7b543,u8f38-k.svg,
CE-006158,輸,1/準1級,旧字,https://www.kanjipedia.jp/common/images/kanji/60/skj_8235.png,u8f38-t,collection_id_exact,3,ef12b733534b4692a5396fe9ea2529787cd6ffe90a50044b61cfbe641b73e3f5,u8f38-t.svg,
CE-006158,輸,1/準1級,旧字,https://www.kanjipedia.jp/common/images/kanji/60/skj_8235.png,u8f38-j,collection_id_exact,1,97465eede115aaa2b13c1f31d2214afefad9deebc04a7e6891fc5a9e5fe2a267,u8f38-j.svg,
CE-006158,輸,1/準1級,旧字,https://www.kanjipedia.jp/common/images/kanji/60/skj_8235.png,u8f38,unicode_exact,7,97465eede115aaa2b13c1f31d2214afefad9deebc04a7e6891fc5a9e5fe2a267,u8f38.svg,
CE-006160,癒,1/準1級,旧字,https://www.kanjipedia.jp/common/images/kanji/60/skj_8236.png,u7652-ue0100,ivs_exact,10,067eb5164d3e43d224c160245613cdc3111078a3075516dd53a6bb560a59e5b2,u7652-ue0100.svg,
CE-006160,癒,1/準1級,旧字,https://www.kanjipedia.jp/common/images/kanji/60/skj_8236.png,u7652-ue0101,ivs_exact,8,686170969cee7aa5f61690e6b2663c97aed107694f0b6a8b7dbc853614d8a9e2,u7652-ue0101.svg,
CE-006160,癒,1/準1級,旧字,https://www.kanjipedia.jp/common/images/kanji/60/skj_8236.png,u7652-ue0102,ivs_exact,10,067eb5164d3e43d224c160245613cdc3111078a3075516dd53a6bb560a59e5b2,u7652-ue0102.svg,
CE-006160,癒,1/準1級,旧字,https://www.kanjipedia.jp/common/images/kanji/60/skj_8236.png,u7652-ue0103,ivs_exact,7,e9f5368823a81568f33d8e1d132d4dcde00a501e6b81015ca150847abb415b63,u7652-ue0103.svg,
CE-006160,癒,1/準1級,旧字,https://www.kanjipedia.jp/common/images/kanji/60/skj_8236.png,u7652-k,collection_id_exact,9,26561da28fb91b54ddb1187b9bf51d48266e62f717fa22e7c809ae552cb8de7b,u7652-k.svg,
CE-006160,癒,1/準1級,旧字,https://www.kanjipedia.jp/common/images/kanji/60/skj_8236.png,u7652-t,collection_id_exact,1,1949b929f7d03e651445c4bee4d5f430d45c2f4379d2050c3f00f92e2cb85126,u7652-t.svg,
CE-006160,癒,1/準1級,旧字,https://www.kanjipedia.jp/common/images/kanji/60/skj_8236.png,u7652-j,collection_id_exact,9,067eb5164d3e43d224c160245613cdc3111078a3075516dd53a6bb560a59e5b2,u7652-j.svg,
CE-006160,癒,1/準1級,旧字,https://www.kanjipedia.jp/common/images/kanji/60/skj_8236.png,u7652,unicode_exact,10,067eb5164d3e43d224c160245613cdc3111078a3075516dd53a6bb560a59e5b2,u7652.svg,
CE-006187,猶,1/準1級,旧字,https://www.kanjipedia.jp/common/images/kanji/60/pr_72B9.png,u7336-ue0100,ivs_exact,8,a17aa67b88b231cb7c5f7f1d125a2411099734ab6960e04f993b12c6ec102ca6,u7336-ue0100.svg,
CE-006187,猶,1/準1級,旧字,https://www.kanjipedia.jp/common/images/kanji/60/pr_72B9.png,u7336-ue0101,ivs_exact,9,a750e5eee701826f31ae6f4050955e9ef2df1afa2668f92d86ed450fa76ddb56,u7336-ue0101.svg,
CE-006187,猶,1/準1級,旧字,https://www.kanjipedia.jp/common/images/kanji/60/pr_72B9.png,u7336-ue0102,ivs_exact,8,cd5a2ba3ca443de8fe92059f871dcf9ec211ddf4d9a016fcb9023bfe6bfd5e9f,u7336-ue0102.svg,
CE-006187,猶,1/準1級,旧字,https://www.kanjipedia.jp/common/images/kanji/60/pr_72B9.png,u7336-ue0103,ivs_exact,5,a17aa67b88b231cb7c5f7f1d125a2411099734ab6960e04f993b12c6ec102ca6,u7336-ue0103.svg,
CE-006187,猶,1/準1級,旧字,https://www.kanjipedia.jp/common/images/kanji/60/pr_72B9.png,u7336-k,collection_id_exact,7,cd5a2ba3ca443de8fe92059f871dcf9ec211ddf4d9a016fcb9023bfe6bfd5e9f,u7336-k.svg,
CE-006187,猶,1/準1級,旧字,https://www.kanjipedia.jp/common/images/kanji/60/pr_72B9.png,u7336-t,collection_id_exact,6,86a6e49ad08c64488370636338d147ef588e4ba0718c5ed83c4be1d5360f178b,u7336-t.svg,
CE-006187,猶,1/準1級,旧字,https://www.kanjipedia.jp/common/images/kanji/60/pr_72B9.png,u7336-j,collection_id_exact,3,a17aa67b88b231cb7c5f7f1d125a2411099734ab6960e04f993b12c6ec102ca6,u7336-j.svg,
CE-006187,猶,1/準1級,旧字,https://www.kanjipedia.jp/common/images/kanji/60/pr_72B9.png,u7336,unicode_exact,8,a17aa67b88b231cb7c5f7f1d125a2411099734ab6960e04f993b12c6ec102ca6,u7336.svg,
CE-006190,遊,1/準1級,旧字,https://www.kanjipedia.jp/common/images/kanji/60/pr_6E38.png,u904a-ue0100,ivs_exact,22,6c0aa6b57665aa8051668f38b9c8bbb93b802adfce298621d4e1271e4ba015d8,u904a-ue0100.svg,
CE-006190,遊,1/準1級,旧字,https://www.kanjipedia.jp/common/images/kanji/60/pr_6E38.png,u904a-ue0101,ivs_exact,17,a83da96ceeedc1484061b2942ec723977210221fb9e4797c7b0898886860cb69,u904a-ue0101.svg,
CE-006190,遊,1/準1級,旧字,https://www.kanjipedia.jp/common/images/kanji/60/pr_6E38.png,u904a-ue0102,ivs_exact,17,6c0aa6b57665aa8051668f38b9c8bbb93b802adfce298621d4e1271e4ba015d8,u904a-ue0102.svg,
CE-006190,遊,1/準1級,旧字,https://www.kanjipedia.jp/common/images/kanji/60/pr_6E38.png,u904a-ue0103,ivs_exact,12,a83da96ceeedc1484061b2942ec723977210221fb9e4797c7b0898886860cb69,u904a-ue0103.svg,
CE-006190,遊,1/準1級,旧字,https://www.kanjipedia.jp/common/images/kanji/60/pr_6E38.png,u904a-k,collection_id_exact,16,a83da96ceeedc1484061b2942ec723977210221fb9e4797c7b0898886860cb69,u904a-k.svg,
CE-006190,遊,1/準1級,旧字,https://www.kanjipedia.jp/common/images/kanji/60/pr_6E38.png,u904a-t,collection_id_exact,7,f541e8a36a1496a046089d635f6504934ebc7e5960f53e3041ed86214aa6a90d,u904a-t.svg,
CE-006190,遊,1/準1級,旧字,https://www.kanjipedia.jp/common/images/kanji/60/pr_6E38.png,u904a-j,collection_id_exact,4,4cecfaed472117867e8deff1d47ab969a3a0df9a1943007d3cd2c1af1971d2fd,u904a-j.svg,
CE-006190,遊,1/準1級,旧字,https://www.kanjipedia.jp/common/images/kanji/60/pr_6E38.png,u904a,unicode_exact,22,6c0aa6b57665aa8051668f38b9c8bbb93b802adfce298621d4e1271e4ba015d8,u904a.svg,
CE-006215,舁,1級,親字,https://www.kanjipedia.jp/common/images/kanji/180/std_8201.png,u8201-ue0100,ivs_exact,6,d7a6808ca27bb6b47493dcca8dbad3a4a0aedf928312de057c9338a481af3f8c,u8201-ue0100.svg,
CE-006215,舁,1級,親字,https://www.kanjipedia.jp/common/images/kanji/180/std_8201.png,u8201-ue0101,ivs_exact,4,d7a6808ca27bb6b47493dcca8dbad3a4a0aedf928312de057c9338a481af3f8c,u8201-ue0101.svg,
CE-006215,舁,1級,親字,https://www.kanjipedia.jp/common/images/kanji/180/std_8201.png,u8201-ue0102,ivs_exact,7,79a008cf7996896bbb008b12927a89f5a4f289a05197d01e64ce257cdb4850b3,u8201-ue0102.svg,
CE-006215,舁,1級,親字,https://www.kanjipedia.jp/common/images/kanji/180/std_8201.png,u8201-ue0103,ivs_exact,4,32d315cffa0bd55e2b057d87d27c4c774842bc5c9b49dc28a031bf477c881869,u8201-ue0103.svg,
CE-006215,舁,1級,親字,https://www.kanjipedia.jp/common/images/kanji/180/std_8201.png,u8201-k,collection_id_exact,3,d7a6808ca27bb6b47493dcca8dbad3a4a0aedf928312de057c9338a481af3f8c,u8201-k.svg,
CE-006215,舁,1級,親字,https://www.kanjipedia.jp/common/images/kanji/180/std_8201.png,u8201-t,collection_id_exact,3,d7a6808ca27bb6b47493dcca8dbad3a4a0aedf928312de057c9338a481af3f8c,u8201-t.svg,
CE-006215,舁,1級,親字,https://www.kanjipedia.jp/common/images/kanji/180/std_8201.png,u8201-j,collection_id_exact,4,d7a6808ca27bb6b47493dcca8dbad3a4a0aedf928312de057c9338a481af3f8c,u8201-j.svg,
CE-006215,舁,1級,親字,https://www.kanjipedia.jp/common/images/kanji/180/std_8201.png,u8201,unicode_exact,7,d7a6808ca27bb6b47493dcca8dbad3a4a0aedf928312de057c9338a481af3f8c,u8201.svg,
CE-006277,曄,1級,親字,https://www.kanjipedia.jp/common/images/kanji/180/std_66C4.png,u66c4-ue0100,ivs_exact,16,c515e3b9c7135d9a0e66d9c00024b200744864bc19c8747ba6b50face0b5bc1c,u66c4-ue0100.svg,
CE-006277,曄,1級,親字,https://www.kanjipedia.jp/common/images/kanji/180/std_66C4.png,u66c4-ue0101,ivs_exact,16,fce6563d041216652eda473c8c4b2fd7c6de9727a5e1ed64e66a387b0be786f0,u66c4-ue0101.svg,
CE-006277,曄,1級,親字,https://www.kanjipedia.jp/common/images/kanji/180/std_66C4.png,u66c4-ue0102,ivs_exact,10,c80035f121a86d657cf593abdc281f7313168f58dbde0d42dcdb122f42d21650,u66c4-ue0102.svg,
CE-006277,曄,1級,親字,https://www.kanjipedia.jp/common/images/kanji/180/std_66C4.png,u66c4-k,collection_id_exact,12,c515e3b9c7135d9a0e66d9c00024b200744864bc19c8747ba6b50face0b5bc1c,u66c4-k.svg,
CE-006277,曄,1級,親字,https://www.kanjipedia.jp/common/images/kanji/180/std_66C4.png,u66c4-j,collection_id_exact,2,c515e3b9c7135d9a0e66d9c00024b200744864bc19c8747ba6b50face0b5bc1c,u66c4-j.svg,
CE-006277,曄,1級,親字,https://www.kanjipedia.jp/common/images/kanji/180/std_66C4.png,u66c4,unicode_exact,18,c515e3b9c7135d9a0e66d9c00024b200744864bc19c8747ba6b50face0b5bc1c,u66c4.svg,
CE-006310,翌,1/準1級,旧字,https://www.kanjipedia.jp/common/images/kanji/60/pr_7FCC.png,u7fcc-ue0100,ivs_exact,10,e9713a51b82aca093186a2523ce142e4b11675dfe75585f0cb74ca96e205bf2e,u7fcc-ue0100.svg,
CE-006310,翌,1/準1級,旧字,https://www.kanjipedia.jp/common/images/kanji/60/pr_7FCC.png,u7fcc-ue0101,ivs_exact,2,0c57bbfc2772e18120256ca4186d39d6c63d9fce393ca72b5f566a68114c9753,u7fcc-ue0101.svg,
CE-006310,翌,1/準1級,旧字,https://www.kanjipedia.jp/common/images/kanji/60/pr_7FCC.png,u7fcc-ue0102,ivs_exact,6,e9713a51b82aca093186a2523ce142e4b11675dfe75585f0cb74ca96e205bf2e,u7fcc-ue0102.svg,
CE-006310,翌,1/準1級,旧字,https://www.kanjipedia.jp/common/images/kanji/60/pr_7FCC.png,u7fcc-ue0103,ivs_exact,9,6ed70a4a20ea75d158a3c5fec8b8c566e8d101feea34b2435eb20655af551b38,u7fcc-ue0103.svg,
CE-006310,翌,1/準1級,旧字,https://www.kanjipedia.jp/common/images/kanji/60/pr_7FCC.png,u7fcc-k,collection_id_exact,5,51350586e115730dffe8ba2b1d1f94bf47c78423e2133fa097459ddc4652e041,u7fcc-k.svg,
CE-006310,翌,1/準1級,旧字,https://www.kanjipedia.jp/common/images/kanji/60/pr_7FCC.png,u7fcc-j,collection_id_exact,2,c3a260bcff1c0f901ac5f3f7dfa30cbc427272da45115bb1f4d96fc17425574d,u7fcc-j.svg,
CE-006310,翌,1/準1級,旧字,https://www.kanjipedia.jp/common/images/kanji/60/pr_7FCC.png,u7fcc,unicode_exact,10,e9713a51b82aca093186a2523ce142e4b11675dfe75585f0cb74ca96e205bf2e,u7fcc.svg,
CE-006315,翼,1/準1級,旧字,https://www.kanjipedia.jp/common/images/kanji/60/skj_8231.png,u7ffc-ue0100,ivs_exact,8,2444858cf3979d0cceefab069f2c18823cd1cbbb5d3ee00478be2fa0b7e17b33,u7ffc-ue0100.svg,
CE-006315,翼,1/準1級,旧字,https://www.kanjipedia.jp/common/images/kanji/60/skj_8231.png,u7ffc-ue0101,ivs_exact,6,089aa5c1bec7e724841492b865cbb498871d24cb5fc1d0d729f0a928d63262c7,u7ffc-ue0101.svg,
CE-006315,翼,1/準1級,旧字,https://www.kanjipedia.jp/common/images/kanji/60/skj_8231.png,u7ffc-ue0102,ivs_exact,8,feada325feb2af4a7af1c03bceaf59a3bb49ae112f8cbb2c9a71f89c30d8a2cd,u7ffc-ue0102.svg,
CE-006315,翼,1/準1級,旧字,https://www.kanjipedia.jp/common/images/kanji/60/skj_8231.png,u7ffc-ue0103,ivs_exact,7,1e3654bab86e7f58f3076f63e7e0f0e3cb324823a3b59701c058859f1a9631f0,u7ffc-ue0103.svg,
CE-006315,翼,1/準1級,旧字,https://www.kanjipedia.jp/common/images/kanji/60/skj_8231.png,u7ffc-k,collection_id_exact,10,1a47d787c3ed00be2b3b968406f612dbd11a7ae997a1156e07d5458af174ae86,u7ffc-k.svg,
CE-006315,翼,1/準1級,旧字,https://www.kanjipedia.jp/common/images/kanji/60/skj_8231.png,u7ffc-j,collection_id_exact,1,2444858cf3979d0cceefab069f2c18823cd1cbbb5d3ee00478be2fa0b7e17b33,u7ffc-j.svg,
CE-006315,翼,1/準1級,旧字,https://www.kanjipedia.jp/common/images/kanji/60/skj_8231.png,u7ffc,unicode_exact,8,2444858cf3979d0cceefab069f2c18823cd1cbbb5d3ee00478be2fa0b7e17b33,u7ffc.svg,
CE-006367,蘭,1/準1級,旧字,https://www.kanjipedia.jp/common/images/kanji/60/skj_8280.png,u862d-ue0100,ivs_exact,15,3db330c277a6221271f5dd70c2cb6b9403edc4cf56707afc8563ecf88bd326ee,u862d-ue0100.svg,
CE-006367,蘭,1/準1級,旧字,https://www.kanjipedia.jp/common/images/kanji/60/skj_8280.png,u862d-ue0101,ivs_exact,18,93f247b5d337cb777ecb93f89f6dbb6ea20c0482ed5aad583e6a999e96bd99f0,u862d-ue0101.svg,
CE-006367,蘭,1/準1級,旧字,https://www.kanjipedia.jp/common/images/kanji/60/skj_8280.png,u862d-ue0102,ivs_exact,9,3db330c277a6221271f5dd70c2cb6b9403edc4cf56707afc8563ecf88bd326ee,u862d-ue0102.svg,
CE-006367,蘭,1/準1級,旧字,https://www.kanjipedia.jp/common/images/kanji/60/skj_8280.png,u862d-ue0103,ivs_exact,15,c5fb9d4718f528d5d63faab0e902e01497097b8f7998dd55cc14d7e5617d7ed9,u862d-ue0103.svg,
CE-006367,蘭,1/準1級,旧字,https://www.kanjipedia.jp/common/images/kanji/60/skj_8280.png,u862d-k,collection_id_exact,19,c5fb9d4718f528d5d63faab0e902e01497097b8f7998dd55cc14d7e5617d7ed9,u862d-k.svg,
CE-006367,蘭,1/準1級,旧字,https://www.kanjipedia.jp/common/images/kanji/60/skj_8280.png,u862d-t,collection_id_exact,7,52a45476dfc81bd6474aa545b1d82205914055e90a3d751a6746d22eca92728f,u862d-t.svg,
CE-006367,蘭,1/準1級,旧字,https://www.kanjipedia.jp/common/images/kanji/60/skj_8280.png,u862d-j,collection_id_exact,5,3db330c277a6221271f5dd70c2cb6b9403edc4cf56707afc8563ecf88bd326ee,u862d-j.svg,
CE-006367,蘭,1/準1級,旧字,https://www.kanjipedia.jp/common/images/kanji/60/skj_8280.png,u862d,unicode_exact,16,3db330c277a6221271f5dd70c2cb6b9403edc4cf56707afc8563ecf88bd326ee,u862d.svg,
CE-006431,琉,1/準1級,旧字,https://www.kanjipedia.jp/common/images/kanji/60/skj_8281.png,u7409-ue0100,ivs_exact,11,d208d4db6ef10395707afdb82634b50a7b3893bdfb16eec92d5ae7923838e002,u7409-ue0100.svg,
CE-006431,琉,1/準1級,旧字,https://www.kanjipedia.jp/common/images/kanji/60/skj_8281.png,u7409-ue0101,ivs_exact,1,511feab4a9d23486c514efbb5ae5a1f93b8d4149ccfc403a3f6ae8e86022310c,u7409-ue0101.svg,
CE-006431,琉,1/準1級,旧字,https://www.kanjipedia.jp/common/images/kanji/60/skj_8281.png,u7409-ue0102,ivs_exact,1,e56f0d26648d3b29134d9714a79383e47eb67860dfecb78171aab07873c76f43,u7409-ue0102.svg,
CE-006431,琉,1/準1級,旧字,https://www.kanjipedia.jp/common/images/kanji/60/skj_8281.png,u7409-k,collection_id_exact,9,d208d4db6ef10395707afdb82634b50a7b3893bdfb16eec92d5ae7923838e002,u7409-k.svg,
CE-006431,琉,1/準1級,旧字,https://www.kanjipedia.jp/common/images/kanji/60/skj_8281.png,u7409-t,collection_id_exact,3,755c7d9b52773b2f7c4f039b95433989474d0bcb0f50205d350a19abdef94ad6,u7409-t.svg,
CE-006431,琉,1/準1級,旧字,https://www.kanjipedia.jp/common/images/kanji/60/skj_8281.png,u7409-j,collection_id_exact,5,d208d4db6ef10395707afdb82634b50a7b3893bdfb16eec92d5ae7923838e002,u7409-j.svg,
CE-006431,琉,1/準1級,旧字,https://www.kanjipedia.jp/common/images/kanji/60/skj_8281.png,u7409,unicode_exact,11,d208d4db6ef10395707afdb82634b50a7b3893bdfb16eec92d5ae7923838e002,u7409.svg,
CE-006436,旒,1級,親字,https://www.kanjipedia.jp/common/images/kanji/180/std_65D2.png,u65d2-ue0100,ivs_exact,7,98b1b09032781672db61cd6598defadb6d2225a409a11f40d93929f7ad33b68b,u65d2-ue0100.svg,
CE-006436,旒,1級,親字,https://www.kanjipedia.jp/common/images/kanji/180/std_65D2.png,u65d2-k,collection_id_exact,5,98b1b09032781672db61cd6598defadb6d2225a409a11f40d93929f7ad33b68b,u65d2-k.svg,
CE-006436,旒,1級,親字,https://www.kanjipedia.jp/common/images/kanji/180/std_65D2.png,u65d2-j,collection_id_exact,3,98b1b09032781672db61cd6598defadb6d2225a409a11f40d93929f7ad33b68b,u65d2-j.svg,
CE-006436,旒,1級,親字,https://www.kanjipedia.jp/common/images/kanji/180/std_65D2.png,u65d2,unicode_exact,9,98b1b09032781672db61cd6598defadb6d2225a409a11f40d93929f7ad33b68b,u65d2.svg,
CE-006477,楞,1級,親字,https://www.kanjipedia.jp/common/images/kanji/180/std_695E.png,u695e-ue0100,ivs_exact,17,334b03c3e1e9cebeb7793891132236770eeb1f609efe2a4d81e5be684d3699a4,u695e-ue0100.svg,
CE-006477,楞,1級,親字,https://www.kanjipedia.jp/common/images/kanji/180/std_695E.png,u695e-ue0101,ivs_exact,13,bbef308464479ee6e1d0aa276d29a792cff1389227d631329c3809e4d7f727e5,u695e-ue0101.svg,
CE-006477,楞,1級,親字,https://www.kanjipedia.jp/common/images/kanji/180/std_695E.png,u695e-ue0102,ivs_exact,12,334b03c3e1e9cebeb7793891132236770eeb1f609efe2a4d81e5be684d3699a4,u695e-ue0102.svg,
CE-006477,楞,1級,親字,https://www.kanjipedia.jp/common/images/kanji/180/std_695E.png,u695e-ue0103,ivs_exact,11,bbef308464479ee6e1d0aa276d29a792cff1389227d631329c3809e4d7f727e5,u695e-ue0103.svg,
CE-006477,楞,1級,親字,https://www.kanjipedia.jp/common/images/kanji/180/std_695E.png,u695e-k,collection_id_exact,10,3079b29c2809da0ff52d4c7ff87a5ec108a6762b620f25482d63d803e59985fc,u695e-k.svg,
CE-006477,楞,1級,親字,https://www.kanjipedia.jp/common/images/kanji/180/std_695E.png,u695e-j,collection_id_exact,7,334b03c3e1e9cebeb7793891132236770eeb1f609efe2a4d81e5be684d3699a4,u695e-j.svg,
CE-006477,楞,1級,親字,https://www.kanjipedia.jp/common/images/kanji/180/std_695E.png,u695e,unicode_exact,19,334b03c3e1e9cebeb7793891132236770eeb1f609efe2a4d81e5be684d3699a4,u695e.svg,
CE-006495,遼,1/準1級,旧字,https://www.kanjipedia.jp/common/images/kanji/60/pr_F9C3.png,u907c-ue0100,ivs_exact,17,a0dd6200642a4b124b25e0043da49c6b7c17c85a77e44e01ae00865a5224f7d9,u907c-ue0100.svg,
CE-006495,遼,1/準1級,旧字,https://www.kanjipedia.jp/common/images/kanji/60/pr_F9C3.png,u907c-ue0101,ivs_exact,12,0a82bde41043f41b46d232dbf12fe6a471aba0c061f1b6f78bbb6ba5d6512eed,u907c-ue0101.svg,
CE-006495,遼,1/準1級,旧字,https://www.kanjipedia.jp/common/images/kanji/60/pr_F9C3.png,u907c-ue0102,ivs_exact,10,a0dd6200642a4b124b25e0043da49c6b7c17c85a77e44e01ae00865a5224f7d9,u907c-ue0102.svg,
CE-006495,遼,1/準1級,旧字,https://www.kanjipedia.jp/common/images/kanji/60/pr_F9C3.png,u907c-ue0103,ivs_exact,6,0a82bde41043f41b46d232dbf12fe6a471aba0c061f1b6f78bbb6ba5d6512eed,u907c-ue0103.svg,
CE-006495,遼,1/準1級,旧字,https://www.kanjipedia.jp/common/images/kanji/60/pr_F9C3.png,u907c-k,collection_id_exact,9,0a82bde41043f41b46d232dbf12fe6a471aba0c061f1b6f78bbb6ba5d6512eed,u907c-k.svg,
CE-006495,遼,1/準1級,旧字,https://www.kanjipedia.jp/common/images/kanji/60/pr_F9C3.png,u907c-t,collection_id_exact,3,4bfc0f1173aefb2c598659280e5975324315e55a60acadd8c3ca04e23c4ce47b,u907c-t.svg,
CE-006495,遼,1/準1級,旧字,https://www.kanjipedia.jp/common/images/kanji/60/pr_F9C3.png,u907c-j,collection_id_exact,5,a0dd6200642a4b124b25e0043da49c6b7c17c85a77e44e01ae00865a5224f7d9,u907c-j.svg,
CE-006495,遼,1/準1級,旧字,https://www.kanjipedia.jp/common/images/kanji/60/pr_F9C3.png,u907c,unicode_exact,17,a0dd6200642a4b124b25e0043da49c6b7c17c85a77e44e01ae00865a5224f7d9,u907c.svg,
CE-006530,隣,1/準1級,旧字,https://www.kanjipedia.jp/common/images/kanji/60/pr_9130.png,u96a3-ue0100,ivs_exact,8,a99543700065bb7341d3e0d39afeb3e11b062276976df081cbde8c332e8cfebc,u96a3-ue0100.svg,
CE-006530,隣,1/準1級,旧字,https://www.kanjipedia.jp/common/images/kanji/60/pr_9130.png,u96a3-ue0101,ivs_exact,11,9b3ac7eaa3fd5fe08146856ce6d3a9cd8752888ccc8253ac4f240195b83b6396,u96a3-ue0101.svg,
CE-006530,隣,1/準1級,旧字,https://www.kanjipedia.jp/common/images/kanji/60/pr_9130.png,u96a3-ue0102,ivs_exact,6,643afb3bb81d0fb82f446e07266371f90c118a7820c3e0d77347732580cb350d,u96a3-ue0102.svg,
CE-006530,隣,1/準1級,旧字,https://www.kanjipedia.jp/common/images/kanji/60/pr_9130.png,u96a3-ue0103,ivs_exact,4,a99543700065bb7341d3e0d39afeb3e11b062276976df081cbde8c332e8cfebc,u96a3-ue0103.svg,
CE-006530,隣,1/準1級,旧字,https://www.kanjipedia.jp/common/images/kanji/60/pr_9130.png,u96a3-k,collection_id_exact,5,a99543700065bb7341d3e0d39afeb3e11b062276976df081cbde8c332e8cfebc,u96a3-k.svg,
CE-006530,隣,1/準1級,旧字,https://www.kanjipedia.jp/common/images/kanji/60/pr_9130.png,u96a3-t,collection_id_exact,1,c4ce58e60ff1c093fb0f3d97463d1fe405440e943f5d078f45c2ad42242c9dd9,u96a3-t.svg,
CE-006530,隣,1/準1級,旧字,https://www.kanjipedia.jp/common/images/kanji/60/pr_9130.png,u96a3-j,collection_id_exact,2,a99543700065bb7341d3e0d39afeb3e11b062276976df081cbde8c332e8cfebc,u96a3-j.svg,
CE-006530,隣,1/準1級,旧字,https://www.kanjipedia.jp/common/images/kanji/60/pr_9130.png,u96a3,unicode_exact,9,a99543700065bb7341d3e0d39afeb3e11b062276976df081cbde8c332e8cfebc,u96a3.svg,
CE-006540,麟,1/準1級,旧字,https://www.kanjipedia.jp/common/images/kanji/60/pr_9E9F.png,u9e9f-ue0100,ivs_exact,9,3bda40f0f06b4fcd0f86ce1ff06079d3df8b56738d758b23d3d70a785b37942d,u9e9f-ue0100.svg,
CE-006540,麟,1/準1級,旧字,https://www.kanjipedia.jp/common/images/kanji/60/pr_9E9F.png,u9e9f-ue0101,ivs_exact,6,2f04f2f64a8ad1dc4252e59b804de087d8fd8ec626043dcafa74be61435ea9d6,u9e9f-ue0101.svg,
CE-006540,麟,1/準1級,旧字,https://www.kanjipedia.jp/common/images/kanji/60/pr_9E9F.png,u9e9f-ue0102,ivs_exact,3,b851cbe89e4bf142f0430805189105f50feedfc7f7380e5ae7dc11548327a43b,u9e9f-ue0102.svg,
CE-006540,麟,1/準1級,旧字,https://www.kanjipedia.jp/common/images/kanji/60/pr_9E9F.png,u9e9f-ue0103,ivs_exact,8,b5af6db14174cce269fc886048bca3fff711f662a2d104f693e73bed5b7e7b15,u9e9f-ue0103.svg,
CE-006540,麟,1/準1級,旧字,https://www.kanjipedia.jp/common/images/kanji/60/pr_9E9F.png,u9e9f-k,collection_id_exact,4,a6c703368bccc1c1e04824a72a0253f89d3dec039171d3e8a2db4f3c006189fa,u9e9f-k.svg,
CE-006540,麟,1/準1級,旧字,https://www.kanjipedia.jp/common/images/kanji/60/pr_9E9F.png,u9e9f-t,collection_id_exact,2,6501abce7ce80daf1562a75900f9c9836b7af33deee85cd7ecd6c96d16e8d6ae,u9e9f-t.svg,
CE-006540,麟,1/準1級,旧字,https://www.kanjipedia.jp/common/images/kanji/60/pr_9E9F.png,u9e9f-j,collection_id_exact,1,ca2265f9da32fc403bc54251f61d4e9fb9c087229dda5c5e96b87d310614836e,u9e9f-j.svg,
CE-006540,麟,1/準1級,旧字,https://www.kanjipedia.jp/common/images/kanji/60/pr_9E9F.png,u9e9f,unicode_exact,9,3bda40f0f06b4fcd0f86ce1ff06079d3df8b56738d758b23d3d70a785b37942d,u9e9f.svg,
CE-006568,励,1/準1級,旧字,,u52b1-ue0100,ivs_exact,4,495e426af3429fe44b5eab8e03c3562701788a6223b47fa92de5c24e5c977867,u52b1-ue0100.svg,
CE-006568,励,1/準1級,旧字,,u52b1-k,collection_id_exact,1,6f4f75839249bfe1d256aabf07e30ca9a1cbdd462b27ec540f39be238a97ca8a,u52b1-k.svg,
CE-006568,励,1/準1級,旧字,,u52b1-t,collection_id_exact,1,495e426af3429fe44b5eab8e03c3562701788a6223b47fa92de5c24e5c977867,u52b1-t.svg,
CE-006568,励,1/準1級,旧字,,u52b1-j,collection_id_exact,2,495e426af3429fe44b5eab8e03c3562701788a6223b47fa92de5c24e5c977867,u52b1-j.svg,
CE-006568,励,1/準1級,旧字,,u52b1,unicode_exact,5,495e426af3429fe44b5eab8e03c3562701788a6223b47fa92de5c24e5c977867,u52b1.svg,
CE-006577,唳,1級,親字,https://www.kanjipedia.jp/common/images/kanji/180/std_5533.png,u5533-ue0100,ivs_exact,14,37a4341bbdf9fd8c04e1c58ab90af67adbd4018393eeea1317e15fc8d84063c5,u5533-ue0100.svg,
CE-006577,唳,1級,親字,https://www.kanjipedia.jp/common/images/kanji/180/std_5533.png,u5533-ue0101,ivs_exact,15,495f099794ac0cbfb46f4cb3ead37af80570470cf532586df3a04e60aa01a3de,u5533-ue0101.svg,
CE-006577,唳,1級,親字,https://www.kanjipedia.jp/common/images/kanji/180/std_5533.png,u5533-ue0102,ivs_exact,13,854932cebdf5114c431e571fa03471ab676dbbfaf15d9b86d1098ac7fc1368cc,u5533-ue0102.svg,
CE-006577,唳,1級,親字,https://www.kanjipedia.jp/common/images/kanji/180/std_5533.png,u5533-ue0103,ivs_exact,11,37a4341bbdf9fd8c04e1c58ab90af67adbd4018393eeea1317e15fc8d84063c5,u5533-ue0103.svg,
CE-006577,唳,1級,親字,https://www.kanjipedia.jp/common/images/kanji/180/std_5533.png,u5533-k,collection_id_exact,6,854932cebdf5114c431e571fa03471ab676dbbfaf15d9b86d1098ac7fc1368cc,u5533-k.svg,
CE-006577,唳,1級,親字,https://www.kanjipedia.jp/common/images/kanji/180/std_5533.png,u5533-t,collection_id_exact,1,a873c97d20e7ffdfd055f507e34b3455f14ddcf0bec9929851d1e592f24fa362,u5533-t.svg,
CE-006577,唳,1級,親字,https://www.kanjipedia.jp/common/images/kanji/180/std_5533.png,u5533-j,collection_id_exact,2,37a4341bbdf9fd8c04e1c58ab90af67adbd4018393eeea1317e15fc8d84063c5,u5533-j.svg,
CE-006577,唳,1級,親字,https://www.kanjipedia.jp/common/images/kanji/180/std_5533.png,u5533,unicode_exact,15,37a4341bbdf9fd8c04e1c58ab90af67adbd4018393eeea1317e15fc8d84063c5,u5533.svg,
CE-006579,捩,1級,親字,https://www.kanjipedia.jp/common/images/kanji/180/std_6369.png,u6369-ue0100,ivs_exact,6,fb97beb4b3b52ab843768b29e6c71223dbdc2a18a6597d895aaec0f0a0fe684d,u6369-ue0100.svg,
CE-006579,捩,1級,親字,https://www.kanjipedia.jp/common/images/kanji/180/std_6369.png,u6369-ue0101,ivs_exact,4,1f237ab4e512d41912952bb1796168fd1d22a30a7c08755a44e1f651cf8f3edd,u6369-ue0101.svg,
CE-006579,捩,1級,親字,https://www.kanjipedia.jp/common/images/kanji/180/std_6369.png,u6369-ue0102,ivs_exact,4,fb97beb4b3b52ab843768b29e6c71223dbdc2a18a6597d895aaec0f0a0fe684d,u6369-ue0102.svg,
CE-006579,捩,1級,親字,https://www.kanjipedia.jp/common/images/kanji/180/std_6369.png,u6369-ue0103,ivs_exact,3,1f237ab4e512d41912952bb1796168fd1d22a30a7c08755a44e1f651cf8f3edd,u6369-ue0103.svg,
CE-006579,捩,1級,親字,https://www.kanjipedia.jp/common/images/kanji/180/std_6369.png,u6369-k,collection_id_exact,1,1f237ab4e512d41912952bb1796168fd1d22a30a7c08755a44e1f651cf8f3edd,u6369-k.svg,
CE-006579,捩,1級,親字,https://www.kanjipedia.jp/common/images/kanji/180/std_6369.png,u6369,unicode_exact,6,fb97beb4b3b52ab843768b29e6c71223dbdc2a18a6597d895aaec0f0a0fe684d,u6369.svg,
CE-006587,綟,1級,親字,https://www.kanjipedia.jp/common/images/kanji/180/std_7D9F.png,u7d9f-ue0100,ivs_exact,9,c55df3f31d438444c6c24f071e53ac122c9b80f89f5b822abdd50748606bc499,u7d9f-ue0100.svg,
CE-006587,綟,1級,親字,https://www.kanjipedia.jp/common/images/kanji/180/std_7D9F.png,u7d9f-ue0101,ivs_exact,10,94e32508a04ae17faa4d246919682e561e4334787a2fd436658cb6354347282d,u7d9f-ue0101.svg,
CE-006587,綟,1級,親字,https://www.kanjipedia.jp/common/images/kanji/180/std_7D9F.png,u7d9f-ue0102,ivs_exact,4,c55df3f31d438444c6c24f071e53ac122c9b80f89f5b822abdd50748606bc499,u7d9f-ue0102.svg,
CE-006587,綟,1級,親字,https://www.kanjipedia.jp/common/images/kanji/180/std_7D9F.png,u7d9f-ue0103,ivs_exact,6,94e32508a04ae17faa4d246919682e561e4334787a2fd436658cb6354347282d,u7d9f-ue0103.svg,
CE-006587,綟,1級,親字,https://www.kanjipedia.jp/common/images/kanji/180/std_7D9F.png,u7d9f-k,collection_id_exact,2,94e32508a04ae17faa4d246919682e561e4334787a2fd436658cb6354347282d,u7d9f-k.svg,
CE-006587,綟,1級,親字,https://www.kanjipedia.jp/common/images/kanji/180/std_7D9F.png,u7d9f,unicode_exact,10,c55df3f31d438444c6c24f071e53ac122c9b80f89f5b822abdd50748606bc499,u7d9f.svg,
CE-006633,連,1/準1級,旧字,https://www.kanjipedia.jp/common/images/kanji/60/pr_F99A.png,u9023-ue0100,ivs_exact,11,d86d8932044f3856069a867cb06b65913b45c21cd9d79e3a517015129e7fd465,u9023-ue0100.svg,
CE-006633,連,1/準1級,旧字,https://www.kanjipedia.jp/common/images/kanji/60/pr_F99A.png,u9023-ue0101,ivs_exact,16,b0b20beffc9d1c403cc03c2b36500ec0d0609832c66cec3b6dad2f25305c0eb5,u9023-ue0101.svg,
CE-006633,連,1/準1級,旧字,https://www.kanjipedia.jp/common/images/kanji/60/pr_F99A.png,u9023-ue0102,ivs_exact,11,b0b20beffc9d1c403cc03c2b36500ec0d0609832c66cec3b6dad2f25305c0eb5,u9023-ue0102.svg,
CE-006633,連,1/準1級,旧字,https://www.kanjipedia.jp/common/images/kanji/60/pr_F99A.png,u9023-ue0103,ivs_exact,6,d86d8932044f3856069a867cb06b65913b45c21cd9d79e3a517015129e7fd465,u9023-ue0103.svg,
CE-006633,連,1/準1級,旧字,https://www.kanjipedia.jp/common/images/kanji/60/pr_F99A.png,u9023-k,collection_id_exact,8,d86d8932044f3856069a867cb06b65913b45c21cd9d79e3a517015129e7fd465,u9023-k.svg,
CE-006633,連,1/準1級,旧字,https://www.kanjipedia.jp/common/images/kanji/60/pr_F99A.png,u9023-t,collection_id_exact,10,27a54d2ea06fc40766847e90505a5aba8fa13909db35004ab89f65f8f28a182a,u9023-t.svg,
CE-006633,連,1/準1級,旧字,https://www.kanjipedia.jp/common/images/kanji/60/pr_F99A.png,u9023-j,collection_id_exact,7,b0b20beffc9d1c403cc03c2b36500ec0d0609832c66cec3b6dad2f25305c0eb5,u9023-j.svg,
CE-006633,連,1/準1級,旧字,https://www.kanjipedia.jp/common/images/kanji/60/pr_F99A.png,u9023,unicode_exact,16,b0b20beffc9d1c403cc03c2b36500ec0d0609832c66cec3b6dad2f25305c0eb5,u9023.svg,
CE-006635,廉,1/準1級,旧字,https://www.kanjipedia.jp/common/images/kanji/60/pr_F9A2.png,u5ec9-ue0100,ivs_exact,2,5b607c57b5ba909f3e40f141f18be5bce363e5154925d83a609b45aadf914774,u5ec9-ue0100.svg,
CE-006635,廉,1/準1級,旧字,https://www.kanjipedia.jp/common/images/kanji/60/pr_F9A2.png,u5ec9-ue0101,ivs_exact,4,90f5451e88a5162a396a9cf6c22fb9fc3ef46f0053e53046f7bc8aced0621ffa,u5ec9-ue0101.svg,
CE-006635,廉,1/準1級,旧字,https://www.kanjipedia.jp/common/images/kanji/60/pr_F9A2.png,u5ec9-ue0102,ivs_exact,4,90f5451e88a5162a396a9cf6c22fb9fc3ef46f0053e53046f7bc8aced0621ffa,u5ec9-ue0102.svg,
CE-006635,廉,1/準1級,旧字,https://www.kanjipedia.jp/common/images/kanji/60/pr_F9A2.png,u5ec9-ue0103,ivs_exact,7,82f23bad3b94b4cb98f223724fed6c1395385f20cd477d9c2c90dda9a6c2d5ad,u5ec9-ue0103.svg,
CE-006635,廉,1/準1級,旧字,https://www.kanjipedia.jp/common/images/kanji/60/pr_F9A2.png,u5ec9-k,collection_id_exact,8,92fea1abaa32068eea14b85d5c84341beaa3a3555e1b350d3e4c25f33f8abed8,u5ec9-k.svg,
CE-006635,廉,1/準1級,旧字,https://www.kanjipedia.jp/common/images/kanji/60/pr_F9A2.png,u5ec9-t,collection_id_exact,4,6499e1e7c4b2d2db1a7095a56d4f10538245d55e3de2137b795b3edb6e78847c,u5ec9-t.svg,
CE-006635,廉,1/準1級,旧字,https://www.kanjipedia.jp/common/images/kanji/60/pr_F9A2.png,u5ec9-j,collection_id_exact,3,90f5451e88a5162a396a9cf6c22fb9fc3ef46f0053e53046f7bc8aced0621ffa,u5ec9-j.svg,
CE-006635,廉,1/準1級,旧字,https://www.kanjipedia.jp/common/images/kanji/60/pr_F9A2.png,u5ec9,unicode_exact,4,90f5451e88a5162a396a9cf6c22fb9fc3ef46f0053e53046f7bc8aced0621ffa,u5ec9.svg,
CE-006640,蓮,1/準1級,旧字,https://www.kanjipedia.jp/common/images/kanji/60/skj_8283.png,u84ee-ue0100,ivs_exact,21,5dfd0b6bfa413991e6ec7714b55fd1da24983c1629917349b869dbf579e384eb,u84ee-ue0100.svg,
CE-006640,蓮,1/準1級,旧字,https://www.kanjipedia.jp/common/images/kanji/60/skj_8283.png,u84ee-ue0101,ivs_exact,21,867fcb46f3a4fd5df3224bc51c5fff01f027fdd068b206ea6d8fa822c1de1400,u84ee-ue0101.svg,
CE-006640,蓮,1/準1級,旧字,https://www.kanjipedia.jp/common/images/kanji/60/skj_8283.png,u84ee-ue0102,ivs_exact,12,867fcb46f3a4fd5df3224bc51c5fff01f027fdd068b206ea6d8fa822c1de1400,u84ee-ue0102.svg,
CE-006640,蓮,1/準1級,旧字,https://www.kanjipedia.jp/common/images/kanji/60/skj_8283.png,u84ee-ue0103,ivs_exact,10,6558893673989caebb7e9423f0cf39085bf2c5f0bd6179119c94b0e87c26b532,u84ee-ue0103.svg,
CE-006640,蓮,1/準1級,旧字,https://www.kanjipedia.jp/common/images/kanji/60/skj_8283.png,u84ee-k,collection_id_exact,17,6558893673989caebb7e9423f0cf39085bf2c5f0bd6179119c94b0e87c26b532,u84ee-k.svg,
CE-006640,蓮,1/準1級,旧字,https://www.kanjipedia.jp/common/images/kanji/60/skj_8283.png,u84ee-t,collection_id_exact,3,4e50b8dd409f8f4d89c7b797c92b11205f9ccdb13dfd7e0635dd91afc070bd31,u84ee-t.svg,
CE-006640,蓮,1/準1級,旧字,https://www.kanjipedia.jp/common/images/kanji/60/skj_8283.png,u84ee-j,collection_id_exact,3,867fcb46f3a4fd5df3224bc51c5fff01f027fdd068b206ea6d8fa822c1de1400,u84ee-j.svg,
CE-006640,蓮,1/準1級,旧字,https://www.kanjipedia.jp/common/images/kanji/60/skj_8283.png,u84ee,unicode_exact,21,867fcb46f3a4fd5df3224bc51c5fff01f027fdd068b206ea6d8fa822c1de1400,u84ee.svg,
CE-006702,陋,1級,親字,https://www.kanjipedia.jp/common/images/kanji/180/std_964B.png,u964b-ue0100,ivs_exact,11,034b6fd53cedde46fd27c952bf4c9b918b609639ea3a7c36c50f0c2e267f444b,u964b-ue0100.svg,
CE-006702,陋,1級,親字,https://www.kanjipedia.jp/common/images/kanji/180/std_964B.png,u964b-k,collection_id_exact,9,034b6fd53cedde46fd27c952bf4c9b918b609639ea3a7c36c50f0c2e267f444b,u964b-k.svg,
CE-006702,陋,1級,親字,https://www.kanjipedia.jp/common/images/kanji/180/std_964B.png,u964b-t,collection_id_exact,4,ae56c6aeb8ebd79eba2b8aefa23b59e98fc76d313146575952711c52b78f5345,u964b-t.svg,
CE-006702,陋,1級,親字,https://www.kanjipedia.jp/common/images/kanji/180/std_964B.png,u964b-j,collection_id_exact,2,034b6fd53cedde46fd27c952bf4c9b918b609639ea3a7c36c50f0c2e267f444b,u964b-j.svg,
CE-006702,陋,1級,親字,https://www.kanjipedia.jp/common/images/kanji/180/std_964B.png,u964b,unicode_exact,12,034b6fd53cedde46fd27c952bf4c9b918b609639ea3a7c36c50f0c2e267f444b,u964b.svg,
